participantId,trialId,trialOrder,responseId,status,rejectReason,description,rejectTime,percentComplete,instruction,responsePrompt,answer,correctAnswer,duration,cleanedDuration,parameters_mapType
"02ce6afc-1b09-4129-8384-3c31b2076996","participantTags","null","participantTags","undefined","undefined","undefined","undefined","undefined","undefined","undefined","[]","undefined","undefined","undefined","undefined"
"02ce6afc-1b09-4129-8384-3c31b2076996","introduction","0","","completed","undefined","undefined","undefined","100.00","undefined","undefined","undefined","undefined","19837","19231","undefined"
"02ce6afc-1b09-4129-8384-3c31b2076996","introduction","0","windowEvents","undefined","undefined","undefined","undefined","undefined","undefined","undefined","{""focus"":3,""input"":0,""keydown"":0,""keyup"":0,""mousemove"":6,""mousedown"":0,""mouseup"":0,""resize"":0,""scroll"":0,""visibility"":3}","undefined","undefined","undefined","undefined"
"02ce6afc-1b09-4129-8384-3c31b2076996","trial-hexbin","1","hexbin-response","completed","undefined","undefined","undefined","100.00","Identify which region has a larger population.","How much larger is Region A than Region B?","0","undefined","7231","7231","Hexbin"
"02ce6afc-1b09-4129-8384-3c31b2076996","trial-hexbin","1","groundTruth","completed","undefined","undefined","undefined","100.00","Identify which region has a larger population.","undefined","15","undefined","7231","7231","Hexbin"
"02ce6afc-1b09-4129-8384-3c31b2076996","trial-hexbin","1","windowEvents","undefined","undefined","undefined","undefined","undefined","undefined","undefined","{""focus"":2,""input"":1,""keydown"":1,""keyup"":1,""mousemove"":14,""mousedown"":2,""mouseup"":2,""resize"":0,""scroll"":0,""visibility"":0}","undefined","undefined","undefined","undefined"
"02ce6afc-1b09-4129-8384-3c31b2076996","trial-hexbin","2","hexbin-response","completed","undefined","undefined","undefined","100.00","Identify which region has a larger population.","How much larger is Region A than Region B?","35","undefined","15917","15917","Hexbin"
"02ce6afc-1b09-4129-8384-3c31b2076996","trial-hexbin","2","groundTruth","completed","undefined","undefined","undefined","100.00","Identify which region has a larger population.","undefined","35","undefined","15917","15917","Hexbin"
"02ce6afc-1b09-4129-8384-3c31b2076996","trial-hexbin","2","windowEvents","undefined","undefined","undefined","undefined","undefined","undefined","undefined","{""focus"":2,""input"":1,""keydown"":1,""keyup"":1,""mousemove"":11,""mousedown"":2,""mouseup"":2,""resize"":0,""scroll"":0,""visibility"":0}","undefined","undefined","undefined","undefined"
"02ce6afc-1b09-4129-8384-3c31b2076996","trial-spike","3","spike-response","completed","undefined","undefined","undefined","100.00","Identify which city has a larger population.","How much larger is City A than City B?","50","undefined","12384","12384","Spike"
"02ce6afc-1b09-4129-8384-3c31b2076996","trial-spike","3","groundTruth","completed","undefined","undefined","undefined","100.00","Identify which city has a larger population.","undefined","40","undefined","12384","12384","Spike"
"02ce6afc-1b09-4129-8384-3c31b2076996","trial-spike","3","windowEvents","undefined","undefined","undefined","undefined","undefined","undefined","undefined","{""focus"":3,""input"":4,""keydown"":4,""keyup"":3,""mousemove"":14,""mousedown"":3,""mouseup"":2,""resize"":0,""scroll"":0,""visibility"":0}","undefined","undefined","undefined","undefined"
"02ce6afc-1b09-4129-8384-3c31b2076996","trial-choropleth","4","choropleth-response","completed","undefined","undefined","undefined","100.00","Identify which region has a larger population.","How much larger is State A than State B?","25","undefined","9118","9118","Choropleth"
"02ce6afc-1b09-4129-8384-3c31b2076996","trial-choropleth","4","groundTruth","completed","undefined","undefined","undefined","100.00","Identify which region has a larger population.","undefined","20","undefined","9118","9118","Choropleth"
"02ce6afc-1b09-4129-8384-3c31b2076996","trial-choropleth","4","windowEvents","undefined","undefined","undefined","undefined","undefined","undefined","undefined","{""focus"":2,""input"":2,""keydown"":2,""keyup"":2,""mousemove"":13,""mousedown"":2,""mouseup"":2,""resize"":0,""scroll"":0,""visibility"":0}","undefined","undefined","undefined","undefined"
"02ce6afc-1b09-4129-8384-3c31b2076996","trial-bubble","5","bubble-response","completed","undefined","undefined","undefined","100.00","Identify which city has a larger population.","How much larger is City A than City B?","0","undefined","6502","6502","Bubble"
"02ce6afc-1b09-4129-8384-3c31b2076996","trial-bubble","5","groundTruth","completed","undefined","undefined","undefined","100.00","Identify which city has a larger population.","undefined","10","undefined","6502","6502","Bubble"
"02ce6afc-1b09-4129-8384-3c31b2076996","trial-bubble","5","windowEvents","undefined","undefined","undefined","undefined","undefined","undefined","undefined","{""focus"":2,""input"":1,""keydown"":1,""keyup"":1,""mousemove"":25,""mousedown"":2,""mouseup"":2,""resize"":0,""scroll"":0,""visibility"":0}","undefined","undefined","undefined","undefined"
"02ce6afc-1b09-4129-8384-3c31b2076996","trial-choropleth","6","choropleth-response","completed","undefined","undefined","undefined","100.00","Identify which region has a larger population.","How much larger is State A than State B?","25","undefined","4572","4572","Choropleth"
"02ce6afc-1b09-4129-8384-3c31b2076996","trial-choropleth","6","groundTruth","completed","undefined","undefined","undefined","100.00","Identify which region has a larger population.","undefined","10","undefined","4572","4572","Choropleth"
"02ce6afc-1b09-4129-8384-3c31b2076996","trial-choropleth","6","windowEvents","undefined","undefined","undefined","undefined","undefined","undefined","undefined","{""focus"":2,""input"":2,""keydown"":2,""keyup"":2,""mousemove"":20,""mousedown"":2,""mouseup"":2,""resize"":0,""scroll"":0,""visibility"":0}","undefined","undefined","undefined","undefined"
"02ce6afc-1b09-4129-8384-3c31b2076996","trial-choropleth","7","choropleth-response","completed","undefined","undefined","undefined","100.00","Identify which region has a larger population.","How much larger is State A than State B?","0","undefined","2651","2651","Choropleth"
"02ce6afc-1b09-4129-8384-3c31b2076996","trial-choropleth","7","groundTruth","completed","undefined","undefined","undefined","100.00","Identify which region has a larger population.","undefined","0","undefined","2651","2651","Choropleth"
"02ce6afc-1b09-4129-8384-3c31b2076996","trial-choropleth","7","windowEvents","undefined","undefined","undefined","undefined","undefined","undefined","undefined","{""focus"":2,""input"":1,""keydown"":1,""keyup"":1,""mousemove"":12,""mousedown"":2,""mouseup"":2,""resize"":0,""scroll"":0,""visibility"":0}","undefined","undefined","undefined","undefined"
"02ce6afc-1b09-4129-8384-3c31b2076996","trial-bubble","8","bubble-response","completed","undefined","undefined","undefined","100.00","Identify which city has a larger population.","How much larger is City A than City B?","20","undefined","3485","3485","Bubble"
"02ce6afc-1b09-4129-8384-3c31b2076996","trial-bubble","8","groundTruth","completed","undefined","undefined","undefined","100.00","Identify which city has a larger population.","undefined","25","undefined","3485","3485","Bubble"
"02ce6afc-1b09-4129-8384-3c31b2076996","trial-bubble","8","windowEvents","undefined","undefined","undefined","undefined","undefined","undefined","undefined","{""focus"":1,""input"":1,""keydown"":1,""keyup"":1,""mousemove"":14,""mousedown"":1,""mouseup"":2,""resize"":0,""scroll"":0,""visibility"":0}","undefined","undefined","undefined","undefined"
"02ce6afc-1b09-4129-8384-3c31b2076996","trial-hexbin","9","hexbin-response","completed","undefined","undefined","undefined","100.00","Identify which region has a larger population.","How much larger is Region A than Region B?","30","undefined","7723","7723","Hexbin"
"02ce6afc-1b09-4129-8384-3c31b2076996","trial-hexbin","9","groundTruth","completed","undefined","undefined","undefined","100.00","Identify which region has a larger population.","undefined","25","undefined","7723","7723","Hexbin"
"02ce6afc-1b09-4129-8384-3c31b2076996","trial-hexbin","9","windowEvents","undefined","undefined","undefined","undefined","undefined","undefined","undefined","{""focus"":2,""input"":1,""keydown"":1,""keyup"":1,""mousemove"":29,""mousedown"":2,""mouseup"":2,""resize"":0,""scroll"":0,""visibility"":0}","undefined","undefined","undefined","undefined"
"02ce6afc-1b09-4129-8384-3c31b2076996","trial-choropleth","10","choropleth-response","completed","undefined","undefined","undefined","100.00","Identify which region has a larger population.","How much larger is State A than State B?","50","undefined","5602","5602","Choropleth"
"02ce6afc-1b09-4129-8384-3c31b2076996","trial-choropleth","10","groundTruth","completed","undefined","undefined","undefined","100.00","Identify which region has a larger population.","undefined","55","undefined","5602","5602","Choropleth"
"02ce6afc-1b09-4129-8384-3c31b2076996","trial-choropleth","10","windowEvents","undefined","undefined","undefined","undefined","undefined","undefined","undefined","{""focus"":3,""input"":1,""keydown"":1,""keyup"":2,""mousemove"":16,""mousedown"":4,""mouseup"":3,""resize"":0,""scroll"":0,""visibility"":0}","undefined","undefined","undefined","undefined"
"02ce6afc-1b09-4129-8384-3c31b2076996","trial-bubble","11","bubble-response","completed","undefined","undefined","undefined","100.00","Identify which city has a larger population.","How much larger is City A than City B?","50","undefined","3421","3421","Bubble"
"02ce6afc-1b09-4129-8384-3c31b2076996","trial-bubble","11","groundTruth","completed","undefined","undefined","undefined","100.00","Identify which city has a larger population.","undefined","100","undefined","3421","3421","Bubble"
"02ce6afc-1b09-4129-8384-3c31b2076996","trial-bubble","11","windowEvents","undefined","undefined","undefined","undefined","undefined","undefined","undefined","{""focus"":1,""input"":1,""keydown"":2,""keyup"":2,""mousemove"":14,""mousedown"":1,""mouseup"":2,""resize"":0,""scroll"":0,""visibility"":0}","undefined","undefined","undefined","undefined"
"02ce6afc-1b09-4129-8384-3c31b2076996","trial-choropleth","12","choropleth-response","completed","undefined","undefined","undefined","100.00","Identify which region has a larger population.","How much larger is State A than State B?","25","undefined","3939","3939","Choropleth"
"02ce6afc-1b09-4129-8384-3c31b2076996","trial-choropleth","12","groundTruth","completed","undefined","undefined","undefined","100.00","Identify which region has a larger population.","undefined","15","undefined","3939","3939","Choropleth"
"02ce6afc-1b09-4129-8384-3c31b2076996","trial-choropleth","12","windowEvents","undefined","undefined","undefined","undefined","undefined","undefined","undefined","{""focus"":2,""input"":2,""keydown"":2,""keyup"":2,""mousemove"":17,""mousedown"":3,""mouseup"":3,""resize"":0,""scroll"":0,""visibility"":0}","undefined","undefined","undefined","undefined"
"02ce6afc-1b09-4129-8384-3c31b2076996","trial-hexbin","13","hexbin-response","completed","undefined","undefined","undefined","100.00","Identify which region has a larger population.","How much larger is Region A than Region B?","25","undefined","5039","5039","Hexbin"
"02ce6afc-1b09-4129-8384-3c31b2076996","trial-hexbin","13","groundTruth","completed","undefined","undefined","undefined","100.00","Identify which region has a larger population.","undefined","25","undefined","5039","5039","Hexbin"
"02ce6afc-1b09-4129-8384-3c31b2076996","trial-hexbin","13","windowEvents","undefined","undefined","undefined","undefined","undefined","undefined","undefined","{""focus"":3,""input"":2,""keydown"":2,""keyup"":2,""mousemove"":30,""mousedown"":3,""mouseup"":2,""resize"":0,""scroll"":0,""visibility"":0}","undefined","undefined","undefined","undefined"
"02ce6afc-1b09-4129-8384-3c31b2076996","trial-hexbin","14","hexbin-response","completed","undefined","undefined","undefined","100.00","Identify which region has a larger population.","How much larger is Region A than Region B?","30","undefined","7918","7918","Hexbin"
"02ce6afc-1b09-4129-8384-3c31b2076996","trial-hexbin","14","groundTruth","completed","undefined","undefined","undefined","100.00","Identify which region has a larger population.","undefined","50","undefined","7918","7918","Hexbin"
"02ce6afc-1b09-4129-8384-3c31b2076996","trial-hexbin","14","windowEvents","undefined","undefined","undefined","undefined","undefined","undefined","undefined","{""focus"":1,""input"":1,""keydown"":1,""keyup"":1,""mousemove"":17,""mousedown"":1,""mouseup"":2,""resize"":0,""scroll"":0,""visibility"":0}","undefined","undefined","undefined","undefined"
"02ce6afc-1b09-4129-8384-3c31b2076996","trial-spike","15","spike-response","completed","undefined","undefined","undefined","100.00","Identify which city has a larger population.","How much larger is City A than City B?","25","undefined","3724","3724","Spike"
"02ce6afc-1b09-4129-8384-3c31b2076996","trial-spike","15","groundTruth","completed","undefined","undefined","undefined","100.00","Identify which city has a larger population.","undefined","30","undefined","3724","3724","Spike"
"02ce6afc-1b09-4129-8384-3c31b2076996","trial-spike","15","windowEvents","undefined","undefined","undefined","undefined","undefined","undefined","undefined","{""focus"":2,""input"":2,""keydown"":2,""keyup"":2,""mousemove"":13,""mousedown"":2,""mouseup"":2,""resize"":0,""scroll"":0,""visibility"":0}","undefined","undefined","undefined","undefined"
"02ce6afc-1b09-4129-8384-3c31b2076996","trial-bubble","16","bubble-response","completed","undefined","undefined","undefined","100.00","Identify which city has a larger population.","How much larger is City A than City B?","0","undefined","6218","6218","Bubble"
"02ce6afc-1b09-4129-8384-3c31b2076996","trial-bubble","16","groundTruth","completed","undefined","undefined","undefined","100.00","Identify which city has a larger population.","undefined","40","undefined","6218","6218","Bubble"
"02ce6afc-1b09-4129-8384-3c31b2076996","trial-bubble","16","windowEvents","undefined","undefined","undefined","undefined","undefined","undefined","undefined","{""focus"":3,""input"":1,""keydown"":1,""keyup"":1,""mousemove"":15,""mousedown"":4,""mouseup"":3,""resize"":0,""scroll"":0,""visibility"":0}","undefined","undefined","undefined","undefined"
"02ce6afc-1b09-4129-8384-3c31b2076996","trial-spike","17","spike-response","completed","undefined","undefined","undefined","100.00","Identify which city has a larger population.","How much larger is City A than City B?","20","undefined","3208","3208","Spike"
"02ce6afc-1b09-4129-8384-3c31b2076996","trial-spike","17","groundTruth","completed","undefined","undefined","undefined","100.00","Identify which city has a larger population.","undefined","25","undefined","3208","3208","Spike"
"02ce6afc-1b09-4129-8384-3c31b2076996","trial-spike","17","windowEvents","undefined","undefined","undefined","undefined","undefined","undefined","undefined","{""focus"":2,""input"":2,""keydown"":2,""keyup"":2,""mousemove"":11,""mousedown"":2,""mouseup"":2,""resize"":0,""scroll"":0,""visibility"":0}","undefined","undefined","undefined","undefined"
"02ce6afc-1b09-4129-8384-3c31b2076996","trial-bubble","18","bubble-response","completed","undefined","undefined","undefined","100.00","Identify which city has a larger population.","How much larger is City A than City B?","10","undefined","2841","2841","Bubble"
"02ce6afc-1b09-4129-8384-3c31b2076996","trial-bubble","18","groundTruth","completed","undefined","undefined","undefined","100.00","Identify which city has a larger population.","undefined","15","undefined","2841","2841","Bubble"
"02ce6afc-1b09-4129-8384-3c31b2076996","trial-bubble","18","windowEvents","undefined","undefined","undefined","undefined","undefined","undefined","undefined","{""focus"":1,""input"":1,""keydown"":1,""keyup"":1,""mousemove"":10,""mousedown"":1,""mouseup"":2,""resize"":0,""scroll"":0,""visibility"":0}","undefined","undefined","undefined","undefined"
"02ce6afc-1b09-4129-8384-3c31b2076996","trial-spike","19","spike-response","completed","undefined","undefined","undefined","100.00","Identify which city has a larger population.","How much larger is City A than City B?","40","undefined","3822","3822","Spike"
"02ce6afc-1b09-4129-8384-3c31b2076996","trial-spike","19","groundTruth","completed","undefined","undefined","undefined","100.00","Identify which city has a larger population.","undefined","40","undefined","3822","3822","Spike"
"02ce6afc-1b09-4129-8384-3c31b2076996","trial-spike","19","windowEvents","undefined","undefined","undefined","undefined","undefined","undefined","undefined","{""focus"":2,""input"":1,""keydown"":1,""keyup"":1,""mousemove"":14,""mousedown"":2,""mouseup"":2,""resize"":0,""scroll"":0,""visibility"":0}","undefined","undefined","undefined","undefined"
"02ce6afc-1b09-4129-8384-3c31b2076996","trial-spike","20","spike-response","completed","undefined","undefined","undefined","100.00","Identify which city has a larger population.","How much larger is City A than City B?","50","undefined","3389","3389","Spike"
"02ce6afc-1b09-4129-8384-3c31b2076996","trial-spike","20","groundTruth","completed","undefined","undefined","undefined","100.00","Identify which city has a larger population.","undefined","50","undefined","3389","3389","Spike"
"02ce6afc-1b09-4129-8384-3c31b2076996","trial-spike","20","windowEvents","undefined","undefined","undefined","undefined","undefined","undefined","undefined","{""focus"":2,""input"":1,""keydown"":1,""keyup"":1,""mousemove"":12,""mousedown"":2,""mouseup"":2,""resize"":0,""scroll"":0,""visibility"":0}","undefined","undefined","undefined","undefined"
"074093d5-6f1c-4505-8c87-66c75dd9f5e5","participantTags","null","participantTags","undefined","undefined","undefined","undefined","undefined","undefined","undefined","[]","undefined","undefined","undefined","undefined"
"074093d5-6f1c-4505-8c87-66c75dd9f5e5","introduction","0","","completed","undefined","undefined","undefined","100.00","undefined","undefined","undefined","undefined","159169","159169","undefined"
"074093d5-6f1c-4505-8c87-66c75dd9f5e5","introduction","0","windowEvents","undefined","undefined","undefined","undefined","undefined","undefined","undefined","{""focus"":0,""input"":0,""keydown"":0,""keyup"":0,""mousemove"":8,""mousedown"":0,""mouseup"":0,""resize"":0,""scroll"":0,""visibility"":0}","undefined","undefined","undefined","undefined"
"074093d5-6f1c-4505-8c87-66c75dd9f5e5","trial-bubble","1","bubble-response","completed","undefined","undefined","undefined","100.00","Identify which city has a larger population.","How much larger is City A than City B?","15","undefined","27393","27393","Bubble"
"074093d5-6f1c-4505-8c87-66c75dd9f5e5","trial-bubble","1","groundTruth","completed","undefined","undefined","undefined","100.00","Identify which city has a larger population.","undefined","25","undefined","27393","27393","Bubble"
"074093d5-6f1c-4505-8c87-66c75dd9f5e5","trial-bubble","1","windowEvents","undefined","undefined","undefined","undefined","undefined","undefined","undefined","{""focus"":2,""input"":2,""keydown"":2,""keyup"":2,""mousemove"":30,""mousedown"":2,""mouseup"":2,""resize"":0,""scroll"":0,""visibility"":0}","undefined","undefined","undefined","undefined"
"074093d5-6f1c-4505-8c87-66c75dd9f5e5","trial-choropleth","2","choropleth-response","completed","undefined","undefined","undefined","100.00","Identify which region has a larger population.","How much larger is State A than State B?","35","undefined","38667","38667","Choropleth"
"074093d5-6f1c-4505-8c87-66c75dd9f5e5","trial-choropleth","2","groundTruth","completed","undefined","undefined","undefined","100.00","Identify which region has a larger population.","undefined","50","undefined","38667","38667","Choropleth"
"074093d5-6f1c-4505-8c87-66c75dd9f5e5","trial-choropleth","2","windowEvents","undefined","undefined","undefined","undefined","undefined","undefined","undefined","{""focus"":2,""input"":4,""keydown"":4,""keyup"":4,""mousemove"":12,""mousedown"":2,""mouseup"":2,""resize"":0,""scroll"":0,""visibility"":0}","undefined","undefined","undefined","undefined"
"074093d5-6f1c-4505-8c87-66c75dd9f5e5","trial-spike","3","spike-response","completed","undefined","undefined","undefined","100.00","Identify which city has a larger population.","How much larger is City A than City B?","40","undefined","12027","12027","Spike"
"074093d5-6f1c-4505-8c87-66c75dd9f5e5","trial-spike","3","groundTruth","completed","undefined","undefined","undefined","100.00","Identify which city has a larger population.","undefined","40","undefined","12027","12027","Spike"
"074093d5-6f1c-4505-8c87-66c75dd9f5e5","trial-spike","3","windowEvents","undefined","undefined","undefined","undefined","undefined","undefined","undefined","{""focus"":2,""input"":1,""keydown"":2,""keyup"":1,""mousemove"":18,""mousedown"":2,""mouseup"":2,""resize"":0,""scroll"":0,""visibility"":0}","undefined","undefined","undefined","undefined"
"074093d5-6f1c-4505-8c87-66c75dd9f5e5","trial-choropleth","4","choropleth-response","completed","undefined","undefined","undefined","100.00","Identify which region has a larger population.","How much larger is State A than State B?","10","undefined","11715","11715","Choropleth"
"074093d5-6f1c-4505-8c87-66c75dd9f5e5","trial-choropleth","4","groundTruth","completed","undefined","undefined","undefined","100.00","Identify which region has a larger population.","undefined","25","undefined","11715","11715","Choropleth"
"074093d5-6f1c-4505-8c87-66c75dd9f5e5","trial-choropleth","4","windowEvents","undefined","undefined","undefined","undefined","undefined","undefined","undefined","{""focus"":2,""input"":2,""keydown"":2,""keyup"":1,""mousemove"":10,""mousedown"":2,""mouseup"":2,""resize"":0,""scroll"":0,""visibility"":0}","undefined","undefined","undefined","undefined"
"074093d5-6f1c-4505-8c87-66c75dd9f5e5","trial-spike","5","spike-response","completed","undefined","undefined","undefined","100.00","Identify which city has a larger population.","How much larger is City A than City B?","5","undefined","7673","7673","Spike"
"074093d5-6f1c-4505-8c87-66c75dd9f5e5","trial-spike","5","groundTruth","completed","undefined","undefined","undefined","100.00","Identify which city has a larger population.","undefined","10","undefined","7673","7673","Spike"
"074093d5-6f1c-4505-8c87-66c75dd9f5e5","trial-spike","5","windowEvents","undefined","undefined","undefined","undefined","undefined","undefined","undefined","{""focus"":2,""input"":3,""keydown"":3,""keyup"":3,""mousemove"":21,""mousedown"":2,""mouseup"":2,""resize"":0,""scroll"":0,""visibility"":0}","undefined","undefined","undefined","undefined"
"074093d5-6f1c-4505-8c87-66c75dd9f5e5","trial-hexbin","6","hexbin-response","completed","undefined","undefined","undefined","100.00","Identify which region has a larger population.","How much larger is Region A than Region B?","40","undefined","54690","54690","Hexbin"
"074093d5-6f1c-4505-8c87-66c75dd9f5e5","trial-hexbin","6","groundTruth","completed","undefined","undefined","undefined","100.00","Identify which region has a larger population.","undefined","40","undefined","54690","54690","Hexbin"
"074093d5-6f1c-4505-8c87-66c75dd9f5e5","trial-hexbin","6","windowEvents","undefined","undefined","undefined","undefined","undefined","undefined","undefined","{""focus"":2,""input"":2,""keydown"":2,""keyup"":2,""mousemove"":16,""mousedown"":2,""mouseup"":2,""resize"":0,""scroll"":0,""visibility"":0}","undefined","undefined","undefined","undefined"
"074093d5-6f1c-4505-8c87-66c75dd9f5e5","trial-choropleth","7","choropleth-response","completed","undefined","undefined","undefined","100.00","Identify which region has a larger population.","How much larger is State A than State B?","80","undefined","10917","10917","Choropleth"
"074093d5-6f1c-4505-8c87-66c75dd9f5e5","trial-choropleth","7","groundTruth","completed","undefined","undefined","undefined","100.00","Identify which region has a larger population.","undefined","60","undefined","10917","10917","Choropleth"
"074093d5-6f1c-4505-8c87-66c75dd9f5e5","trial-choropleth","7","windowEvents","undefined","undefined","undefined","undefined","undefined","undefined","undefined","{""focus"":2,""input"":2,""keydown"":2,""keyup"":2,""mousemove"":14,""mousedown"":2,""mouseup"":2,""resize"":0,""scroll"":0,""visibility"":0}","undefined","undefined","undefined","undefined"
"074093d5-6f1c-4505-8c87-66c75dd9f5e5","trial-bubble","8","bubble-response","completed","undefined","undefined","undefined","100.00","Identify which city has a larger population.","How much larger is City A than City B?","20","undefined","11380","11380","Bubble"
"074093d5-6f1c-4505-8c87-66c75dd9f5e5","trial-bubble","8","groundTruth","completed","undefined","undefined","undefined","100.00","Identify which city has a larger population.","undefined","45","undefined","11380","11380","Bubble"
"074093d5-6f1c-4505-8c87-66c75dd9f5e5","trial-bubble","8","windowEvents","undefined","undefined","undefined","undefined","undefined","undefined","undefined","{""focus"":2,""input"":5,""keydown"":5,""keyup"":5,""mousemove"":11,""mousedown"":2,""mouseup"":2,""resize"":0,""scroll"":0,""visibility"":0}","undefined","undefined","undefined","undefined"
"074093d5-6f1c-4505-8c87-66c75dd9f5e5","trial-hexbin","9","hexbin-response","completed","undefined","undefined","undefined","100.00","Identify which region has a larger population.","How much larger is Region A than Region B?","0","undefined","6715","6715","Hexbin"
"074093d5-6f1c-4505-8c87-66c75dd9f5e5","trial-hexbin","9","groundTruth","completed","undefined","undefined","undefined","100.00","Identify which region has a larger population.","undefined","5","undefined","6715","6715","Hexbin"
"074093d5-6f1c-4505-8c87-66c75dd9f5e5","trial-hexbin","9","windowEvents","undefined","undefined","undefined","undefined","undefined","undefined","undefined","{""focus"":2,""input"":1,""keydown"":1,""keyup"":1,""mousemove"":14,""mousedown"":2,""mouseup"":2,""resize"":0,""scroll"":0,""visibility"":0}","undefined","undefined","undefined","undefined"
"074093d5-6f1c-4505-8c87-66c75dd9f5e5","trial-bubble","10","bubble-response","completed","undefined","undefined","undefined","100.00","Identify which city has a larger population.","How much larger is City A than City B?","10","undefined","6077","6077","Bubble"
"074093d5-6f1c-4505-8c87-66c75dd9f5e5","trial-bubble","10","groundTruth","completed","undefined","undefined","undefined","100.00","Identify which city has a larger population.","undefined","10","undefined","6077","6077","Bubble"
"074093d5-6f1c-4505-8c87-66c75dd9f5e5","trial-bubble","10","windowEvents","undefined","undefined","undefined","undefined","undefined","undefined","undefined","{""focus"":2,""input"":1,""keydown"":1,""keyup"":1,""mousemove"":16,""mousedown"":2,""mouseup"":2,""resize"":0,""scroll"":0,""visibility"":0}","undefined","undefined","undefined","undefined"
"074093d5-6f1c-4505-8c87-66c75dd9f5e5","trial-hexbin","11","hexbin-response","completed","undefined","undefined","undefined","100.00","Identify which region has a larger population.","How much larger is Region A than Region B?","15","undefined","7013","7013","Hexbin"
"074093d5-6f1c-4505-8c87-66c75dd9f5e5","trial-hexbin","11","groundTruth","completed","undefined","undefined","undefined","100.00","Identify which region has a larger population.","undefined","10","undefined","7013","7013","Hexbin"
"074093d5-6f1c-4505-8c87-66c75dd9f5e5","trial-hexbin","11","windowEvents","undefined","undefined","undefined","undefined","undefined","undefined","undefined","{""focus"":2,""input"":2,""keydown"":2,""keyup"":2,""mousemove"":9,""mousedown"":2,""mouseup"":2,""resize"":0,""scroll"":0,""visibility"":0}","undefined","undefined","undefined","undefined"
"074093d5-6f1c-4505-8c87-66c75dd9f5e5","trial-hexbin","12","hexbin-response","completed","undefined","undefined","undefined","100.00","Identify which region has a larger population.","How much larger is Region A than Region B?","30","undefined","9594","9594","Hexbin"
"074093d5-6f1c-4505-8c87-66c75dd9f5e5","trial-hexbin","12","groundTruth","completed","undefined","undefined","undefined","100.00","Identify which region has a larger population.","undefined","40","undefined","9594","9594","Hexbin"
"074093d5-6f1c-4505-8c87-66c75dd9f5e5","trial-hexbin","12","windowEvents","undefined","undefined","undefined","undefined","undefined","undefined","undefined","{""focus"":2,""input"":1,""keydown"":1,""keyup"":1,""mousemove"":9,""mousedown"":2,""mouseup"":2,""resize"":0,""scroll"":0,""visibility"":0}","undefined","undefined","undefined","undefined"
"074093d5-6f1c-4505-8c87-66c75dd9f5e5","trial-choropleth","13","choropleth-response","completed","undefined","undefined","undefined","100.00","Identify which region has a larger population.","How much larger is State A than State B?","65","undefined","17424","17424","Choropleth"
"074093d5-6f1c-4505-8c87-66c75dd9f5e5","trial-choropleth","13","groundTruth","completed","undefined","undefined","undefined","100.00","Identify which region has a larger population.","undefined","60","undefined","17424","17424","Choropleth"
"074093d5-6f1c-4505-8c87-66c75dd9f5e5","trial-choropleth","13","windowEvents","undefined","undefined","undefined","undefined","undefined","undefined","undefined","{""focus"":2,""input"":2,""keydown"":2,""keyup"":2,""mousemove"":11,""mousedown"":3,""mouseup"":3,""resize"":0,""scroll"":0,""visibility"":0}","undefined","undefined","undefined","undefined"
"074093d5-6f1c-4505-8c87-66c75dd9f5e5","trial-hexbin","14","hexbin-response","completed","undefined","undefined","undefined","100.00","Identify which region has a larger population.","How much larger is Region A than Region B?","20","undefined","10508","10508","Hexbin"
"074093d5-6f1c-4505-8c87-66c75dd9f5e5","trial-hexbin","14","groundTruth","completed","undefined","undefined","undefined","100.00","Identify which region has a larger population.","undefined","15","undefined","10508","10508","Hexbin"
"074093d5-6f1c-4505-8c87-66c75dd9f5e5","trial-hexbin","14","windowEvents","undefined","undefined","undefined","undefined","undefined","undefined","undefined","{""focus"":3,""input"":2,""keydown"":3,""keyup"":4,""mousemove"":26,""mousedown"":3,""mouseup"":3,""resize"":0,""scroll"":0,""visibility"":0}","undefined","undefined","undefined","undefined"
"074093d5-6f1c-4505-8c87-66c75dd9f5e5","trial-spike","15","spike-response","completed","undefined","undefined","undefined","100.00","Identify which city has a larger population.","How much larger is City A than City B?","40","undefined","6598","6598","Spike"
"074093d5-6f1c-4505-8c87-66c75dd9f5e5","trial-spike","15","groundTruth","completed","undefined","undefined","undefined","100.00","Identify which city has a larger population.","undefined","50","undefined","6598","6598","Spike"
"074093d5-6f1c-4505-8c87-66c75dd9f5e5","trial-spike","15","windowEvents","undefined","undefined","undefined","undefined","undefined","undefined","undefined","{""focus"":1,""input"":4,""keydown"":5,""keyup"":4,""mousemove"":13,""mousedown"":2,""mouseup"":2,""resize"":0,""scroll"":0,""visibility"":0}","undefined","undefined","undefined","undefined"
"074093d5-6f1c-4505-8c87-66c75dd9f5e5","trial-choropleth","16","choropleth-response","completed","undefined","undefined","undefined","100.00","Identify which region has a larger population.","How much larger is State A than State B?","65","undefined","7850","7850","Choropleth"
"074093d5-6f1c-4505-8c87-66c75dd9f5e5","trial-choropleth","16","groundTruth","completed","undefined","undefined","undefined","100.00","Identify which region has a larger population.","undefined","65","undefined","7850","7850","Choropleth"
"074093d5-6f1c-4505-8c87-66c75dd9f5e5","trial-choropleth","16","windowEvents","undefined","undefined","undefined","undefined","undefined","undefined","undefined","{""focus"":2,""input"":4,""keydown"":4,""keyup"":4,""mousemove"":13,""mousedown"":2,""mouseup"":2,""resize"":0,""scroll"":0,""visibility"":0}","undefined","undefined","undefined","undefined"
"074093d5-6f1c-4505-8c87-66c75dd9f5e5","trial-spike","17","spike-response","completed","undefined","undefined","undefined","100.00","Identify which city has a larger population.","How much larger is City A than City B?","150","undefined","10058","10058","Spike"
"074093d5-6f1c-4505-8c87-66c75dd9f5e5","trial-spike","17","groundTruth","completed","undefined","undefined","undefined","100.00","Identify which city has a larger population.","undefined","90","undefined","10058","10058","Spike"
"074093d5-6f1c-4505-8c87-66c75dd9f5e5","trial-spike","17","windowEvents","undefined","undefined","undefined","undefined","undefined","undefined","undefined","{""focus"":2,""input"":2,""keydown"":2,""keyup"":2,""mousemove"":8,""mousedown"":2,""mouseup"":2,""resize"":0,""scroll"":0,""visibility"":0}","undefined","undefined","undefined","undefined"
"074093d5-6f1c-4505-8c87-66c75dd9f5e5","trial-spike","18","spike-response","completed","undefined","undefined","undefined","100.00","Identify which city has a larger population.","How much larger is City A than City B?","15","undefined","4349","4349","Spike"
"074093d5-6f1c-4505-8c87-66c75dd9f5e5","trial-spike","18","groundTruth","completed","undefined","undefined","undefined","100.00","Identify which city has a larger population.","undefined","15","undefined","4349","4349","Spike"
"074093d5-6f1c-4505-8c87-66c75dd9f5e5","trial-spike","18","windowEvents","undefined","undefined","undefined","undefined","undefined","undefined","undefined","{""focus"":2,""input"":4,""keydown"":4,""keyup"":3,""mousemove"":11,""mousedown"":2,""mouseup"":2,""resize"":0,""scroll"":0,""visibility"":0}","undefined","undefined","undefined","undefined"
"074093d5-6f1c-4505-8c87-66c75dd9f5e5","trial-bubble","19","bubble-response","completed","undefined","undefined","undefined","100.00","Identify which city has a larger population.","How much larger is City A than City B?","0","undefined","3776","3776","Bubble"
"074093d5-6f1c-4505-8c87-66c75dd9f5e5","trial-bubble","19","groundTruth","completed","undefined","undefined","undefined","100.00","Identify which city has a larger population.","undefined","0","undefined","3776","3776","Bubble"
"074093d5-6f1c-4505-8c87-66c75dd9f5e5","trial-bubble","19","windowEvents","undefined","undefined","undefined","undefined","undefined","undefined","undefined","{""focus"":2,""input"":1,""keydown"":1,""keyup"":1,""mousemove"":11,""mousedown"":2,""mouseup"":2,""resize"":0,""scroll"":0,""visibility"":0}","undefined","undefined","undefined","undefined"
"074093d5-6f1c-4505-8c87-66c75dd9f5e5","trial-bubble","20","bubble-response","completed","undefined","undefined","undefined","100.00","Identify which city has a larger population.","How much larger is City A than City B?","20","undefined","5209","5209","Bubble"
"074093d5-6f1c-4505-8c87-66c75dd9f5e5","trial-bubble","20","groundTruth","completed","undefined","undefined","undefined","100.00","Identify which city has a larger population.","undefined","25","undefined","5209","5209","Bubble"
"074093d5-6f1c-4505-8c87-66c75dd9f5e5","trial-bubble","20","windowEvents","undefined","undefined","undefined","undefined","undefined","undefined","undefined","{""focus"":2,""input"":2,""keydown"":2,""keyup"":2,""mousemove"":12,""mousedown"":2,""mouseup"":2,""resize"":0,""scroll"":0,""visibility"":0}","undefined","undefined","undefined","undefined"
"089a251f-b052-4090-8731-f41311306939","participantTags","null","participantTags","undefined","undefined","undefined","undefined","undefined","undefined","undefined","[]","undefined","undefined","undefined","undefined"
"089a251f-b052-4090-8731-f41311306939","introduction","0","","completed","undefined","undefined","undefined","100.00","undefined","undefined","undefined","undefined","16042","16042","undefined"
"089a251f-b052-4090-8731-f41311306939","introduction","0","windowEvents","undefined","undefined","undefined","undefined","undefined","undefined","undefined","{""focus"":2,""input"":0,""keydown"":0,""keyup"":0,""mousemove"":18,""mousedown"":1,""mouseup"":0,""resize"":0,""scroll"":0,""visibility"":0}","undefined","undefined","undefined","undefined"
"089a251f-b052-4090-8731-f41311306939","trial-hexbin","1","hexbin-response","completed","undefined","undefined","undefined","100.00","Identify which region has a larger population.","How much larger is Region A than Region B?","40","undefined","17926","17926","Hexbin"
"089a251f-b052-4090-8731-f41311306939","trial-hexbin","1","groundTruth","completed","undefined","undefined","undefined","100.00","Identify which region has a larger population.","undefined","25","undefined","17926","17926","Hexbin"
"089a251f-b052-4090-8731-f41311306939","trial-hexbin","1","windowEvents","undefined","undefined","undefined","undefined","undefined","undefined","undefined","{""focus"":2,""input"":1,""keydown"":1,""keyup"":1,""mousemove"":10,""mousedown"":2,""mouseup"":2,""resize"":0,""scroll"":0,""visibility"":0}","undefined","undefined","undefined","undefined"
"089a251f-b052-4090-8731-f41311306939","trial-hexbin","2","hexbin-response","completed","undefined","undefined","undefined","100.00","Identify which region has a larger population.","How much larger is Region A than Region B?","5","undefined","22317","22317","Hexbin"
"089a251f-b052-4090-8731-f41311306939","trial-hexbin","2","groundTruth","completed","undefined","undefined","undefined","100.00","Identify which region has a larger population.","undefined","10","undefined","22317","22317","Hexbin"
"089a251f-b052-4090-8731-f41311306939","trial-hexbin","2","windowEvents","undefined","undefined","undefined","undefined","undefined","undefined","undefined","{""focus"":2,""input"":1,""keydown"":4,""keyup"":4,""mousemove"":14,""mousedown"":2,""mouseup"":3,""resize"":2,""scroll"":0,""visibility"":0}","undefined","undefined","undefined","undefined"
"089a251f-b052-4090-8731-f41311306939","trial-bubble","3","bubble-response","completed","undefined","undefined","undefined","100.00","Identify which city has a larger population.","How much larger is City A than City B?","70","undefined","13168","13168","Bubble"
"089a251f-b052-4090-8731-f41311306939","trial-bubble","3","groundTruth","completed","undefined","undefined","undefined","100.00","Identify which city has a larger population.","undefined","65","undefined","13168","13168","Bubble"
"089a251f-b052-4090-8731-f41311306939","trial-bubble","3","windowEvents","undefined","undefined","undefined","undefined","undefined","undefined","undefined","{""focus"":2,""input"":1,""keydown"":1,""keyup"":1,""mousemove"":13,""mousedown"":2,""mouseup"":2,""resize"":0,""scroll"":0,""visibility"":0}","undefined","undefined","undefined","undefined"
"089a251f-b052-4090-8731-f41311306939","trial-bubble","4","bubble-response","completed","undefined","undefined","undefined","100.00","Identify which city has a larger population.","How much larger is City A than City B?","20","undefined","10946","10946","Bubble"
"089a251f-b052-4090-8731-f41311306939","trial-bubble","4","groundTruth","completed","undefined","undefined","undefined","100.00","Identify which city has a larger population.","undefined","20","undefined","10946","10946","Bubble"
"089a251f-b052-4090-8731-f41311306939","trial-bubble","4","windowEvents","undefined","undefined","undefined","undefined","undefined","undefined","undefined","{""focus"":2,""input"":4,""keydown"":4,""keyup"":4,""mousemove"":9,""mousedown"":2,""mouseup"":2,""resize"":0,""scroll"":0,""visibility"":0}","undefined","undefined","undefined","undefined"
"089a251f-b052-4090-8731-f41311306939","trial-hexbin","5","hexbin-response","completed","undefined","undefined","undefined","100.00","Identify which region has a larger population.","How much larger is Region A than Region B?","40","undefined","15300","15300","Hexbin"
"089a251f-b052-4090-8731-f41311306939","trial-hexbin","5","groundTruth","completed","undefined","undefined","undefined","100.00","Identify which region has a larger population.","undefined","50","undefined","15300","15300","Hexbin"
"089a251f-b052-4090-8731-f41311306939","trial-hexbin","5","windowEvents","undefined","undefined","undefined","undefined","undefined","undefined","undefined","{""focus"":3,""input"":1,""keydown"":1,""keyup"":1,""mousemove"":15,""mousedown"":3,""mouseup"":2,""resize"":0,""scroll"":0,""visibility"":0}","undefined","undefined","undefined","undefined"
"089a251f-b052-4090-8731-f41311306939","trial-choropleth","6","choropleth-response","completed","undefined","undefined","undefined","100.00","Identify which region has a larger population.","How much larger is State A than State B?","20","undefined","10331","10331","Choropleth"
"089a251f-b052-4090-8731-f41311306939","trial-choropleth","6","groundTruth","completed","undefined","undefined","undefined","100.00","Identify which region has a larger population.","undefined","15","undefined","10331","10331","Choropleth"
"089a251f-b052-4090-8731-f41311306939","trial-choropleth","6","windowEvents","undefined","undefined","undefined","undefined","undefined","undefined","undefined","{""focus"":1,""input"":5,""keydown"":5,""keyup"":4,""mousemove"":14,""mousedown"":1,""mouseup"":2,""resize"":0,""scroll"":0,""visibility"":0}","undefined","undefined","undefined","undefined"
"089a251f-b052-4090-8731-f41311306939","trial-choropleth","7","choropleth-response","completed","undefined","undefined","undefined","100.00","Identify which region has a larger population.","How much larger is State A than State B?","65","undefined","14002","14002","Choropleth"
"089a251f-b052-4090-8731-f41311306939","trial-choropleth","7","groundTruth","completed","undefined","undefined","undefined","100.00","Identify which region has a larger population.","undefined","60","undefined","14002","14002","Choropleth"
"089a251f-b052-4090-8731-f41311306939","trial-choropleth","7","windowEvents","undefined","undefined","undefined","undefined","undefined","undefined","undefined","{""focus"":3,""input"":2,""keydown"":2,""keyup"":2,""mousemove"":16,""mousedown"":3,""mouseup"":2,""resize"":0,""scroll"":0,""visibility"":0}","undefined","undefined","undefined","undefined"
"089a251f-b052-4090-8731-f41311306939","trial-spike","8","spike-response","completed","undefined","undefined","undefined","100.00","Identify which city has a larger population.","How much larger is City A than City B?","10","undefined","10413","10413","Spike"
"089a251f-b052-4090-8731-f41311306939","trial-spike","8","groundTruth","completed","undefined","undefined","undefined","100.00","Identify which city has a larger population.","undefined","15","undefined","10413","10413","Spike"
"089a251f-b052-4090-8731-f41311306939","trial-spike","8","windowEvents","undefined","undefined","undefined","undefined","undefined","undefined","undefined","{""focus"":2,""input"":6,""keydown"":6,""keyup"":5,""mousemove"":15,""mousedown"":2,""mouseup"":3,""resize"":0,""scroll"":0,""visibility"":0}","undefined","undefined","undefined","undefined"
"089a251f-b052-4090-8731-f41311306939","trial-spike","9","spike-response","completed","undefined","undefined","undefined","100.00","Identify which city has a larger population.","How much larger is City A than City B?","10","undefined","6037","6037","Spike"
"089a251f-b052-4090-8731-f41311306939","trial-spike","9","groundTruth","completed","undefined","undefined","undefined","100.00","Identify which city has a larger population.","undefined","15","undefined","6037","6037","Spike"
"089a251f-b052-4090-8731-f41311306939","trial-spike","9","windowEvents","undefined","undefined","undefined","undefined","undefined","undefined","undefined","{""focus"":2,""input"":1,""keydown"":1,""keyup"":1,""mousemove"":11,""mousedown"":2,""mouseup"":2,""resize"":0,""scroll"":0,""visibility"":0}","undefined","undefined","undefined","undefined"
"089a251f-b052-4090-8731-f41311306939","trial-choropleth","10","choropleth-response","completed","undefined","undefined","undefined","100.00","Identify which region has a larger population.","How much larger is State A than State B?","80","undefined","10404","10404","Choropleth"
"089a251f-b052-4090-8731-f41311306939","trial-choropleth","10","groundTruth","completed","undefined","undefined","undefined","100.00","Identify which region has a larger population.","undefined","70","undefined","10404","10404","Choropleth"
"089a251f-b052-4090-8731-f41311306939","trial-choropleth","10","windowEvents","undefined","undefined","undefined","undefined","undefined","undefined","undefined","{""focus"":2,""input"":2,""keydown"":2,""keyup"":2,""mousemove"":17,""mousedown"":3,""mouseup"":3,""resize"":0,""scroll"":0,""visibility"":0}","undefined","undefined","undefined","undefined"
"089a251f-b052-4090-8731-f41311306939","trial-hexbin","11","hexbin-response","completed","undefined","undefined","undefined","100.00","Identify which region has a larger population.","How much larger is Region A than Region B?","30","undefined","16768","16768","Hexbin"
"089a251f-b052-4090-8731-f41311306939","trial-hexbin","11","groundTruth","completed","undefined","undefined","undefined","100.00","Identify which region has a larger population.","undefined","25","undefined","16768","16768","Hexbin"
"089a251f-b052-4090-8731-f41311306939","trial-hexbin","11","windowEvents","undefined","undefined","undefined","undefined","undefined","undefined","undefined","{""focus"":2,""input"":2,""keydown"":2,""keyup"":2,""mousemove"":33,""mousedown"":7,""mouseup"":7,""resize"":0,""scroll"":0,""visibility"":0}","undefined","undefined","undefined","undefined"
"089a251f-b052-4090-8731-f41311306939","trial-spike","12","spike-response","completed","undefined","undefined","undefined","100.00","Identify which city has a larger population.","How much larger is City A than City B?","20","undefined","5138","5138","Spike"
"089a251f-b052-4090-8731-f41311306939","trial-spike","12","groundTruth","completed","undefined","undefined","undefined","100.00","Identify which city has a larger population.","undefined","20","undefined","5138","5138","Spike"
"089a251f-b052-4090-8731-f41311306939","trial-spike","12","windowEvents","undefined","undefined","undefined","undefined","undefined","undefined","undefined","{""focus"":4,""input"":1,""keydown"":1,""keyup"":1,""mousemove"":12,""mousedown"":4,""mouseup"":3,""resize"":0,""scroll"":0,""visibility"":0}","undefined","undefined","undefined","undefined"
"089a251f-b052-4090-8731-f41311306939","trial-choropleth","13","choropleth-response","completed","undefined","undefined","undefined","100.00","Identify which region has a larger population.","How much larger is State A than State B?","5","undefined","6538","6538","Choropleth"
"089a251f-b052-4090-8731-f41311306939","trial-choropleth","13","groundTruth","completed","undefined","undefined","undefined","100.00","Identify which region has a larger population.","undefined","5","undefined","6538","6538","Choropleth"
"089a251f-b052-4090-8731-f41311306939","trial-choropleth","13","windowEvents","undefined","undefined","undefined","undefined","undefined","undefined","undefined","{""focus"":2,""input"":1,""keydown"":1,""keyup"":1,""mousemove"":27,""mousedown"":2,""mouseup"":2,""resize"":0,""scroll"":0,""visibility"":0}","undefined","undefined","undefined","undefined"
"089a251f-b052-4090-8731-f41311306939","trial-spike","14","spike-response","completed","undefined","undefined","undefined","100.00","Identify which city has a larger population.","How much larger is City A than City B?","60","undefined","9828","9828","Spike"
"089a251f-b052-4090-8731-f41311306939","trial-spike","14","groundTruth","completed","undefined","undefined","undefined","100.00","Identify which city has a larger population.","undefined","45","undefined","9828","9828","Spike"
"089a251f-b052-4090-8731-f41311306939","trial-spike","14","windowEvents","undefined","undefined","undefined","undefined","undefined","undefined","undefined","{""focus"":2,""input"":1,""keydown"":1,""keyup"":1,""mousemove"":46,""mousedown"":5,""mouseup"":5,""resize"":0,""scroll"":0,""visibility"":0}","undefined","undefined","undefined","undefined"
"089a251f-b052-4090-8731-f41311306939","trial-spike","15","spike-response","completed","undefined","undefined","undefined","100.00","Identify which city has a larger population.","How much larger is City A than City B?","30","undefined","5375","5375","Spike"
"089a251f-b052-4090-8731-f41311306939","trial-spike","15","groundTruth","completed","undefined","undefined","undefined","100.00","Identify which city has a larger population.","undefined","25","undefined","5375","5375","Spike"
"089a251f-b052-4090-8731-f41311306939","trial-spike","15","windowEvents","undefined","undefined","undefined","undefined","undefined","undefined","undefined","{""focus"":2,""input"":6,""keydown"":6,""keyup"":4,""mousemove"":18,""mousedown"":3,""mouseup"":3,""resize"":0,""scroll"":0,""visibility"":0}","undefined","undefined","undefined","undefined"
"089a251f-b052-4090-8731-f41311306939","trial-bubble","16","bubble-response","completed","undefined","undefined","undefined","100.00","Identify which city has a larger population.","How much larger is City A than City B?","0","undefined","4119","4119","Bubble"
"089a251f-b052-4090-8731-f41311306939","trial-bubble","16","groundTruth","completed","undefined","undefined","undefined","100.00","Identify which city has a larger population.","undefined","5","undefined","4119","4119","Bubble"
"089a251f-b052-4090-8731-f41311306939","trial-bubble","16","windowEvents","undefined","undefined","undefined","undefined","undefined","undefined","undefined","{""focus"":2,""input"":1,""keydown"":1,""keyup"":1,""mousemove"":15,""mousedown"":2,""mouseup"":2,""resize"":0,""scroll"":0,""visibility"":0}","undefined","undefined","undefined","undefined"
"089a251f-b052-4090-8731-f41311306939","trial-bubble","17","bubble-response","completed","undefined","undefined","undefined","100.00","Identify which city has a larger population.","How much larger is City A than City B?","10","undefined","3677","3677","Bubble"
"089a251f-b052-4090-8731-f41311306939","trial-bubble","17","groundTruth","completed","undefined","undefined","undefined","100.00","Identify which city has a larger population.","undefined","10","undefined","3677","3677","Bubble"
"089a251f-b052-4090-8731-f41311306939","trial-bubble","17","windowEvents","undefined","undefined","undefined","undefined","undefined","undefined","undefined","{""focus"":2,""input"":1,""keydown"":1,""keyup"":1,""mousemove"":12,""mousedown"":2,""mouseup"":2,""resize"":0,""scroll"":0,""visibility"":0}","undefined","undefined","undefined","undefined"
"089a251f-b052-4090-8731-f41311306939","trial-choropleth","18","choropleth-response","completed","undefined","undefined","undefined","100.00","Identify which region has a larger population.","How much larger is State A than State B?","50","undefined","12225","12225","Choropleth"
"089a251f-b052-4090-8731-f41311306939","trial-choropleth","18","groundTruth","completed","undefined","undefined","undefined","100.00","Identify which region has a larger population.","undefined","30","undefined","12225","12225","Choropleth"
"089a251f-b052-4090-8731-f41311306939","trial-choropleth","18","windowEvents","undefined","undefined","undefined","undefined","undefined","undefined","undefined","{""focus"":2,""input"":1,""keydown"":1,""keyup"":1,""mousemove"":17,""mousedown"":2,""mouseup"":2,""resize"":0,""scroll"":0,""visibility"":0}","undefined","undefined","undefined","undefined"
"089a251f-b052-4090-8731-f41311306939","trial-hexbin","19","hexbin-response","completed","undefined","undefined","undefined","100.00","Identify which region has a larger population.","How much larger is Region A than Region B?","75","undefined","9640","9640","Hexbin"
"089a251f-b052-4090-8731-f41311306939","trial-hexbin","19","groundTruth","completed","undefined","undefined","undefined","100.00","Identify which region has a larger population.","undefined","85","undefined","9640","9640","Hexbin"
"089a251f-b052-4090-8731-f41311306939","trial-hexbin","19","windowEvents","undefined","undefined","undefined","undefined","undefined","undefined","undefined","{""focus"":1,""input"":2,""keydown"":2,""keyup"":2,""mousemove"":12,""mousedown"":1,""mouseup"":2,""resize"":0,""scroll"":0,""visibility"":0}","undefined","undefined","undefined","undefined"
"089a251f-b052-4090-8731-f41311306939","trial-bubble","20","bubble-response","completed","undefined","undefined","undefined","100.00","Identify which city has a larger population.","How much larger is City A than City B?","15","undefined","5713","5713","Bubble"
"089a251f-b052-4090-8731-f41311306939","trial-bubble","20","groundTruth","completed","undefined","undefined","undefined","100.00","Identify which city has a larger population.","undefined","20","undefined","5713","5713","Bubble"
"089a251f-b052-4090-8731-f41311306939","trial-bubble","20","windowEvents","undefined","undefined","undefined","undefined","undefined","undefined","undefined","{""focus"":3,""input"":5,""keydown"":5,""keyup"":5,""mousemove"":16,""mousedown"":3,""mouseup"":2,""resize"":0,""scroll"":0,""visibility"":0}","undefined","undefined","undefined","undefined"
"1012b067-84bc-4c90-b1a4-389a35bff603","participantTags","null","participantTags","undefined","undefined","undefined","undefined","undefined","undefined","undefined","[]","undefined","undefined","undefined","undefined"
"125cc5d4-9fd3-4d51-a6aa-b22b96b93bdc","participantTags","null","participantTags","undefined","undefined","undefined","undefined","undefined","undefined","undefined","[]","undefined","undefined","undefined","undefined"
"125cc5d4-9fd3-4d51-a6aa-b22b96b93bdc","introduction","0","","rejected","Rejected by admin","undefined","2026-02-20T00:49:06.990Z","28.57","undefined","undefined","undefined","undefined","54516","54516","undefined"
"125cc5d4-9fd3-4d51-a6aa-b22b96b93bdc","introduction","0","windowEvents","undefined","undefined","undefined","undefined","undefined","undefined","undefined","{""focus"":4,""input"":0,""keydown"":0,""keyup"":0,""mousemove"":33,""mousedown"":1,""mouseup"":0,""resize"":0,""scroll"":0,""visibility"":0}","undefined","undefined","undefined","undefined"
"125cc5d4-9fd3-4d51-a6aa-b22b96b93bdc","trial-spike","1","spike-response","rejected","Rejected by admin","undefined","2026-02-20T00:49:06.990Z","28.57","Identify which city has a larger population.","How much larger is City A than City B?","2","undefined","43882","43882","Spike"
"125cc5d4-9fd3-4d51-a6aa-b22b96b93bdc","trial-spike","1","groundTruth","rejected","Rejected by admin","undefined","2026-02-20T00:49:06.990Z","28.57","Identify which city has a larger population.","undefined","30","undefined","43882","43882","Spike"
"125cc5d4-9fd3-4d51-a6aa-b22b96b93bdc","trial-spike","1","windowEvents","undefined","undefined","undefined","undefined","undefined","undefined","undefined","{""focus"":2,""input"":3,""keydown"":4,""keyup"":4,""mousemove"":10,""mousedown"":2,""mouseup"":2,""resize"":0,""scroll"":0,""visibility"":0}","undefined","undefined","undefined","undefined"
"125cc5d4-9fd3-4d51-a6aa-b22b96b93bdc","trial-choropleth","2","choropleth-response","rejected","Rejected by admin","undefined","2026-02-20T00:49:06.990Z","28.57","Identify which region has a larger population.","How much larger is State A than State B?","25","undefined","16517","16517","Choropleth"
"125cc5d4-9fd3-4d51-a6aa-b22b96b93bdc","trial-choropleth","2","groundTruth","rejected","Rejected by admin","undefined","2026-02-20T00:49:06.990Z","28.57","Identify which region has a larger population.","undefined","20","undefined","16517","16517","Choropleth"
"125cc5d4-9fd3-4d51-a6aa-b22b96b93bdc","trial-choropleth","2","windowEvents","undefined","undefined","undefined","undefined","undefined","undefined","undefined","{""focus"":2,""input"":1,""keydown"":1,""keyup"":1,""mousemove"":24,""mousedown"":2,""mouseup"":2,""resize"":0,""scroll"":0,""visibility"":0}","undefined","undefined","undefined","undefined"
"125cc5d4-9fd3-4d51-a6aa-b22b96b93bdc","trial-hexbin","3","hexbin-response","rejected","Rejected by admin","undefined","2026-02-20T00:49:06.990Z","28.57","Identify which region has a larger population.","How much larger is Region A than Region B?","60","undefined","19659","19659","Hexbin"
"125cc5d4-9fd3-4d51-a6aa-b22b96b93bdc","trial-hexbin","3","groundTruth","rejected","Rejected by admin","undefined","2026-02-20T00:49:06.990Z","28.57","Identify which region has a larger population.","undefined","45","undefined","19659","19659","Hexbin"
"125cc5d4-9fd3-4d51-a6aa-b22b96b93bdc","trial-hexbin","3","windowEvents","undefined","undefined","undefined","undefined","undefined","undefined","undefined","{""focus"":1,""input"":2,""keydown"":2,""keyup"":2,""mousemove"":21,""mousedown"":1,""mouseup"":2,""resize"":0,""scroll"":0,""visibility"":0}","undefined","undefined","undefined","undefined"
"125cc5d4-9fd3-4d51-a6aa-b22b96b93bdc","trial-choropleth","4","choropleth-response","rejected","Rejected by admin","undefined","2026-02-20T00:49:06.990Z","28.57","Identify which region has a larger population.","How much larger is State A than State B?","15","undefined","19605","19605","Choropleth"
"125cc5d4-9fd3-4d51-a6aa-b22b96b93bdc","trial-choropleth","4","groundTruth","rejected","Rejected by admin","undefined","2026-02-20T00:49:06.990Z","28.57","Identify which region has a larger population.","undefined","15","undefined","19605","19605","Choropleth"
"125cc5d4-9fd3-4d51-a6aa-b22b96b93bdc","trial-choropleth","4","windowEvents","undefined","undefined","undefined","undefined","undefined","undefined","undefined","{""focus"":3,""input"":2,""keydown"":2,""keyup"":2,""mousemove"":24,""mousedown"":3,""mouseup"":2,""resize"":0,""scroll"":0,""visibility"":0}","undefined","undefined","undefined","undefined"
"125cc5d4-9fd3-4d51-a6aa-b22b96b93bdc","trial-bubble","5","bubble-response","rejected","Rejected by admin","undefined","2026-02-20T00:49:06.990Z","28.57","Identify which city has a larger population.","How much larger is City A than City B?","50","undefined","13927","13927","Bubble"
"125cc5d4-9fd3-4d51-a6aa-b22b96b93bdc","trial-bubble","5","groundTruth","rejected","Rejected by admin","undefined","2026-02-20T00:49:06.990Z","28.57","Identify which city has a larger population.","undefined","10","undefined","13927","13927","Bubble"
"125cc5d4-9fd3-4d51-a6aa-b22b96b93bdc","trial-bubble","5","windowEvents","undefined","undefined","undefined","undefined","undefined","undefined","undefined","{""focus"":2,""input"":2,""keydown"":2,""keyup"":2,""mousemove"":18,""mousedown"":2,""mouseup"":2,""resize"":0,""scroll"":0,""visibility"":0}","undefined","undefined","undefined","undefined"
"125cc5d4-9fd3-4d51-a6aa-b22b96b93bdc","trial-choropleth","6","","rejected","Rejected by admin","undefined","2026-02-20T00:49:06.990Z","28.57","Identify which region has a larger population.","undefined","undefined","undefined","undefined","undefined","Choropleth"
"125cc5d4-9fd3-4d51-a6aa-b22b96b93bdc","trial-choropleth","6","windowEvents","undefined","undefined","undefined","undefined","undefined","undefined","undefined","{""focus"":0,""input"":0,""keydown"":0,""keyup"":0,""mousemove"":0,""mousedown"":0,""mouseup"":0,""resize"":0,""scroll"":0,""visibility"":0}","undefined","undefined","undefined","undefined"
"125cc5d4-9fd3-4d51-a6aa-b22b96b93bdc","trial-hexbin","7","","rejected","Rejected by admin","undefined","2026-02-20T00:49:06.990Z","28.57","Identify which region has a larger population.","undefined","undefined","undefined","undefined","undefined","Hexbin"
"125cc5d4-9fd3-4d51-a6aa-b22b96b93bdc","trial-hexbin","7","windowEvents","undefined","undefined","undefined","undefined","undefined","undefined","undefined","{""focus"":0,""input"":0,""keydown"":0,""keyup"":0,""mousemove"":0,""mousedown"":0,""mouseup"":0,""resize"":0,""scroll"":0,""visibility"":0}","undefined","undefined","undefined","undefined"
"125cc5d4-9fd3-4d51-a6aa-b22b96b93bdc","trial-spike","8","","rejected","Rejected by admin","undefined","2026-02-20T00:49:06.990Z","28.57","Identify which city has a larger population.","undefined","undefined","undefined","undefined","undefined","Spike"
"125cc5d4-9fd3-4d51-a6aa-b22b96b93bdc","trial-spike","8","windowEvents","undefined","undefined","undefined","undefined","undefined","undefined","undefined","{""focus"":0,""input"":0,""keydown"":0,""keyup"":0,""mousemove"":0,""mousedown"":0,""mouseup"":0,""resize"":0,""scroll"":0,""visibility"":0}","undefined","undefined","undefined","undefined"
"125cc5d4-9fd3-4d51-a6aa-b22b96b93bdc","trial-choropleth","9","","rejected","Rejected by admin","undefined","2026-02-20T00:49:06.990Z","28.57","Identify which region has a larger population.","undefined","undefined","undefined","undefined","undefined","Choropleth"
"125cc5d4-9fd3-4d51-a6aa-b22b96b93bdc","trial-choropleth","9","windowEvents","undefined","undefined","undefined","undefined","undefined","undefined","undefined","{""focus"":0,""input"":0,""keydown"":0,""keyup"":0,""mousemove"":0,""mousedown"":0,""mouseup"":0,""resize"":0,""scroll"":0,""visibility"":0}","undefined","undefined","undefined","undefined"
"125cc5d4-9fd3-4d51-a6aa-b22b96b93bdc","trial-hexbin","10","","rejected","Rejected by admin","undefined","2026-02-20T00:49:06.990Z","28.57","Identify which region has a larger population.","undefined","undefined","undefined","undefined","undefined","Hexbin"
"125cc5d4-9fd3-4d51-a6aa-b22b96b93bdc","trial-hexbin","10","windowEvents","undefined","undefined","undefined","undefined","undefined","undefined","undefined","{""focus"":0,""input"":0,""keydown"":0,""keyup"":0,""mousemove"":0,""mousedown"":0,""mouseup"":0,""resize"":0,""scroll"":0,""visibility"":0}","undefined","undefined","undefined","undefined"
"125cc5d4-9fd3-4d51-a6aa-b22b96b93bdc","trial-bubble","11","","rejected","Rejected by admin","undefined","2026-02-20T00:49:06.990Z","28.57","Identify which city has a larger population.","undefined","undefined","undefined","undefined","undefined","Bubble"
"125cc5d4-9fd3-4d51-a6aa-b22b96b93bdc","trial-bubble","11","windowEvents","undefined","undefined","undefined","undefined","undefined","undefined","undefined","{""focus"":0,""input"":0,""keydown"":0,""keyup"":0,""mousemove"":0,""mousedown"":0,""mouseup"":0,""resize"":0,""scroll"":0,""visibility"":0}","undefined","undefined","undefined","undefined"
"125cc5d4-9fd3-4d51-a6aa-b22b96b93bdc","trial-spike","12","","rejected","Rejected by admin","undefined","2026-02-20T00:49:06.990Z","28.57","Identify which city has a larger population.","undefined","undefined","undefined","undefined","undefined","Spike"
"125cc5d4-9fd3-4d51-a6aa-b22b96b93bdc","trial-spike","12","windowEvents","undefined","undefined","undefined","undefined","undefined","undefined","undefined","{""focus"":0,""input"":0,""keydown"":0,""keyup"":0,""mousemove"":0,""mousedown"":0,""mouseup"":0,""resize"":0,""scroll"":0,""visibility"":0}","undefined","undefined","undefined","undefined"
"125cc5d4-9fd3-4d51-a6aa-b22b96b93bdc","trial-choropleth","13","","rejected","Rejected by admin","undefined","2026-02-20T00:49:06.990Z","28.57","Identify which region has a larger population.","undefined","undefined","undefined","undefined","undefined","Choropleth"
"125cc5d4-9fd3-4d51-a6aa-b22b96b93bdc","trial-choropleth","13","windowEvents","undefined","undefined","undefined","undefined","undefined","undefined","undefined","{""focus"":0,""input"":0,""keydown"":0,""keyup"":0,""mousemove"":0,""mousedown"":0,""mouseup"":0,""resize"":0,""scroll"":0,""visibility"":0}","undefined","undefined","undefined","undefined"
"125cc5d4-9fd3-4d51-a6aa-b22b96b93bdc","trial-spike","14","","rejected","Rejected by admin","undefined","2026-02-20T00:49:06.990Z","28.57","Identify which city has a larger population.","undefined","undefined","undefined","undefined","undefined","Spike"
"125cc5d4-9fd3-4d51-a6aa-b22b96b93bdc","trial-spike","14","windowEvents","undefined","undefined","undefined","undefined","undefined","undefined","undefined","{""focus"":0,""input"":0,""keydown"":0,""keyup"":0,""mousemove"":0,""mousedown"":0,""mouseup"":0,""resize"":0,""scroll"":0,""visibility"":0}","undefined","undefined","undefined","undefined"
"125cc5d4-9fd3-4d51-a6aa-b22b96b93bdc","trial-bubble","15","","rejected","Rejected by admin","undefined","2026-02-20T00:49:06.990Z","28.57","Identify which city has a larger population.","undefined","undefined","undefined","undefined","undefined","Bubble"
"125cc5d4-9fd3-4d51-a6aa-b22b96b93bdc","trial-bubble","15","windowEvents","undefined","undefined","undefined","undefined","undefined","undefined","undefined","{""focus"":0,""input"":0,""keydown"":0,""keyup"":0,""mousemove"":0,""mousedown"":0,""mouseup"":0,""resize"":0,""scroll"":0,""visibility"":0}","undefined","undefined","undefined","undefined"
"125cc5d4-9fd3-4d51-a6aa-b22b96b93bdc","trial-bubble","16","","rejected","Rejected by admin","undefined","2026-02-20T00:49:06.990Z","28.57","Identify which city has a larger population.","undefined","undefined","undefined","undefined","undefined","Bubble"
"125cc5d4-9fd3-4d51-a6aa-b22b96b93bdc","trial-bubble","16","windowEvents","undefined","undefined","undefined","undefined","undefined","undefined","undefined","{""focus"":0,""input"":0,""keydown"":0,""keyup"":0,""mousemove"":0,""mousedown"":0,""mouseup"":0,""resize"":0,""scroll"":0,""visibility"":0}","undefined","undefined","undefined","undefined"
"125cc5d4-9fd3-4d51-a6aa-b22b96b93bdc","trial-hexbin","17","","rejected","Rejected by admin","undefined","2026-02-20T00:49:06.990Z","28.57","Identify which region has a larger population.","undefined","undefined","undefined","undefined","undefined","Hexbin"
"125cc5d4-9fd3-4d51-a6aa-b22b96b93bdc","trial-hexbin","17","windowEvents","undefined","undefined","undefined","undefined","undefined","undefined","undefined","{""focus"":0,""input"":0,""keydown"":0,""keyup"":0,""mousemove"":0,""mousedown"":0,""mouseup"":0,""resize"":0,""scroll"":0,""visibility"":0}","undefined","undefined","undefined","undefined"
"125cc5d4-9fd3-4d51-a6aa-b22b96b93bdc","trial-bubble","18","","rejected","Rejected by admin","undefined","2026-02-20T00:49:06.990Z","28.57","Identify which city has a larger population.","undefined","undefined","undefined","undefined","undefined","Bubble"
"125cc5d4-9fd3-4d51-a6aa-b22b96b93bdc","trial-bubble","18","windowEvents","undefined","undefined","undefined","undefined","undefined","undefined","undefined","{""focus"":0,""input"":0,""keydown"":0,""keyup"":0,""mousemove"":0,""mousedown"":0,""mouseup"":0,""resize"":0,""scroll"":0,""visibility"":0}","undefined","undefined","undefined","undefined"
"125cc5d4-9fd3-4d51-a6aa-b22b96b93bdc","trial-hexbin","19","","rejected","Rejected by admin","undefined","2026-02-20T00:49:06.990Z","28.57","Identify which region has a larger population.","undefined","undefined","undefined","undefined","undefined","Hexbin"
"125cc5d4-9fd3-4d51-a6aa-b22b96b93bdc","trial-hexbin","19","windowEvents","undefined","undefined","undefined","undefined","undefined","undefined","undefined","{""focus"":0,""input"":0,""keydown"":0,""keyup"":0,""mousemove"":0,""mousedown"":0,""mouseup"":0,""resize"":0,""scroll"":0,""visibility"":0}","undefined","undefined","undefined","undefined"
"125cc5d4-9fd3-4d51-a6aa-b22b96b93bdc","trial-spike","20","","rejected","Rejected by admin","undefined","2026-02-20T00:49:06.990Z","28.57","Identify which city has a larger population.","undefined","undefined","undefined","undefined","undefined","Spike"
"125cc5d4-9fd3-4d51-a6aa-b22b96b93bdc","trial-spike","20","windowEvents","undefined","undefined","undefined","undefined","undefined","undefined","undefined","{""focus"":0,""input"":0,""keydown"":0,""keyup"":0,""mousemove"":0,""mousedown"":0,""mouseup"":0,""resize"":0,""scroll"":0,""visibility"":0}","undefined","undefined","undefined","undefined"
"18f1f770-f7c5-47fb-88c1-5535c6c1ab61","participantTags","null","participantTags","undefined","undefined","undefined","undefined","undefined","undefined","undefined","[]","undefined","undefined","undefined","undefined"
"18f1f770-f7c5-47fb-88c1-5535c6c1ab61","introduction","0","","completed","undefined","undefined","undefined","100.00","undefined","undefined","undefined","undefined","210519","210519","undefined"
"18f1f770-f7c5-47fb-88c1-5535c6c1ab61","introduction","0","windowEvents","undefined","undefined","undefined","undefined","undefined","undefined","undefined","{""focus"":0,""input"":0,""keydown"":0,""keyup"":0,""mousemove"":14,""mousedown"":0,""mouseup"":0,""resize"":0,""scroll"":0,""visibility"":0}","undefined","undefined","undefined","undefined"
"18f1f770-f7c5-47fb-88c1-5535c6c1ab61","trial-bubble","1","bubble-response","completed","undefined","undefined","undefined","100.00","Identify which city has a larger population.","How much larger is City A than City B?","5","undefined","43164","43164","Bubble"
"18f1f770-f7c5-47fb-88c1-5535c6c1ab61","trial-bubble","1","groundTruth","completed","undefined","undefined","undefined","100.00","Identify which city has a larger population.","undefined","15","undefined","43164","43164","Bubble"
"18f1f770-f7c5-47fb-88c1-5535c6c1ab61","trial-bubble","1","windowEvents","undefined","undefined","undefined","undefined","undefined","undefined","undefined","{""focus"":3,""input"":1,""keydown"":1,""keyup"":1,""mousemove"":31,""mousedown"":3,""mouseup"":2,""resize"":0,""scroll"":0,""visibility"":0}","undefined","undefined","undefined","undefined"
"18f1f770-f7c5-47fb-88c1-5535c6c1ab61","trial-bubble","2","bubble-response","completed","undefined","undefined","undefined","100.00","Identify which city has a larger population.","How much larger is City A than City B?","20","undefined","11660","11660","Bubble"
"18f1f770-f7c5-47fb-88c1-5535c6c1ab61","trial-bubble","2","groundTruth","completed","undefined","undefined","undefined","100.00","Identify which city has a larger population.","undefined","35","undefined","11660","11660","Bubble"
"18f1f770-f7c5-47fb-88c1-5535c6c1ab61","trial-bubble","2","windowEvents","undefined","undefined","undefined","undefined","undefined","undefined","undefined","{""focus"":2,""input"":4,""keydown"":4,""keyup"":3,""mousemove"":22,""mousedown"":2,""mouseup"":2,""resize"":0,""scroll"":0,""visibility"":0}","undefined","undefined","undefined","undefined"
"18f1f770-f7c5-47fb-88c1-5535c6c1ab61","trial-hexbin","3","hexbin-response","completed","undefined","undefined","undefined","100.00","Identify which region has a larger population.","How much larger is Region A than Region B?","15","undefined","50487","50487","Hexbin"
"18f1f770-f7c5-47fb-88c1-5535c6c1ab61","trial-hexbin","3","groundTruth","completed","undefined","undefined","undefined","100.00","Identify which region has a larger population.","undefined","15","undefined","50487","50487","Hexbin"
"18f1f770-f7c5-47fb-88c1-5535c6c1ab61","trial-hexbin","3","windowEvents","undefined","undefined","undefined","undefined","undefined","undefined","undefined","{""focus"":2,""input"":2,""keydown"":2,""keyup"":2,""mousemove"":28,""mousedown"":2,""mouseup"":2,""resize"":0,""scroll"":0,""visibility"":0}","undefined","undefined","undefined","undefined"
"18f1f770-f7c5-47fb-88c1-5535c6c1ab61","trial-spike","4","spike-response","completed","undefined","undefined","undefined","100.00","Identify which city has a larger population.","How much larger is City A than City B?","20","undefined","40141","40141","Spike"
"18f1f770-f7c5-47fb-88c1-5535c6c1ab61","trial-spike","4","groundTruth","completed","undefined","undefined","undefined","100.00","Identify which city has a larger population.","undefined","20","undefined","40141","40141","Spike"
"18f1f770-f7c5-47fb-88c1-5535c6c1ab61","trial-spike","4","windowEvents","undefined","undefined","undefined","undefined","undefined","undefined","undefined","{""focus"":1,""input"":1,""keydown"":2,""keyup"":1,""mousemove"":18,""mousedown"":1,""mouseup"":2,""resize"":0,""scroll"":0,""visibility"":0}","undefined","undefined","undefined","undefined"
"18f1f770-f7c5-47fb-88c1-5535c6c1ab61","trial-choropleth","5","choropleth-response","completed","undefined","undefined","undefined","100.00","Identify which region has a larger population.","How much larger is State A than State B?","0","undefined","27668","27668","Choropleth"
"18f1f770-f7c5-47fb-88c1-5535c6c1ab61","trial-choropleth","5","groundTruth","completed","undefined","undefined","undefined","100.00","Identify which region has a larger population.","undefined","0","undefined","27668","27668","Choropleth"
"18f1f770-f7c5-47fb-88c1-5535c6c1ab61","trial-choropleth","5","windowEvents","undefined","undefined","undefined","undefined","undefined","undefined","undefined","{""focus"":2,""input"":1,""keydown"":1,""keyup"":1,""mousemove"":18,""mousedown"":2,""mouseup"":2,""resize"":0,""scroll"":0,""visibility"":0}","undefined","undefined","undefined","undefined"
"18f1f770-f7c5-47fb-88c1-5535c6c1ab61","trial-spike","6","spike-response","completed","undefined","undefined","undefined","100.00","Identify which city has a larger population.","How much larger is City A than City B?","20","undefined","43157","43157","Spike"
"18f1f770-f7c5-47fb-88c1-5535c6c1ab61","trial-spike","6","groundTruth","completed","undefined","undefined","undefined","100.00","Identify which city has a larger population.","undefined","40","undefined","43157","43157","Spike"
"18f1f770-f7c5-47fb-88c1-5535c6c1ab61","trial-spike","6","windowEvents","undefined","undefined","undefined","undefined","undefined","undefined","undefined","{""focus"":3,""input"":2,""keydown"":2,""keyup"":1,""mousemove"":37,""mousedown"":3,""mouseup"":2,""resize"":0,""scroll"":0,""visibility"":0}","undefined","undefined","undefined","undefined"
"18f1f770-f7c5-47fb-88c1-5535c6c1ab61","trial-hexbin","7","hexbin-response","completed","undefined","undefined","undefined","100.00","Identify which region has a larger population.","How much larger is Region A than Region B?","10","undefined","21263","21263","Hexbin"
"18f1f770-f7c5-47fb-88c1-5535c6c1ab61","trial-hexbin","7","groundTruth","completed","undefined","undefined","undefined","100.00","Identify which region has a larger population.","undefined","10","undefined","21263","21263","Hexbin"
"18f1f770-f7c5-47fb-88c1-5535c6c1ab61","trial-hexbin","7","windowEvents","undefined","undefined","undefined","undefined","undefined","undefined","undefined","{""focus"":1,""input"":1,""keydown"":1,""keyup"":1,""mousemove"":14,""mousedown"":1,""mouseup"":2,""resize"":0,""scroll"":0,""visibility"":0}","undefined","undefined","undefined","undefined"
"18f1f770-f7c5-47fb-88c1-5535c6c1ab61","trial-spike","8","spike-response","completed","undefined","undefined","undefined","100.00","Identify which city has a larger population.","How much larger is City A than City B?","40","undefined","39273","39273","Spike"
"18f1f770-f7c5-47fb-88c1-5535c6c1ab61","trial-spike","8","groundTruth","completed","undefined","undefined","undefined","100.00","Identify which city has a larger population.","undefined","30","undefined","39273","39273","Spike"
"18f1f770-f7c5-47fb-88c1-5535c6c1ab61","trial-spike","8","windowEvents","undefined","undefined","undefined","undefined","undefined","undefined","undefined","{""focus"":2,""input"":1,""keydown"":1,""keyup"":1,""mousemove"":18,""mousedown"":2,""mouseup"":2,""resize"":0,""scroll"":0,""visibility"":0}","undefined","undefined","undefined","undefined"
"18f1f770-f7c5-47fb-88c1-5535c6c1ab61","trial-hexbin","9","hexbin-response","completed","undefined","undefined","undefined","100.00","Identify which region has a larger population.","How much larger is Region A than Region B?","15","undefined","24114","24114","Hexbin"
"18f1f770-f7c5-47fb-88c1-5535c6c1ab61","trial-hexbin","9","groundTruth","completed","undefined","undefined","undefined","100.00","Identify which region has a larger population.","undefined","15","undefined","24114","24114","Hexbin"
"18f1f770-f7c5-47fb-88c1-5535c6c1ab61","trial-hexbin","9","windowEvents","undefined","undefined","undefined","undefined","undefined","undefined","undefined","{""focus"":2,""input"":1,""keydown"":1,""keyup"":1,""mousemove"":17,""mousedown"":2,""mouseup"":2,""resize"":0,""scroll"":0,""visibility"":0}","undefined","undefined","undefined","undefined"
"18f1f770-f7c5-47fb-88c1-5535c6c1ab61","trial-bubble","10","bubble-response","completed","undefined","undefined","undefined","100.00","Identify which city has a larger population.","How much larger is City A than City B?","0","undefined","15156","15156","Bubble"
"18f1f770-f7c5-47fb-88c1-5535c6c1ab61","trial-bubble","10","groundTruth","completed","undefined","undefined","undefined","100.00","Identify which city has a larger population.","undefined","0","undefined","15156","15156","Bubble"
"18f1f770-f7c5-47fb-88c1-5535c6c1ab61","trial-bubble","10","windowEvents","undefined","undefined","undefined","undefined","undefined","undefined","undefined","{""focus"":3,""input"":1,""keydown"":1,""keyup"":1,""mousemove"":16,""mousedown"":3,""mouseup"":2,""resize"":0,""scroll"":0,""visibility"":0}","undefined","undefined","undefined","undefined"
"18f1f770-f7c5-47fb-88c1-5535c6c1ab61","trial-hexbin","11","hexbin-response","completed","undefined","undefined","undefined","100.00","Identify which region has a larger population.","How much larger is Region A than Region B?","20","undefined","21207","21207","Hexbin"
"18f1f770-f7c5-47fb-88c1-5535c6c1ab61","trial-hexbin","11","groundTruth","completed","undefined","undefined","undefined","100.00","Identify which region has a larger population.","undefined","30","undefined","21207","21207","Hexbin"
"18f1f770-f7c5-47fb-88c1-5535c6c1ab61","trial-hexbin","11","windowEvents","undefined","undefined","undefined","undefined","undefined","undefined","undefined","{""focus"":2,""input"":1,""keydown"":1,""keyup"":1,""mousemove"":28,""mousedown"":2,""mouseup"":2,""resize"":0,""scroll"":0,""visibility"":0}","undefined","undefined","undefined","undefined"
"18f1f770-f7c5-47fb-88c1-5535c6c1ab61","trial-choropleth","12","choropleth-response","completed","undefined","undefined","undefined","100.00","Identify which region has a larger population.","How much larger is State A than State B?","30","undefined","27940","27940","Choropleth"
"18f1f770-f7c5-47fb-88c1-5535c6c1ab61","trial-choropleth","12","groundTruth","completed","undefined","undefined","undefined","100.00","Identify which region has a larger population.","undefined","30","undefined","27940","27940","Choropleth"
"18f1f770-f7c5-47fb-88c1-5535c6c1ab61","trial-choropleth","12","windowEvents","undefined","undefined","undefined","undefined","undefined","undefined","undefined","{""focus"":2,""input"":1,""keydown"":2,""keyup"":1,""mousemove"":25,""mousedown"":2,""mouseup"":2,""resize"":0,""scroll"":0,""visibility"":0}","undefined","undefined","undefined","undefined"
"18f1f770-f7c5-47fb-88c1-5535c6c1ab61","trial-choropleth","13","choropleth-response","completed","undefined","undefined","undefined","100.00","Identify which region has a larger population.","How much larger is State A than State B?","10","undefined","17894","17894","Choropleth"
"18f1f770-f7c5-47fb-88c1-5535c6c1ab61","trial-choropleth","13","groundTruth","completed","undefined","undefined","undefined","100.00","Identify which region has a larger population.","undefined","5","undefined","17894","17894","Choropleth"
"18f1f770-f7c5-47fb-88c1-5535c6c1ab61","trial-choropleth","13","windowEvents","undefined","undefined","undefined","undefined","undefined","undefined","undefined","{""focus"":2,""input"":1,""keydown"":1,""keyup"":1,""mousemove"":30,""mousedown"":2,""mouseup"":2,""resize"":0,""scroll"":0,""visibility"":0}","undefined","undefined","undefined","undefined"
"18f1f770-f7c5-47fb-88c1-5535c6c1ab61","trial-spike","14","spike-response","completed","undefined","undefined","undefined","100.00","Identify which city has a larger population.","How much larger is City A than City B?","40","undefined","19858","19858","Spike"
"18f1f770-f7c5-47fb-88c1-5535c6c1ab61","trial-spike","14","groundTruth","completed","undefined","undefined","undefined","100.00","Identify which city has a larger population.","undefined","35","undefined","19858","19858","Spike"
"18f1f770-f7c5-47fb-88c1-5535c6c1ab61","trial-spike","14","windowEvents","undefined","undefined","undefined","undefined","undefined","undefined","undefined","{""focus"":2,""input"":1,""keydown"":2,""keyup"":1,""mousemove"":25,""mousedown"":2,""mouseup"":2,""resize"":0,""scroll"":0,""visibility"":0}","undefined","undefined","undefined","undefined"
"18f1f770-f7c5-47fb-88c1-5535c6c1ab61","trial-choropleth","15","choropleth-response","completed","undefined","undefined","undefined","100.00","Identify which region has a larger population.","How much larger is State A than State B?","0","undefined","8444","8444","Choropleth"
"18f1f770-f7c5-47fb-88c1-5535c6c1ab61","trial-choropleth","15","groundTruth","completed","undefined","undefined","undefined","100.00","Identify which region has a larger population.","undefined","0","undefined","8444","8444","Choropleth"
"18f1f770-f7c5-47fb-88c1-5535c6c1ab61","trial-choropleth","15","windowEvents","undefined","undefined","undefined","undefined","undefined","undefined","undefined","{""focus"":2,""input"":1,""keydown"":1,""keyup"":1,""mousemove"":16,""mousedown"":2,""mouseup"":2,""resize"":0,""scroll"":0,""visibility"":0}","undefined","undefined","undefined","undefined"
"18f1f770-f7c5-47fb-88c1-5535c6c1ab61","trial-spike","16","spike-response","completed","undefined","undefined","undefined","100.00","Identify which city has a larger population.","How much larger is City A than City B?","0","undefined","10557","10557","Spike"
"18f1f770-f7c5-47fb-88c1-5535c6c1ab61","trial-spike","16","groundTruth","completed","undefined","undefined","undefined","100.00","Identify which city has a larger population.","undefined","5","undefined","10557","10557","Spike"
"18f1f770-f7c5-47fb-88c1-5535c6c1ab61","trial-spike","16","windowEvents","undefined","undefined","undefined","undefined","undefined","undefined","undefined","{""focus"":2,""input"":1,""keydown"":1,""keyup"":1,""mousemove"":16,""mousedown"":2,""mouseup"":2,""resize"":0,""scroll"":0,""visibility"":0}","undefined","undefined","undefined","undefined"
"18f1f770-f7c5-47fb-88c1-5535c6c1ab61","trial-hexbin","17","hexbin-response","completed","undefined","undefined","undefined","100.00","Identify which region has a larger population.","How much larger is Region A than Region B?","0","undefined","7695","7695","Hexbin"
"18f1f770-f7c5-47fb-88c1-5535c6c1ab61","trial-hexbin","17","groundTruth","completed","undefined","undefined","undefined","100.00","Identify which region has a larger population.","undefined","0","undefined","7695","7695","Hexbin"
"18f1f770-f7c5-47fb-88c1-5535c6c1ab61","trial-hexbin","17","windowEvents","undefined","undefined","undefined","undefined","undefined","undefined","undefined","{""focus"":1,""input"":1,""keydown"":1,""keyup"":1,""mousemove"":17,""mousedown"":1,""mouseup"":2,""resize"":0,""scroll"":0,""visibility"":0}","undefined","undefined","undefined","undefined"
"18f1f770-f7c5-47fb-88c1-5535c6c1ab61","trial-bubble","18","bubble-response","completed","undefined","undefined","undefined","100.00","Identify which city has a larger population.","How much larger is City A than City B?","20","undefined","11960","11960","Bubble"
"18f1f770-f7c5-47fb-88c1-5535c6c1ab61","trial-bubble","18","groundTruth","completed","undefined","undefined","undefined","100.00","Identify which city has a larger population.","undefined","20","undefined","11960","11960","Bubble"
"18f1f770-f7c5-47fb-88c1-5535c6c1ab61","trial-bubble","18","windowEvents","undefined","undefined","undefined","undefined","undefined","undefined","undefined","{""focus"":3,""input"":1,""keydown"":1,""keyup"":1,""mousemove"":16,""mousedown"":3,""mouseup"":2,""resize"":0,""scroll"":0,""visibility"":0}","undefined","undefined","undefined","undefined"
"18f1f770-f7c5-47fb-88c1-5535c6c1ab61","trial-choropleth","19","choropleth-response","completed","undefined","undefined","undefined","100.00","Identify which region has a larger population.","How much larger is State A than State B?","5","undefined","15289","15289","Choropleth"
"18f1f770-f7c5-47fb-88c1-5535c6c1ab61","trial-choropleth","19","groundTruth","completed","undefined","undefined","undefined","100.00","Identify which region has a larger population.","undefined","10","undefined","15289","15289","Choropleth"
"18f1f770-f7c5-47fb-88c1-5535c6c1ab61","trial-choropleth","19","windowEvents","undefined","undefined","undefined","undefined","undefined","undefined","undefined","{""focus"":1,""input"":1,""keydown"":1,""keyup"":1,""mousemove"":13,""mousedown"":1,""mouseup"":2,""resize"":0,""scroll"":0,""visibility"":0}","undefined","undefined","undefined","undefined"
"18f1f770-f7c5-47fb-88c1-5535c6c1ab61","trial-bubble","20","bubble-response","completed","undefined","undefined","undefined","100.00","Identify which city has a larger population.","How much larger is City A than City B?","20","undefined","18113","18113","Bubble"
"18f1f770-f7c5-47fb-88c1-5535c6c1ab61","trial-bubble","20","groundTruth","completed","undefined","undefined","undefined","100.00","Identify which city has a larger population.","undefined","25","undefined","18113","18113","Bubble"
"18f1f770-f7c5-47fb-88c1-5535c6c1ab61","trial-bubble","20","windowEvents","undefined","undefined","undefined","undefined","undefined","undefined","undefined","{""focus"":3,""input"":1,""keydown"":1,""keyup"":1,""mousemove"":27,""mousedown"":3,""mouseup"":2,""resize"":0,""scroll"":0,""visibility"":0}","undefined","undefined","undefined","undefined"
"1fb7df65-70c9-462a-8237-8df09a5a6579","participantTags","null","participantTags","undefined","undefined","undefined","undefined","undefined","undefined","undefined","[]","undefined","undefined","undefined","undefined"
"1fb7df65-70c9-462a-8237-8df09a5a6579","introduction","0","","rejected","Rejected by admin","undefined","2026-02-20T00:49:06.967Z","4.76","undefined","undefined","undefined","undefined","3199","3199","undefined"
"1fb7df65-70c9-462a-8237-8df09a5a6579","introduction","0","windowEvents","undefined","undefined","undefined","undefined","undefined","undefined","undefined","{""focus"":0,""input"":0,""keydown"":0,""keyup"":0,""mousemove"":20,""mousedown"":0,""mouseup"":0,""resize"":0,""scroll"":0,""visibility"":0}","undefined","undefined","undefined","undefined"
"1fb7df65-70c9-462a-8237-8df09a5a6579","trial-hexbin","1","","rejected","Rejected by admin","undefined","2026-02-20T00:49:06.967Z","4.76","Identify which region has a larger population.","undefined","undefined","undefined","undefined","undefined","Hexbin"
"1fb7df65-70c9-462a-8237-8df09a5a6579","trial-hexbin","1","windowEvents","undefined","undefined","undefined","undefined","undefined","undefined","undefined","{""focus"":0,""input"":0,""keydown"":0,""keyup"":0,""mousemove"":0,""mousedown"":0,""mouseup"":0,""resize"":0,""scroll"":0,""visibility"":0}","undefined","undefined","undefined","undefined"
"1fb7df65-70c9-462a-8237-8df09a5a6579","trial-choropleth","2","","rejected","Rejected by admin","undefined","2026-02-20T00:49:06.967Z","4.76","Identify which region has a larger population.","undefined","undefined","undefined","undefined","undefined","Choropleth"
"1fb7df65-70c9-462a-8237-8df09a5a6579","trial-choropleth","2","windowEvents","undefined","undefined","undefined","undefined","undefined","undefined","undefined","{""focus"":0,""input"":0,""keydown"":0,""keyup"":0,""mousemove"":0,""mousedown"":0,""mouseup"":0,""resize"":0,""scroll"":0,""visibility"":0}","undefined","undefined","undefined","undefined"
"1fb7df65-70c9-462a-8237-8df09a5a6579","trial-spike","3","","rejected","Rejected by admin","undefined","2026-02-20T00:49:06.967Z","4.76","Identify which city has a larger population.","undefined","undefined","undefined","undefined","undefined","Spike"
"1fb7df65-70c9-462a-8237-8df09a5a6579","trial-spike","3","windowEvents","undefined","undefined","undefined","undefined","undefined","undefined","undefined","{""focus"":0,""input"":0,""keydown"":0,""keyup"":0,""mousemove"":0,""mousedown"":0,""mouseup"":0,""resize"":0,""scroll"":0,""visibility"":0}","undefined","undefined","undefined","undefined"
"1fb7df65-70c9-462a-8237-8df09a5a6579","trial-hexbin","4","","rejected","Rejected by admin","undefined","2026-02-20T00:49:06.967Z","4.76","Identify which region has a larger population.","undefined","undefined","undefined","undefined","undefined","Hexbin"
"1fb7df65-70c9-462a-8237-8df09a5a6579","trial-hexbin","4","windowEvents","undefined","undefined","undefined","undefined","undefined","undefined","undefined","{""focus"":0,""input"":0,""keydown"":0,""keyup"":0,""mousemove"":0,""mousedown"":0,""mouseup"":0,""resize"":0,""scroll"":0,""visibility"":0}","undefined","undefined","undefined","undefined"
"1fb7df65-70c9-462a-8237-8df09a5a6579","trial-spike","5","","rejected","Rejected by admin","undefined","2026-02-20T00:49:06.967Z","4.76","Identify which city has a larger population.","undefined","undefined","undefined","undefined","undefined","Spike"
"1fb7df65-70c9-462a-8237-8df09a5a6579","trial-spike","5","windowEvents","undefined","undefined","undefined","undefined","undefined","undefined","undefined","{""focus"":0,""input"":0,""keydown"":0,""keyup"":0,""mousemove"":0,""mousedown"":0,""mouseup"":0,""resize"":0,""scroll"":0,""visibility"":0}","undefined","undefined","undefined","undefined"
"1fb7df65-70c9-462a-8237-8df09a5a6579","trial-spike","6","","rejected","Rejected by admin","undefined","2026-02-20T00:49:06.967Z","4.76","Identify which city has a larger population.","undefined","undefined","undefined","undefined","undefined","Spike"
"1fb7df65-70c9-462a-8237-8df09a5a6579","trial-spike","6","windowEvents","undefined","undefined","undefined","undefined","undefined","undefined","undefined","{""focus"":0,""input"":0,""keydown"":0,""keyup"":0,""mousemove"":0,""mousedown"":0,""mouseup"":0,""resize"":0,""scroll"":0,""visibility"":0}","undefined","undefined","undefined","undefined"
"1fb7df65-70c9-462a-8237-8df09a5a6579","trial-spike","7","","rejected","Rejected by admin","undefined","2026-02-20T00:49:06.967Z","4.76","Identify which city has a larger population.","undefined","undefined","undefined","undefined","undefined","Spike"
"1fb7df65-70c9-462a-8237-8df09a5a6579","trial-spike","7","windowEvents","undefined","undefined","undefined","undefined","undefined","undefined","undefined","{""focus"":0,""input"":0,""keydown"":0,""keyup"":0,""mousemove"":0,""mousedown"":0,""mouseup"":0,""resize"":0,""scroll"":0,""visibility"":0}","undefined","undefined","undefined","undefined"
"1fb7df65-70c9-462a-8237-8df09a5a6579","trial-choropleth","8","","rejected","Rejected by admin","undefined","2026-02-20T00:49:06.967Z","4.76","Identify which region has a larger population.","undefined","undefined","undefined","undefined","undefined","Choropleth"
"1fb7df65-70c9-462a-8237-8df09a5a6579","trial-choropleth","8","windowEvents","undefined","undefined","undefined","undefined","undefined","undefined","undefined","{""focus"":0,""input"":0,""keydown"":0,""keyup"":0,""mousemove"":0,""mousedown"":0,""mouseup"":0,""resize"":0,""scroll"":0,""visibility"":0}","undefined","undefined","undefined","undefined"
"1fb7df65-70c9-462a-8237-8df09a5a6579","trial-choropleth","9","","rejected","Rejected by admin","undefined","2026-02-20T00:49:06.967Z","4.76","Identify which region has a larger population.","undefined","undefined","undefined","undefined","undefined","Choropleth"
"1fb7df65-70c9-462a-8237-8df09a5a6579","trial-choropleth","9","windowEvents","undefined","undefined","undefined","undefined","undefined","undefined","undefined","{""focus"":0,""input"":0,""keydown"":0,""keyup"":0,""mousemove"":0,""mousedown"":0,""mouseup"":0,""resize"":0,""scroll"":0,""visibility"":0}","undefined","undefined","undefined","undefined"
"1fb7df65-70c9-462a-8237-8df09a5a6579","trial-hexbin","10","","rejected","Rejected by admin","undefined","2026-02-20T00:49:06.967Z","4.76","Identify which region has a larger population.","undefined","undefined","undefined","undefined","undefined","Hexbin"
"1fb7df65-70c9-462a-8237-8df09a5a6579","trial-hexbin","10","windowEvents","undefined","undefined","undefined","undefined","undefined","undefined","undefined","{""focus"":0,""input"":0,""keydown"":0,""keyup"":0,""mousemove"":0,""mousedown"":0,""mouseup"":0,""resize"":0,""scroll"":0,""visibility"":0}","undefined","undefined","undefined","undefined"
"1fb7df65-70c9-462a-8237-8df09a5a6579","trial-bubble","11","","rejected","Rejected by admin","undefined","2026-02-20T00:49:06.967Z","4.76","Identify which city has a larger population.","undefined","undefined","undefined","undefined","undefined","Bubble"
"1fb7df65-70c9-462a-8237-8df09a5a6579","trial-bubble","11","windowEvents","undefined","undefined","undefined","undefined","undefined","undefined","undefined","{""focus"":0,""input"":0,""keydown"":0,""keyup"":0,""mousemove"":0,""mousedown"":0,""mouseup"":0,""resize"":0,""scroll"":0,""visibility"":0}","undefined","undefined","undefined","undefined"
"1fb7df65-70c9-462a-8237-8df09a5a6579","trial-choropleth","12","","rejected","Rejected by admin","undefined","2026-02-20T00:49:06.967Z","4.76","Identify which region has a larger population.","undefined","undefined","undefined","undefined","undefined","Choropleth"
"1fb7df65-70c9-462a-8237-8df09a5a6579","trial-choropleth","12","windowEvents","undefined","undefined","undefined","undefined","undefined","undefined","undefined","{""focus"":0,""input"":0,""keydown"":0,""keyup"":0,""mousemove"":0,""mousedown"":0,""mouseup"":0,""resize"":0,""scroll"":0,""visibility"":0}","undefined","undefined","undefined","undefined"
"1fb7df65-70c9-462a-8237-8df09a5a6579","trial-bubble","13","","rejected","Rejected by admin","undefined","2026-02-20T00:49:06.967Z","4.76","Identify which city has a larger population.","undefined","undefined","undefined","undefined","undefined","Bubble"
"1fb7df65-70c9-462a-8237-8df09a5a6579","trial-bubble","13","windowEvents","undefined","undefined","undefined","undefined","undefined","undefined","undefined","{""focus"":0,""input"":0,""keydown"":0,""keyup"":0,""mousemove"":0,""mousedown"":0,""mouseup"":0,""resize"":0,""scroll"":0,""visibility"":0}","undefined","undefined","undefined","undefined"
"1fb7df65-70c9-462a-8237-8df09a5a6579","trial-hexbin","14","","rejected","Rejected by admin","undefined","2026-02-20T00:49:06.967Z","4.76","Identify which region has a larger population.","undefined","undefined","undefined","undefined","undefined","Hexbin"
"1fb7df65-70c9-462a-8237-8df09a5a6579","trial-hexbin","14","windowEvents","undefined","undefined","undefined","undefined","undefined","undefined","undefined","{""focus"":0,""input"":0,""keydown"":0,""keyup"":0,""mousemove"":0,""mousedown"":0,""mouseup"":0,""resize"":0,""scroll"":0,""visibility"":0}","undefined","undefined","undefined","undefined"
"1fb7df65-70c9-462a-8237-8df09a5a6579","trial-bubble","15","","rejected","Rejected by admin","undefined","2026-02-20T00:49:06.967Z","4.76","Identify which city has a larger population.","undefined","undefined","undefined","undefined","undefined","Bubble"
"1fb7df65-70c9-462a-8237-8df09a5a6579","trial-bubble","15","windowEvents","undefined","undefined","undefined","undefined","undefined","undefined","undefined","{""focus"":0,""input"":0,""keydown"":0,""keyup"":0,""mousemove"":0,""mousedown"":0,""mouseup"":0,""resize"":0,""scroll"":0,""visibility"":0}","undefined","undefined","undefined","undefined"
"1fb7df65-70c9-462a-8237-8df09a5a6579","trial-bubble","16","","rejected","Rejected by admin","undefined","2026-02-20T00:49:06.967Z","4.76","Identify which city has a larger population.","undefined","undefined","undefined","undefined","undefined","Bubble"
"1fb7df65-70c9-462a-8237-8df09a5a6579","trial-bubble","16","windowEvents","undefined","undefined","undefined","undefined","undefined","undefined","undefined","{""focus"":0,""input"":0,""keydown"":0,""keyup"":0,""mousemove"":0,""mousedown"":0,""mouseup"":0,""resize"":0,""scroll"":0,""visibility"":0}","undefined","undefined","undefined","undefined"
"1fb7df65-70c9-462a-8237-8df09a5a6579","trial-choropleth","17","","rejected","Rejected by admin","undefined","2026-02-20T00:49:06.967Z","4.76","Identify which region has a larger population.","undefined","undefined","undefined","undefined","undefined","Choropleth"
"1fb7df65-70c9-462a-8237-8df09a5a6579","trial-choropleth","17","windowEvents","undefined","undefined","undefined","undefined","undefined","undefined","undefined","{""focus"":0,""input"":0,""keydown"":0,""keyup"":0,""mousemove"":0,""mousedown"":0,""mouseup"":0,""resize"":0,""scroll"":0,""visibility"":0}","undefined","undefined","undefined","undefined"
"1fb7df65-70c9-462a-8237-8df09a5a6579","trial-bubble","18","","rejected","Rejected by admin","undefined","2026-02-20T00:49:06.967Z","4.76","Identify which city has a larger population.","undefined","undefined","undefined","undefined","undefined","Bubble"
"1fb7df65-70c9-462a-8237-8df09a5a6579","trial-bubble","18","windowEvents","undefined","undefined","undefined","undefined","undefined","undefined","undefined","{""focus"":0,""input"":0,""keydown"":0,""keyup"":0,""mousemove"":0,""mousedown"":0,""mouseup"":0,""resize"":0,""scroll"":0,""visibility"":0}","undefined","undefined","undefined","undefined"
"1fb7df65-70c9-462a-8237-8df09a5a6579","trial-spike","19","","rejected","Rejected by admin","undefined","2026-02-20T00:49:06.967Z","4.76","Identify which city has a larger population.","undefined","undefined","undefined","undefined","undefined","Spike"
"1fb7df65-70c9-462a-8237-8df09a5a6579","trial-spike","19","windowEvents","undefined","undefined","undefined","undefined","undefined","undefined","undefined","{""focus"":0,""input"":0,""keydown"":0,""keyup"":0,""mousemove"":0,""mousedown"":0,""mouseup"":0,""resize"":0,""scroll"":0,""visibility"":0}","undefined","undefined","undefined","undefined"
"1fb7df65-70c9-462a-8237-8df09a5a6579","trial-hexbin","20","","rejected","Rejected by admin","undefined","2026-02-20T00:49:06.967Z","4.76","Identify which region has a larger population.","undefined","undefined","undefined","undefined","undefined","Hexbin"
"1fb7df65-70c9-462a-8237-8df09a5a6579","trial-hexbin","20","windowEvents","undefined","undefined","undefined","undefined","undefined","undefined","undefined","{""focus"":0,""input"":0,""keydown"":0,""keyup"":0,""mousemove"":0,""mousedown"":0,""mouseup"":0,""resize"":0,""scroll"":0,""visibility"":0}","undefined","undefined","undefined","undefined"
"2c3617b8-abe3-4db0-9b5e-e6890dad16ed","participantTags","null","participantTags","undefined","undefined","undefined","undefined","undefined","undefined","undefined","[]","undefined","undefined","undefined","undefined"
"2c3617b8-abe3-4db0-9b5e-e6890dad16ed","introduction","0","","completed","undefined","undefined","undefined","100.00","undefined","undefined","undefined","undefined","40171","40171","undefined"
"2c3617b8-abe3-4db0-9b5e-e6890dad16ed","introduction","0","windowEvents","undefined","undefined","undefined","undefined","undefined","undefined","undefined","{""focus"":1,""input"":0,""keydown"":0,""keyup"":0,""mousemove"":25,""mousedown"":1,""mouseup"":0,""resize"":0,""scroll"":0,""visibility"":0}","undefined","undefined","undefined","undefined"
"2c3617b8-abe3-4db0-9b5e-e6890dad16ed","trial-bubble","1","bubble-response","completed","undefined","undefined","undefined","100.00","Identify which city has a larger population.","How much larger is City A than City B?","50","undefined","40085","40085","Bubble"
"2c3617b8-abe3-4db0-9b5e-e6890dad16ed","trial-bubble","1","groundTruth","completed","undefined","undefined","undefined","100.00","Identify which city has a larger population.","undefined","35","undefined","40085","40085","Bubble"
"2c3617b8-abe3-4db0-9b5e-e6890dad16ed","trial-bubble","1","windowEvents","undefined","undefined","undefined","undefined","undefined","undefined","undefined","{""focus"":1,""input"":5,""keydown"":7,""keyup"":7,""mousemove"":70,""mousedown"":1,""mouseup"":2,""resize"":0,""scroll"":0,""visibility"":0}","undefined","undefined","undefined","undefined"
"2c3617b8-abe3-4db0-9b5e-e6890dad16ed","trial-hexbin","2","hexbin-response","completed","undefined","undefined","undefined","100.00","Identify which region has a larger population.","How much larger is Region A than Region B?","70","undefined","14435","14435","Hexbin"
"2c3617b8-abe3-4db0-9b5e-e6890dad16ed","trial-hexbin","2","groundTruth","completed","undefined","undefined","undefined","100.00","Identify which region has a larger population.","undefined","60","undefined","14435","14435","Hexbin"
"2c3617b8-abe3-4db0-9b5e-e6890dad16ed","trial-hexbin","2","windowEvents","undefined","undefined","undefined","undefined","undefined","undefined","undefined","{""focus"":2,""input"":2,""keydown"":2,""keyup"":2,""mousemove"":30,""mousedown"":2,""mouseup"":2,""resize"":0,""scroll"":0,""visibility"":0}","undefined","undefined","undefined","undefined"
"2c3617b8-abe3-4db0-9b5e-e6890dad16ed","trial-choropleth","3","choropleth-response","completed","undefined","undefined","undefined","100.00","Identify which region has a larger population.","How much larger is State A than State B?","20","undefined","11454","11454","Choropleth"
"2c3617b8-abe3-4db0-9b5e-e6890dad16ed","trial-choropleth","3","groundTruth","completed","undefined","undefined","undefined","100.00","Identify which region has a larger population.","undefined","20","undefined","11454","11454","Choropleth"
"2c3617b8-abe3-4db0-9b5e-e6890dad16ed","trial-choropleth","3","windowEvents","undefined","undefined","undefined","undefined","undefined","undefined","undefined","{""focus"":2,""input"":2,""keydown"":2,""keyup"":2,""mousemove"":32,""mousedown"":2,""mouseup"":2,""resize"":0,""scroll"":0,""visibility"":0}","undefined","undefined","undefined","undefined"
"2c3617b8-abe3-4db0-9b5e-e6890dad16ed","trial-hexbin","4","hexbin-response","completed","undefined","undefined","undefined","100.00","Identify which region has a larger population.","How much larger is Region A than Region B?","15","undefined","15224","15224","Hexbin"
"2c3617b8-abe3-4db0-9b5e-e6890dad16ed","trial-hexbin","4","groundTruth","completed","undefined","undefined","undefined","100.00","Identify which region has a larger population.","undefined","15","undefined","15224","15224","Hexbin"
"2c3617b8-abe3-4db0-9b5e-e6890dad16ed","trial-hexbin","4","windowEvents","undefined","undefined","undefined","undefined","undefined","undefined","undefined","{""focus"":2,""input"":2,""keydown"":2,""keyup"":2,""mousemove"":28,""mousedown"":2,""mouseup"":2,""resize"":0,""scroll"":0,""visibility"":0}","undefined","undefined","undefined","undefined"
"2c3617b8-abe3-4db0-9b5e-e6890dad16ed","trial-hexbin","5","hexbin-response","completed","undefined","undefined","undefined","100.00","Identify which region has a larger population.","How much larger is Region A than Region B?","45","undefined","9260","9260","Hexbin"
"2c3617b8-abe3-4db0-9b5e-e6890dad16ed","trial-hexbin","5","groundTruth","completed","undefined","undefined","undefined","100.00","Identify which region has a larger population.","undefined","40","undefined","9260","9260","Hexbin"
"2c3617b8-abe3-4db0-9b5e-e6890dad16ed","trial-hexbin","5","windowEvents","undefined","undefined","undefined","undefined","undefined","undefined","undefined","{""focus"":2,""input"":2,""keydown"":2,""keyup"":2,""mousemove"":24,""mousedown"":2,""mouseup"":2,""resize"":0,""scroll"":0,""visibility"":0}","undefined","undefined","undefined","undefined"
"2c3617b8-abe3-4db0-9b5e-e6890dad16ed","trial-choropleth","6","choropleth-response","completed","undefined","undefined","undefined","100.00","Identify which region has a larger population.","How much larger is State A than State B?","40","undefined","13181","13181","Choropleth"
"2c3617b8-abe3-4db0-9b5e-e6890dad16ed","trial-choropleth","6","groundTruth","completed","undefined","undefined","undefined","100.00","Identify which region has a larger population.","undefined","25","undefined","13181","13181","Choropleth"
"2c3617b8-abe3-4db0-9b5e-e6890dad16ed","trial-choropleth","6","windowEvents","undefined","undefined","undefined","undefined","undefined","undefined","undefined","{""focus"":2,""input"":2,""keydown"":2,""keyup"":2,""mousemove"":17,""mousedown"":2,""mouseup"":2,""resize"":0,""scroll"":0,""visibility"":0}","undefined","undefined","undefined","undefined"
"2c3617b8-abe3-4db0-9b5e-e6890dad16ed","trial-choropleth","7","choropleth-response","completed","undefined","undefined","undefined","100.00","Identify which region has a larger population.","How much larger is State A than State B?","5","undefined","8041","8041","Choropleth"
"2c3617b8-abe3-4db0-9b5e-e6890dad16ed","trial-choropleth","7","groundTruth","completed","undefined","undefined","undefined","100.00","Identify which region has a larger population.","undefined","10","undefined","8041","8041","Choropleth"
"2c3617b8-abe3-4db0-9b5e-e6890dad16ed","trial-choropleth","7","windowEvents","undefined","undefined","undefined","undefined","undefined","undefined","undefined","{""focus"":2,""input"":1,""keydown"":1,""keyup"":1,""mousemove"":18,""mousedown"":2,""mouseup"":2,""resize"":0,""scroll"":0,""visibility"":0}","undefined","undefined","undefined","undefined"
"2c3617b8-abe3-4db0-9b5e-e6890dad16ed","trial-spike","8","spike-response","completed","undefined","undefined","undefined","100.00","Identify which city has a larger population.","How much larger is City A than City B?","40","undefined","24868","24868","Spike"
"2c3617b8-abe3-4db0-9b5e-e6890dad16ed","trial-spike","8","groundTruth","completed","undefined","undefined","undefined","100.00","Identify which city has a larger population.","undefined","15","undefined","24868","24868","Spike"
"2c3617b8-abe3-4db0-9b5e-e6890dad16ed","trial-spike","8","windowEvents","undefined","undefined","undefined","undefined","undefined","undefined","undefined","{""focus"":2,""input"":6,""keydown"":6,""keyup"":6,""mousemove"":52,""mousedown"":3,""mouseup"":2,""resize"":0,""scroll"":0,""visibility"":0}","undefined","undefined","undefined","undefined"
"2c3617b8-abe3-4db0-9b5e-e6890dad16ed","trial-choropleth","9","choropleth-response","completed","undefined","undefined","undefined","100.00","Identify which region has a larger population.","How much larger is State A than State B?","25","undefined","8145","8145","Choropleth"
"2c3617b8-abe3-4db0-9b5e-e6890dad16ed","trial-choropleth","9","groundTruth","completed","undefined","undefined","undefined","100.00","Identify which region has a larger population.","undefined","25","undefined","8145","8145","Choropleth"
"2c3617b8-abe3-4db0-9b5e-e6890dad16ed","trial-choropleth","9","windowEvents","undefined","undefined","undefined","undefined","undefined","undefined","undefined","{""focus"":2,""input"":2,""keydown"":2,""keyup"":2,""mousemove"":22,""mousedown"":1,""mouseup"":2,""resize"":0,""scroll"":0,""visibility"":0}","undefined","undefined","undefined","undefined"
"2c3617b8-abe3-4db0-9b5e-e6890dad16ed","trial-spike","10","spike-response","completed","undefined","undefined","undefined","100.00","Identify which city has a larger population.","How much larger is City A than City B?","20","undefined","17080","17080","Spike"
"2c3617b8-abe3-4db0-9b5e-e6890dad16ed","trial-spike","10","groundTruth","completed","undefined","undefined","undefined","100.00","Identify which city has a larger population.","undefined","25","undefined","17080","17080","Spike"
"2c3617b8-abe3-4db0-9b5e-e6890dad16ed","trial-spike","10","windowEvents","undefined","undefined","undefined","undefined","undefined","undefined","undefined","{""focus"":2,""input"":4,""keydown"":4,""keyup"":3,""mousemove"":34,""mousedown"":2,""mouseup"":2,""resize"":0,""scroll"":0,""visibility"":0}","undefined","undefined","undefined","undefined"
"2c3617b8-abe3-4db0-9b5e-e6890dad16ed","trial-bubble","11","bubble-response","completed","undefined","undefined","undefined","100.00","Identify which city has a larger population.","How much larger is City A than City B?","50","undefined","7771","7771","Bubble"
"2c3617b8-abe3-4db0-9b5e-e6890dad16ed","trial-bubble","11","groundTruth","completed","undefined","undefined","undefined","100.00","Identify which city has a larger population.","undefined","25","undefined","7771","7771","Bubble"
"2c3617b8-abe3-4db0-9b5e-e6890dad16ed","trial-bubble","11","windowEvents","undefined","undefined","undefined","undefined","undefined","undefined","undefined","{""focus"":2,""input"":2,""keydown"":2,""keyup"":2,""mousemove"":25,""mousedown"":2,""mouseup"":2,""resize"":0,""scroll"":0,""visibility"":0}","undefined","undefined","undefined","undefined"
"2c3617b8-abe3-4db0-9b5e-e6890dad16ed","trial-spike","12","spike-response","completed","undefined","undefined","undefined","100.00","Identify which city has a larger population.","How much larger is City A than City B?","20","undefined","14890","14890","Spike"
"2c3617b8-abe3-4db0-9b5e-e6890dad16ed","trial-spike","12","groundTruth","completed","undefined","undefined","undefined","100.00","Identify which city has a larger population.","undefined","25","undefined","14890","14890","Spike"
"2c3617b8-abe3-4db0-9b5e-e6890dad16ed","trial-spike","12","windowEvents","undefined","undefined","undefined","undefined","undefined","undefined","undefined","{""focus"":2,""input"":2,""keydown"":2,""keyup"":2,""mousemove"":21,""mousedown"":2,""mouseup"":2,""resize"":0,""scroll"":0,""visibility"":0}","undefined","undefined","undefined","undefined"
"2c3617b8-abe3-4db0-9b5e-e6890dad16ed","trial-bubble","13","bubble-response","completed","undefined","undefined","undefined","100.00","Identify which city has a larger population.","How much larger is City A than City B?","15","undefined","14654","14654","Bubble"
"2c3617b8-abe3-4db0-9b5e-e6890dad16ed","trial-bubble","13","groundTruth","completed","undefined","undefined","undefined","100.00","Identify which city has a larger population.","undefined","15","undefined","14654","14654","Bubble"
"2c3617b8-abe3-4db0-9b5e-e6890dad16ed","trial-bubble","13","windowEvents","undefined","undefined","undefined","undefined","undefined","undefined","undefined","{""focus"":2,""input"":2,""keydown"":2,""keyup"":2,""mousemove"":29,""mousedown"":2,""mouseup"":2,""resize"":0,""scroll"":0,""visibility"":0}","undefined","undefined","undefined","undefined"
"2c3617b8-abe3-4db0-9b5e-e6890dad16ed","trial-choropleth","14","choropleth-response","completed","undefined","undefined","undefined","100.00","Identify which region has a larger population.","How much larger is State A than State B?","0","undefined","8902","8902","Choropleth"
"2c3617b8-abe3-4db0-9b5e-e6890dad16ed","trial-choropleth","14","groundTruth","completed","undefined","undefined","undefined","100.00","Identify which region has a larger population.","undefined","0","undefined","8902","8902","Choropleth"
"2c3617b8-abe3-4db0-9b5e-e6890dad16ed","trial-choropleth","14","windowEvents","undefined","undefined","undefined","undefined","undefined","undefined","undefined","{""focus"":2,""input"":5,""keydown"":5,""keyup"":5,""mousemove"":31,""mousedown"":2,""mouseup"":2,""resize"":0,""scroll"":0,""visibility"":0}","undefined","undefined","undefined","undefined"
"2c3617b8-abe3-4db0-9b5e-e6890dad16ed","trial-spike","15","spike-response","completed","undefined","undefined","undefined","100.00","Identify which city has a larger population.","How much larger is City A than City B?","60","undefined","9592","9592","Spike"
"2c3617b8-abe3-4db0-9b5e-e6890dad16ed","trial-spike","15","groundTruth","completed","undefined","undefined","undefined","100.00","Identify which city has a larger population.","undefined","70","undefined","9592","9592","Spike"
"2c3617b8-abe3-4db0-9b5e-e6890dad16ed","trial-spike","15","windowEvents","undefined","undefined","undefined","undefined","undefined","undefined","undefined","{""focus"":2,""input"":3,""keydown"":3,""keyup"":3,""mousemove"":23,""mousedown"":2,""mouseup"":2,""resize"":0,""scroll"":0,""visibility"":0}","undefined","undefined","undefined","undefined"
"2c3617b8-abe3-4db0-9b5e-e6890dad16ed","trial-hexbin","16","hexbin-response","completed","undefined","undefined","undefined","100.00","Identify which region has a larger population.","How much larger is Region A than Region B?","35","undefined","17212","17212","Hexbin"
"2c3617b8-abe3-4db0-9b5e-e6890dad16ed","trial-hexbin","16","groundTruth","completed","undefined","undefined","undefined","100.00","Identify which region has a larger population.","undefined","25","undefined","17212","17212","Hexbin"
"2c3617b8-abe3-4db0-9b5e-e6890dad16ed","trial-hexbin","16","windowEvents","undefined","undefined","undefined","undefined","undefined","undefined","undefined","{""focus"":2,""input"":2,""keydown"":2,""keyup"":2,""mousemove"":37,""mousedown"":2,""mouseup"":2,""resize"":0,""scroll"":0,""visibility"":0}","undefined","undefined","undefined","undefined"
"2c3617b8-abe3-4db0-9b5e-e6890dad16ed","trial-spike","17","spike-response","completed","undefined","undefined","undefined","100.00","Identify which city has a larger population.","How much larger is City A than City B?","15","undefined","7093","7093","Spike"
"2c3617b8-abe3-4db0-9b5e-e6890dad16ed","trial-spike","17","groundTruth","completed","undefined","undefined","undefined","100.00","Identify which city has a larger population.","undefined","15","undefined","7093","7093","Spike"
"2c3617b8-abe3-4db0-9b5e-e6890dad16ed","trial-spike","17","windowEvents","undefined","undefined","undefined","undefined","undefined","undefined","undefined","{""focus"":2,""input"":2,""keydown"":2,""keyup"":2,""mousemove"":20,""mousedown"":2,""mouseup"":2,""resize"":0,""scroll"":0,""visibility"":0}","undefined","undefined","undefined","undefined"
"2c3617b8-abe3-4db0-9b5e-e6890dad16ed","trial-hexbin","18","hexbin-response","completed","undefined","undefined","undefined","100.00","Identify which region has a larger population.","How much larger is Region A than Region B?","5","undefined","6670","6670","Hexbin"
"2c3617b8-abe3-4db0-9b5e-e6890dad16ed","trial-hexbin","18","groundTruth","completed","undefined","undefined","undefined","100.00","Identify which region has a larger population.","undefined","5","undefined","6670","6670","Hexbin"
"2c3617b8-abe3-4db0-9b5e-e6890dad16ed","trial-hexbin","18","windowEvents","undefined","undefined","undefined","undefined","undefined","undefined","undefined","{""focus"":3,""input"":1,""keydown"":1,""keyup"":1,""mousemove"":16,""mousedown"":3,""mouseup"":2,""resize"":0,""scroll"":0,""visibility"":0}","undefined","undefined","undefined","undefined"
"2c3617b8-abe3-4db0-9b5e-e6890dad16ed","trial-bubble","19","bubble-response","completed","undefined","undefined","undefined","100.00","Identify which city has a larger population.","How much larger is City A than City B?","15","undefined","9183","9183","Bubble"
"2c3617b8-abe3-4db0-9b5e-e6890dad16ed","trial-bubble","19","groundTruth","completed","undefined","undefined","undefined","100.00","Identify which city has a larger population.","undefined","20","undefined","9183","9183","Bubble"
"2c3617b8-abe3-4db0-9b5e-e6890dad16ed","trial-bubble","19","windowEvents","undefined","undefined","undefined","undefined","undefined","undefined","undefined","{""focus"":1,""input"":4,""keydown"":4,""keyup"":4,""mousemove"":24,""mousedown"":2,""mouseup"":3,""resize"":0,""scroll"":0,""visibility"":0}","undefined","undefined","undefined","undefined"
"2c3617b8-abe3-4db0-9b5e-e6890dad16ed","trial-bubble","20","bubble-response","completed","undefined","undefined","undefined","100.00","Identify which city has a larger population.","How much larger is City A than City B?","10","undefined","4911","4911","Bubble"
"2c3617b8-abe3-4db0-9b5e-e6890dad16ed","trial-bubble","20","groundTruth","completed","undefined","undefined","undefined","100.00","Identify which city has a larger population.","undefined","15","undefined","4911","4911","Bubble"
"2c3617b8-abe3-4db0-9b5e-e6890dad16ed","trial-bubble","20","windowEvents","undefined","undefined","undefined","undefined","undefined","undefined","undefined","{""focus"":2,""input"":2,""keydown"":2,""keyup"":2,""mousemove"":18,""mousedown"":2,""mouseup"":2,""resize"":0,""scroll"":0,""visibility"":0}","undefined","undefined","undefined","undefined"
"3555385e-6874-4ddd-a69a-9024603e5c59","participantTags","null","participantTags","undefined","undefined","undefined","undefined","undefined","undefined","undefined","[]","undefined","undefined","undefined","undefined"
"4418e26c-1628-4948-ad71-2bd8683f6c95","participantTags","null","participantTags","undefined","undefined","undefined","undefined","undefined","undefined","undefined","[]","undefined","undefined","undefined","undefined"
"4418e26c-1628-4948-ad71-2bd8683f6c95","introduction","0","","completed","undefined","undefined","undefined","100.00","undefined","undefined","undefined","undefined","29289","24776","undefined"
"4418e26c-1628-4948-ad71-2bd8683f6c95","introduction","0","windowEvents","undefined","undefined","undefined","undefined","undefined","undefined","undefined","{""focus"":2,""input"":0,""keydown"":0,""keyup"":0,""mousemove"":34,""mousedown"":1,""mouseup"":0,""resize"":0,""scroll"":0,""visibility"":2}","undefined","undefined","undefined","undefined"
"4418e26c-1628-4948-ad71-2bd8683f6c95","trial-hexbin","1","hexbin-response","completed","undefined","undefined","undefined","100.00","Identify which region has a larger population.","How much larger is Region A than Region B?","-50","undefined","52845","52845","Hexbin"
"4418e26c-1628-4948-ad71-2bd8683f6c95","trial-hexbin","1","groundTruth","completed","undefined","undefined","undefined","100.00","Identify which region has a larger population.","undefined","25","undefined","52845","52845","Hexbin"
"4418e26c-1628-4948-ad71-2bd8683f6c95","trial-hexbin","1","windowEvents","undefined","undefined","undefined","undefined","undefined","undefined","undefined","{""focus"":3,""input"":7,""keydown"":7,""keyup"":7,""mousemove"":52,""mousedown"":2,""mouseup"":3,""resize"":0,""scroll"":0,""visibility"":0}","undefined","undefined","undefined","undefined"
"4418e26c-1628-4948-ad71-2bd8683f6c95","trial-choropleth","2","choropleth-response","completed","undefined","undefined","undefined","100.00","Identify which region has a larger population.","How much larger is State A than State B?","0","undefined","30243","30243","Choropleth"
"4418e26c-1628-4948-ad71-2bd8683f6c95","trial-choropleth","2","groundTruth","completed","undefined","undefined","undefined","100.00","Identify which region has a larger population.","undefined","5","undefined","30243","30243","Choropleth"
"4418e26c-1628-4948-ad71-2bd8683f6c95","trial-choropleth","2","windowEvents","undefined","undefined","undefined","undefined","undefined","undefined","undefined","{""focus"":2,""input"":3,""keydown"":3,""keyup"":3,""mousemove"":10,""mousedown"":2,""mouseup"":2,""resize"":0,""scroll"":0,""visibility"":0}","undefined","undefined","undefined","undefined"
"4418e26c-1628-4948-ad71-2bd8683f6c95","trial-hexbin","3","hexbin-response","completed","undefined","undefined","undefined","100.00","Identify which region has a larger population.","How much larger is Region A than Region B?","60","undefined","14190","14190","Hexbin"
"4418e26c-1628-4948-ad71-2bd8683f6c95","trial-hexbin","3","groundTruth","completed","undefined","undefined","undefined","100.00","Identify which region has a larger population.","undefined","45","undefined","14190","14190","Hexbin"
"4418e26c-1628-4948-ad71-2bd8683f6c95","trial-hexbin","3","windowEvents","undefined","undefined","undefined","undefined","undefined","undefined","undefined","{""focus"":2,""input"":2,""keydown"":2,""keyup"":2,""mousemove"":24,""mousedown"":2,""mouseup"":2,""resize"":0,""scroll"":0,""visibility"":0}","undefined","undefined","undefined","undefined"
"4418e26c-1628-4948-ad71-2bd8683f6c95","trial-choropleth","4","choropleth-response","completed","undefined","undefined","undefined","100.00","Identify which region has a larger population.","How much larger is State A than State B?","0","undefined","11351","11351","Choropleth"
"4418e26c-1628-4948-ad71-2bd8683f6c95","trial-choropleth","4","groundTruth","completed","undefined","undefined","undefined","100.00","Identify which region has a larger population.","undefined","5","undefined","11351","11351","Choropleth"
"4418e26c-1628-4948-ad71-2bd8683f6c95","trial-choropleth","4","windowEvents","undefined","undefined","undefined","undefined","undefined","undefined","undefined","{""focus"":2,""input"":1,""keydown"":1,""keyup"":1,""mousemove"":16,""mousedown"":2,""mouseup"":2,""resize"":0,""scroll"":0,""visibility"":0}","undefined","undefined","undefined","undefined"
"4418e26c-1628-4948-ad71-2bd8683f6c95","trial-spike","5","spike-response","completed","undefined","undefined","undefined","100.00","Identify which city has a larger population.","How much larger is City A than City B?","20","undefined","14311","14311","Spike"
"4418e26c-1628-4948-ad71-2bd8683f6c95","trial-spike","5","groundTruth","completed","undefined","undefined","undefined","100.00","Identify which city has a larger population.","undefined","40","undefined","14311","14311","Spike"
"4418e26c-1628-4948-ad71-2bd8683f6c95","trial-spike","5","windowEvents","undefined","undefined","undefined","undefined","undefined","undefined","undefined","{""focus"":2,""input"":2,""keydown"":2,""keyup"":2,""mousemove"":15,""mousedown"":3,""mouseup"":3,""resize"":0,""scroll"":0,""visibility"":0}","undefined","undefined","undefined","undefined"
"4418e26c-1628-4948-ad71-2bd8683f6c95","trial-spike","6","spike-response","completed","undefined","undefined","undefined","100.00","Identify which city has a larger population.","How much larger is City A than City B?","60","undefined","19593","19593","Spike"
"4418e26c-1628-4948-ad71-2bd8683f6c95","trial-spike","6","groundTruth","completed","undefined","undefined","undefined","100.00","Identify which city has a larger population.","undefined","65","undefined","19593","19593","Spike"
"4418e26c-1628-4948-ad71-2bd8683f6c95","trial-spike","6","windowEvents","undefined","undefined","undefined","undefined","undefined","undefined","undefined","{""focus"":2,""input"":2,""keydown"":2,""keyup"":2,""mousemove"":18,""mousedown"":3,""mouseup"":3,""resize"":0,""scroll"":0,""visibility"":0}","undefined","undefined","undefined","undefined"
"4418e26c-1628-4948-ad71-2bd8683f6c95","trial-hexbin","7","hexbin-response","completed","undefined","undefined","undefined","100.00","Identify which region has a larger population.","How much larger is Region A than Region B?","30","undefined","22119","17662","Hexbin"
"4418e26c-1628-4948-ad71-2bd8683f6c95","trial-hexbin","7","groundTruth","completed","undefined","undefined","undefined","100.00","Identify which region has a larger population.","undefined","40","undefined","22119","17662","Hexbin"
"4418e26c-1628-4948-ad71-2bd8683f6c95","trial-hexbin","7","windowEvents","undefined","undefined","undefined","undefined","undefined","undefined","undefined","{""focus"":3,""input"":2,""keydown"":2,""keyup"":2,""mousemove"":15,""mousedown"":2,""mouseup"":2,""resize"":0,""scroll"":0,""visibility"":2}","undefined","undefined","undefined","undefined"
"4418e26c-1628-4948-ad71-2bd8683f6c95","trial-bubble","8","bubble-response","completed","undefined","undefined","undefined","100.00","Identify which city has a larger population.","How much larger is City A than City B?","0","undefined","10926","10926","Bubble"
"4418e26c-1628-4948-ad71-2bd8683f6c95","trial-bubble","8","groundTruth","completed","undefined","undefined","undefined","100.00","Identify which city has a larger population.","undefined","15","undefined","10926","10926","Bubble"
"4418e26c-1628-4948-ad71-2bd8683f6c95","trial-bubble","8","windowEvents","undefined","undefined","undefined","undefined","undefined","undefined","undefined","{""focus"":3,""input"":1,""keydown"":1,""keyup"":1,""mousemove"":20,""mousedown"":3,""mouseup"":2,""resize"":0,""scroll"":0,""visibility"":0}","undefined","undefined","undefined","undefined"
"4418e26c-1628-4948-ad71-2bd8683f6c95","trial-bubble","9","bubble-response","completed","undefined","undefined","undefined","100.00","Identify which city has a larger population.","How much larger is City A than City B?","0","undefined","6947","6947","Bubble"
"4418e26c-1628-4948-ad71-2bd8683f6c95","trial-bubble","9","groundTruth","completed","undefined","undefined","undefined","100.00","Identify which city has a larger population.","undefined","20","undefined","6947","6947","Bubble"
"4418e26c-1628-4948-ad71-2bd8683f6c95","trial-bubble","9","windowEvents","undefined","undefined","undefined","undefined","undefined","undefined","undefined","{""focus"":1,""input"":1,""keydown"":1,""keyup"":1,""mousemove"":12,""mousedown"":1,""mouseup"":2,""resize"":0,""scroll"":0,""visibility"":0}","undefined","undefined","undefined","undefined"
"4418e26c-1628-4948-ad71-2bd8683f6c95","trial-hexbin","10","hexbin-response","completed","undefined","undefined","undefined","100.00","Identify which region has a larger population.","How much larger is Region A than Region B?","-10","undefined","11925","11925","Hexbin"
"4418e26c-1628-4948-ad71-2bd8683f6c95","trial-hexbin","10","groundTruth","completed","undefined","undefined","undefined","100.00","Identify which region has a larger population.","undefined","15","undefined","11925","11925","Hexbin"
"4418e26c-1628-4948-ad71-2bd8683f6c95","trial-hexbin","10","windowEvents","undefined","undefined","undefined","undefined","undefined","undefined","undefined","{""focus"":2,""input"":3,""keydown"":3,""keyup"":2,""mousemove"":10,""mousedown"":2,""mouseup"":2,""resize"":0,""scroll"":0,""visibility"":0}","undefined","undefined","undefined","undefined"
"4418e26c-1628-4948-ad71-2bd8683f6c95","trial-bubble","11","bubble-response","completed","undefined","undefined","undefined","100.00","Identify which city has a larger population.","How much larger is City A than City B?","10","undefined","10130","10130","Bubble"
"4418e26c-1628-4948-ad71-2bd8683f6c95","trial-bubble","11","groundTruth","completed","undefined","undefined","undefined","100.00","Identify which city has a larger population.","undefined","15","undefined","10130","10130","Bubble"
"4418e26c-1628-4948-ad71-2bd8683f6c95","trial-bubble","11","windowEvents","undefined","undefined","undefined","undefined","undefined","undefined","undefined","{""focus"":2,""input"":2,""keydown"":2,""keyup"":2,""mousemove"":22,""mousedown"":2,""mouseup"":2,""resize"":0,""scroll"":0,""visibility"":0}","undefined","undefined","undefined","undefined"
"4418e26c-1628-4948-ad71-2bd8683f6c95","trial-spike","12","spike-response","completed","undefined","undefined","undefined","100.00","Identify which city has a larger population.","How much larger is City A than City B?","35","undefined","8511","8511","Spike"
"4418e26c-1628-4948-ad71-2bd8683f6c95","trial-spike","12","groundTruth","completed","undefined","undefined","undefined","100.00","Identify which city has a larger population.","undefined","40","undefined","8511","8511","Spike"
"4418e26c-1628-4948-ad71-2bd8683f6c95","trial-spike","12","windowEvents","undefined","undefined","undefined","undefined","undefined","undefined","undefined","{""focus"":2,""input"":2,""keydown"":2,""keyup"":2,""mousemove"":11,""mousedown"":2,""mouseup"":2,""resize"":0,""scroll"":0,""visibility"":0}","undefined","undefined","undefined","undefined"
"4418e26c-1628-4948-ad71-2bd8683f6c95","trial-bubble","13","bubble-response","completed","undefined","undefined","undefined","100.00","Identify which city has a larger population.","How much larger is City A than City B?","0","undefined","5880","5880","Bubble"
"4418e26c-1628-4948-ad71-2bd8683f6c95","trial-bubble","13","groundTruth","completed","undefined","undefined","undefined","100.00","Identify which city has a larger population.","undefined","0","undefined","5880","5880","Bubble"
"4418e26c-1628-4948-ad71-2bd8683f6c95","trial-bubble","13","windowEvents","undefined","undefined","undefined","undefined","undefined","undefined","undefined","{""focus"":2,""input"":1,""keydown"":1,""keyup"":1,""mousemove"":18,""mousedown"":2,""mouseup"":2,""resize"":0,""scroll"":0,""visibility"":0}","undefined","undefined","undefined","undefined"
"4418e26c-1628-4948-ad71-2bd8683f6c95","trial-bubble","14","bubble-response","completed","undefined","undefined","undefined","100.00","Identify which city has a larger population.","How much larger is City A than City B?","0","undefined","9992","9992","Bubble"
"4418e26c-1628-4948-ad71-2bd8683f6c95","trial-bubble","14","groundTruth","completed","undefined","undefined","undefined","100.00","Identify which city has a larger population.","undefined","15","undefined","9992","9992","Bubble"
"4418e26c-1628-4948-ad71-2bd8683f6c95","trial-bubble","14","windowEvents","undefined","undefined","undefined","undefined","undefined","undefined","undefined","{""focus"":2,""input"":1,""keydown"":1,""keyup"":1,""mousemove"":15,""mousedown"":2,""mouseup"":2,""resize"":0,""scroll"":0,""visibility"":0}","undefined","undefined","undefined","undefined"
"4418e26c-1628-4948-ad71-2bd8683f6c95","trial-spike","15","spike-response","completed","undefined","undefined","undefined","100.00","Identify which city has a larger population.","How much larger is City A than City B?","20","undefined","8807","8807","Spike"
"4418e26c-1628-4948-ad71-2bd8683f6c95","trial-spike","15","groundTruth","completed","undefined","undefined","undefined","100.00","Identify which city has a larger population.","undefined","15","undefined","8807","8807","Spike"
"4418e26c-1628-4948-ad71-2bd8683f6c95","trial-spike","15","windowEvents","undefined","undefined","undefined","undefined","undefined","undefined","undefined","{""focus"":2,""input"":2,""keydown"":2,""keyup"":2,""mousemove"":11,""mousedown"":2,""mouseup"":2,""resize"":0,""scroll"":0,""visibility"":0}","undefined","undefined","undefined","undefined"
"4418e26c-1628-4948-ad71-2bd8683f6c95","trial-hexbin","16","hexbin-response","completed","undefined","undefined","undefined","100.00","Identify which region has a larger population.","How much larger is Region A than Region B?","-20","undefined","11779","11779","Hexbin"
"4418e26c-1628-4948-ad71-2bd8683f6c95","trial-hexbin","16","groundTruth","completed","undefined","undefined","undefined","100.00","Identify which region has a larger population.","undefined","15","undefined","11779","11779","Hexbin"
"4418e26c-1628-4948-ad71-2bd8683f6c95","trial-hexbin","16","windowEvents","undefined","undefined","undefined","undefined","undefined","undefined","undefined","{""focus"":2,""input"":5,""keydown"":5,""keyup"":5,""mousemove"":16,""mousedown"":2,""mouseup"":2,""resize"":0,""scroll"":0,""visibility"":0}","undefined","undefined","undefined","undefined"
"4418e26c-1628-4948-ad71-2bd8683f6c95","trial-choropleth","17","choropleth-response","completed","undefined","undefined","undefined","100.00","Identify which region has a larger population.","How much larger is State A than State B?","75","undefined","7479","7479","Choropleth"
"4418e26c-1628-4948-ad71-2bd8683f6c95","trial-choropleth","17","groundTruth","completed","undefined","undefined","undefined","100.00","Identify which region has a larger population.","undefined","80","undefined","7479","7479","Choropleth"
"4418e26c-1628-4948-ad71-2bd8683f6c95","trial-choropleth","17","windowEvents","undefined","undefined","undefined","undefined","undefined","undefined","undefined","{""focus"":2,""input"":2,""keydown"":2,""keyup"":2,""mousemove"":12,""mousedown"":2,""mouseup"":2,""resize"":0,""scroll"":0,""visibility"":0}","undefined","undefined","undefined","undefined"
"4418e26c-1628-4948-ad71-2bd8683f6c95","trial-choropleth","18","choropleth-response","completed","undefined","undefined","undefined","100.00","Identify which region has a larger population.","How much larger is State A than State B?","25","undefined","7625","7625","Choropleth"
"4418e26c-1628-4948-ad71-2bd8683f6c95","trial-choropleth","18","groundTruth","completed","undefined","undefined","undefined","100.00","Identify which region has a larger population.","undefined","25","undefined","7625","7625","Choropleth"
"4418e26c-1628-4948-ad71-2bd8683f6c95","trial-choropleth","18","windowEvents","undefined","undefined","undefined","undefined","undefined","undefined","undefined","{""focus"":2,""input"":2,""keydown"":2,""keyup"":2,""mousemove"":16,""mousedown"":2,""mouseup"":2,""resize"":0,""scroll"":0,""visibility"":0}","undefined","undefined","undefined","undefined"
"4418e26c-1628-4948-ad71-2bd8683f6c95","trial-choropleth","19","choropleth-response","completed","undefined","undefined","undefined","100.00","Identify which region has a larger population.","How much larger is State A than State B?","75","undefined","6436","6436","Choropleth"
"4418e26c-1628-4948-ad71-2bd8683f6c95","trial-choropleth","19","groundTruth","completed","undefined","undefined","undefined","100.00","Identify which region has a larger population.","undefined","70","undefined","6436","6436","Choropleth"
"4418e26c-1628-4948-ad71-2bd8683f6c95","trial-choropleth","19","windowEvents","undefined","undefined","undefined","undefined","undefined","undefined","undefined","{""focus"":2,""input"":2,""keydown"":2,""keyup"":2,""mousemove"":14,""mousedown"":2,""mouseup"":2,""resize"":0,""scroll"":0,""visibility"":0}","undefined","undefined","undefined","undefined"
"4418e26c-1628-4948-ad71-2bd8683f6c95","trial-spike","20","spike-response","completed","undefined","undefined","undefined","100.00","Identify which city has a larger population.","How much larger is City A than City B?","20","undefined","10160","10160","Spike"
"4418e26c-1628-4948-ad71-2bd8683f6c95","trial-spike","20","groundTruth","completed","undefined","undefined","undefined","100.00","Identify which city has a larger population.","undefined","20","undefined","10160","10160","Spike"
"4418e26c-1628-4948-ad71-2bd8683f6c95","trial-spike","20","windowEvents","undefined","undefined","undefined","undefined","undefined","undefined","undefined","{""focus"":2,""input"":2,""keydown"":2,""keyup"":2,""mousemove"":14,""mousedown"":2,""mouseup"":2,""resize"":0,""scroll"":0,""visibility"":0}","undefined","undefined","undefined","undefined"
"4ce09c54-1402-4e66-89d2-93113a2c87db","participantTags","null","participantTags","undefined","undefined","undefined","undefined","undefined","undefined","undefined","[]","undefined","undefined","undefined","undefined"
"4ce09c54-1402-4e66-89d2-93113a2c87db","introduction","0","","completed","undefined","undefined","undefined","100.00","undefined","undefined","undefined","undefined","24930","24930","undefined"
"4ce09c54-1402-4e66-89d2-93113a2c87db","introduction","0","windowEvents","undefined","undefined","undefined","undefined","undefined","undefined","undefined","{""focus"":2,""input"":0,""keydown"":0,""keyup"":2,""mousemove"":5,""mousedown"":1,""mouseup"":0,""resize"":0,""scroll"":0,""visibility"":1}","undefined","undefined","undefined","undefined"
"4ce09c54-1402-4e66-89d2-93113a2c87db","trial-hexbin","1","hexbin-response","completed","undefined","undefined","undefined","100.00","Identify which region has a larger population.","How much larger is Region A than Region B?","2","undefined","47068","47068","Hexbin"
"4ce09c54-1402-4e66-89d2-93113a2c87db","trial-hexbin","1","groundTruth","completed","undefined","undefined","undefined","100.00","Identify which region has a larger population.","undefined","5","undefined","47068","47068","Hexbin"
"4ce09c54-1402-4e66-89d2-93113a2c87db","trial-hexbin","1","windowEvents","undefined","undefined","undefined","undefined","undefined","undefined","undefined","{""focus"":2,""input"":12,""keydown"":19,""keyup"":10,""mousemove"":24,""mousedown"":3,""mouseup"":3,""resize"":0,""scroll"":0,""visibility"":0}","undefined","undefined","undefined","undefined"
"4ce09c54-1402-4e66-89d2-93113a2c87db","trial-hexbin","2","hexbin-response","completed","undefined","undefined","undefined","100.00","Identify which region has a larger population.","How much larger is Region A than Region B?","125","undefined","15523","15523","Hexbin"
"4ce09c54-1402-4e66-89d2-93113a2c87db","trial-hexbin","2","groundTruth","completed","undefined","undefined","undefined","100.00","Identify which region has a larger population.","undefined","125","undefined","15523","15523","Hexbin"
"4ce09c54-1402-4e66-89d2-93113a2c87db","trial-hexbin","2","windowEvents","undefined","undefined","undefined","undefined","undefined","undefined","undefined","{""focus"":2,""input"":2,""keydown"":3,""keyup"":2,""mousemove"":11,""mousedown"":2,""mouseup"":2,""resize"":0,""scroll"":0,""visibility"":0}","undefined","undefined","undefined","undefined"
"4ce09c54-1402-4e66-89d2-93113a2c87db","trial-choropleth","3","choropleth-response","completed","undefined","undefined","undefined","100.00","Identify which region has a larger population.","How much larger is State A than State B?","75","undefined","16337","16337","Choropleth"
"4ce09c54-1402-4e66-89d2-93113a2c87db","trial-choropleth","3","groundTruth","completed","undefined","undefined","undefined","100.00","Identify which region has a larger population.","undefined","75","undefined","16337","16337","Choropleth"
"4ce09c54-1402-4e66-89d2-93113a2c87db","trial-choropleth","3","windowEvents","undefined","undefined","undefined","undefined","undefined","undefined","undefined","{""focus"":2,""input"":1,""keydown"":2,""keyup"":1,""mousemove"":9,""mousedown"":2,""mouseup"":2,""resize"":0,""scroll"":0,""visibility"":0}","undefined","undefined","undefined","undefined"
"4ce09c54-1402-4e66-89d2-93113a2c87db","trial-choropleth","4","choropleth-response","completed","undefined","undefined","undefined","100.00","Identify which region has a larger population.","How much larger is State A than State B?","40","undefined","19098","19098","Choropleth"
"4ce09c54-1402-4e66-89d2-93113a2c87db","trial-choropleth","4","groundTruth","completed","undefined","undefined","undefined","100.00","Identify which region has a larger population.","undefined","40","undefined","19098","19098","Choropleth"
"4ce09c54-1402-4e66-89d2-93113a2c87db","trial-choropleth","4","windowEvents","undefined","undefined","undefined","undefined","undefined","undefined","undefined","{""focus"":2,""input"":2,""keydown"":2,""keyup"":2,""mousemove"":14,""mousedown"":2,""mouseup"":2,""resize"":0,""scroll"":0,""visibility"":0}","undefined","undefined","undefined","undefined"
"4ce09c54-1402-4e66-89d2-93113a2c87db","trial-bubble","5","bubble-response","completed","undefined","undefined","undefined","100.00","Identify which city has a larger population.","How much larger is City A than City B?","75","undefined","15972","15972","Bubble"
"4ce09c54-1402-4e66-89d2-93113a2c87db","trial-bubble","5","groundTruth","completed","undefined","undefined","undefined","100.00","Identify which city has a larger population.","undefined","85","undefined","15972","15972","Bubble"
"4ce09c54-1402-4e66-89d2-93113a2c87db","trial-bubble","5","windowEvents","undefined","undefined","undefined","undefined","undefined","undefined","undefined","{""focus"":2,""input"":2,""keydown"":2,""keyup"":1,""mousemove"":26,""mousedown"":3,""mouseup"":3,""resize"":0,""scroll"":0,""visibility"":0}","undefined","undefined","undefined","undefined"
"4ce09c54-1402-4e66-89d2-93113a2c87db","trial-bubble","6","bubble-response","completed","undefined","undefined","undefined","100.00","Identify which city has a larger population.","How much larger is City A than City B?","50","undefined","8161","8161","Bubble"
"4ce09c54-1402-4e66-89d2-93113a2c87db","trial-bubble","6","groundTruth","completed","undefined","undefined","undefined","100.00","Identify which city has a larger population.","undefined","55","undefined","8161","8161","Bubble"
"4ce09c54-1402-4e66-89d2-93113a2c87db","trial-bubble","6","windowEvents","undefined","undefined","undefined","undefined","undefined","undefined","undefined","{""focus"":2,""input"":2,""keydown"":2,""keyup"":2,""mousemove"":15,""mousedown"":2,""mouseup"":2,""resize"":0,""scroll"":0,""visibility"":0}","undefined","undefined","undefined","undefined"
"4ce09c54-1402-4e66-89d2-93113a2c87db","trial-spike","7","spike-response","completed","undefined","undefined","undefined","100.00","Identify which city has a larger population.","How much larger is City A than City B?","40","undefined","10137","10137","Spike"
"4ce09c54-1402-4e66-89d2-93113a2c87db","trial-spike","7","groundTruth","completed","undefined","undefined","undefined","100.00","Identify which city has a larger population.","undefined","30","undefined","10137","10137","Spike"
"4ce09c54-1402-4e66-89d2-93113a2c87db","trial-spike","7","windowEvents","undefined","undefined","undefined","undefined","undefined","undefined","undefined","{""focus"":1,""input"":1,""keydown"":1,""keyup"":1,""mousemove"":15,""mousedown"":1,""mouseup"":2,""resize"":0,""scroll"":0,""visibility"":0}","undefined","undefined","undefined","undefined"
"4ce09c54-1402-4e66-89d2-93113a2c87db","trial-bubble","8","bubble-response","completed","undefined","undefined","undefined","100.00","Identify which city has a larger population.","How much larger is City A than City B?","30","undefined","13706","13706","Bubble"
"4ce09c54-1402-4e66-89d2-93113a2c87db","trial-bubble","8","groundTruth","completed","undefined","undefined","undefined","100.00","Identify which city has a larger population.","undefined","20","undefined","13706","13706","Bubble"
"4ce09c54-1402-4e66-89d2-93113a2c87db","trial-bubble","8","windowEvents","undefined","undefined","undefined","undefined","undefined","undefined","undefined","{""focus"":3,""input"":9,""keydown"":9,""keyup"":8,""mousemove"":27,""mousedown"":3,""mouseup"":2,""resize"":0,""scroll"":0,""visibility"":0}","undefined","undefined","undefined","undefined"
"4ce09c54-1402-4e66-89d2-93113a2c87db","trial-spike","9","spike-response","completed","undefined","undefined","undefined","100.00","Identify which city has a larger population.","How much larger is City A than City B?","20","undefined","6130","6130","Spike"
"4ce09c54-1402-4e66-89d2-93113a2c87db","trial-spike","9","groundTruth","completed","undefined","undefined","undefined","100.00","Identify which city has a larger population.","undefined","30","undefined","6130","6130","Spike"
"4ce09c54-1402-4e66-89d2-93113a2c87db","trial-spike","9","windowEvents","undefined","undefined","undefined","undefined","undefined","undefined","undefined","{""focus"":2,""input"":1,""keydown"":3,""keyup"":2,""mousemove"":8,""mousedown"":2,""mouseup"":2,""resize"":0,""scroll"":0,""visibility"":0}","undefined","undefined","undefined","undefined"
"4ce09c54-1402-4e66-89d2-93113a2c87db","trial-choropleth","10","choropleth-response","completed","undefined","undefined","undefined","100.00","Identify which region has a larger population.","How much larger is State A than State B?","40","undefined","8725","8725","Choropleth"
"4ce09c54-1402-4e66-89d2-93113a2c87db","trial-choropleth","10","groundTruth","completed","undefined","undefined","undefined","100.00","Identify which region has a larger population.","undefined","15","undefined","8725","8725","Choropleth"
"4ce09c54-1402-4e66-89d2-93113a2c87db","trial-choropleth","10","windowEvents","undefined","undefined","undefined","undefined","undefined","undefined","undefined","{""focus"":2,""input"":2,""keydown"":4,""keyup"":4,""mousemove"":15,""mousedown"":2,""mouseup"":2,""resize"":0,""scroll"":0,""visibility"":0}","undefined","undefined","undefined","undefined"
"4ce09c54-1402-4e66-89d2-93113a2c87db","trial-bubble","11","bubble-response","completed","undefined","undefined","undefined","100.00","Identify which city has a larger population.","How much larger is City A than City B?","75","undefined","7629","7629","Bubble"
"4ce09c54-1402-4e66-89d2-93113a2c87db","trial-bubble","11","groundTruth","completed","undefined","undefined","undefined","100.00","Identify which city has a larger population.","undefined","85","undefined","7629","7629","Bubble"
"4ce09c54-1402-4e66-89d2-93113a2c87db","trial-bubble","11","windowEvents","undefined","undefined","undefined","undefined","undefined","undefined","undefined","{""focus"":2,""input"":3,""keydown"":3,""keyup"":3,""mousemove"":14,""mousedown"":2,""mouseup"":2,""resize"":0,""scroll"":0,""visibility"":0}","undefined","undefined","undefined","undefined"
"4ce09c54-1402-4e66-89d2-93113a2c87db","trial-spike","12","spike-response","completed","undefined","undefined","undefined","100.00","Identify which city has a larger population.","How much larger is City A than City B?","60","undefined","9465","9465","Spike"
"4ce09c54-1402-4e66-89d2-93113a2c87db","trial-spike","12","groundTruth","completed","undefined","undefined","undefined","100.00","Identify which city has a larger population.","undefined","60","undefined","9465","9465","Spike"
"4ce09c54-1402-4e66-89d2-93113a2c87db","trial-spike","12","windowEvents","undefined","undefined","undefined","undefined","undefined","undefined","undefined","{""focus"":2,""input"":5,""keydown"":6,""keyup"":6,""mousemove"":20,""mousedown"":2,""mouseup"":2,""resize"":0,""scroll"":0,""visibility"":0}","undefined","undefined","undefined","undefined"
"4ce09c54-1402-4e66-89d2-93113a2c87db","trial-hexbin","13","hexbin-response","completed","undefined","undefined","undefined","100.00","Identify which region has a larger population.","How much larger is Region A than Region B?","30","undefined","21750","21750","Hexbin"
"4ce09c54-1402-4e66-89d2-93113a2c87db","trial-hexbin","13","groundTruth","completed","undefined","undefined","undefined","100.00","Identify which region has a larger population.","undefined","25","undefined","21750","21750","Hexbin"
"4ce09c54-1402-4e66-89d2-93113a2c87db","trial-hexbin","13","windowEvents","undefined","undefined","undefined","undefined","undefined","undefined","undefined","{""focus"":2,""input"":2,""keydown"":2,""keyup"":2,""mousemove"":17,""mousedown"":2,""mouseup"":2,""resize"":0,""scroll"":0,""visibility"":0}","undefined","undefined","undefined","undefined"
"4ce09c54-1402-4e66-89d2-93113a2c87db","trial-spike","14","spike-response","completed","undefined","undefined","undefined","100.00","Identify which city has a larger population.","How much larger is City A than City B?","60","undefined","12655","12655","Spike"
"4ce09c54-1402-4e66-89d2-93113a2c87db","trial-spike","14","groundTruth","completed","undefined","undefined","undefined","100.00","Identify which city has a larger population.","undefined","0","undefined","12655","12655","Spike"
"4ce09c54-1402-4e66-89d2-93113a2c87db","trial-spike","14","windowEvents","undefined","undefined","undefined","undefined","undefined","undefined","undefined","{""focus"":2,""input"":1,""keydown"":1,""keyup"":1,""mousemove"":17,""mousedown"":2,""mouseup"":2,""resize"":0,""scroll"":0,""visibility"":0}","undefined","undefined","undefined","undefined"
"4ce09c54-1402-4e66-89d2-93113a2c87db","trial-choropleth","15","choropleth-response","completed","undefined","undefined","undefined","100.00","Identify which region has a larger population.","How much larger is State A than State B?","25","undefined","10709","10709","Choropleth"
"4ce09c54-1402-4e66-89d2-93113a2c87db","trial-choropleth","15","groundTruth","completed","undefined","undefined","undefined","100.00","Identify which region has a larger population.","undefined","20","undefined","10709","10709","Choropleth"
"4ce09c54-1402-4e66-89d2-93113a2c87db","trial-choropleth","15","windowEvents","undefined","undefined","undefined","undefined","undefined","undefined","undefined","{""focus"":2,""input"":1,""keydown"":2,""keyup"":1,""mousemove"":13,""mousedown"":2,""mouseup"":2,""resize"":0,""scroll"":0,""visibility"":0}","undefined","undefined","undefined","undefined"
"4ce09c54-1402-4e66-89d2-93113a2c87db","trial-bubble","16","bubble-response","completed","undefined","undefined","undefined","100.00","Identify which city has a larger population.","How much larger is City A than City B?","25","undefined","11186","11186","Bubble"
"4ce09c54-1402-4e66-89d2-93113a2c87db","trial-bubble","16","groundTruth","completed","undefined","undefined","undefined","100.00","Identify which city has a larger population.","undefined","35","undefined","11186","11186","Bubble"
"4ce09c54-1402-4e66-89d2-93113a2c87db","trial-bubble","16","windowEvents","undefined","undefined","undefined","undefined","undefined","undefined","undefined","{""focus"":2,""input"":5,""keydown"":6,""keyup"":6,""mousemove"":15,""mousedown"":2,""mouseup"":2,""resize"":0,""scroll"":0,""visibility"":0}","undefined","undefined","undefined","undefined"
"4ce09c54-1402-4e66-89d2-93113a2c87db","trial-hexbin","17","hexbin-response","completed","undefined","undefined","undefined","100.00","Identify which region has a larger population.","How much larger is Region A than Region B?","20","undefined","6401","6401","Hexbin"
"4ce09c54-1402-4e66-89d2-93113a2c87db","trial-hexbin","17","groundTruth","completed","undefined","undefined","undefined","100.00","Identify which region has a larger population.","undefined","20","undefined","6401","6401","Hexbin"
"4ce09c54-1402-4e66-89d2-93113a2c87db","trial-hexbin","17","windowEvents","undefined","undefined","undefined","undefined","undefined","undefined","undefined","{""focus"":2,""input"":1,""keydown"":1,""keyup"":1,""mousemove"":12,""mousedown"":2,""mouseup"":2,""resize"":0,""scroll"":0,""visibility"":0}","undefined","undefined","undefined","undefined"
"4ce09c54-1402-4e66-89d2-93113a2c87db","trial-choropleth","18","choropleth-response","completed","undefined","undefined","undefined","100.00","Identify which region has a larger population.","How much larger is State A than State B?","54","undefined","19557","19557","Choropleth"
"4ce09c54-1402-4e66-89d2-93113a2c87db","trial-choropleth","18","groundTruth","completed","undefined","undefined","undefined","100.00","Identify which region has a larger population.","undefined","50","undefined","19557","19557","Choropleth"
"4ce09c54-1402-4e66-89d2-93113a2c87db","trial-choropleth","18","windowEvents","undefined","undefined","undefined","undefined","undefined","undefined","undefined","{""focus"":2,""input"":2,""keydown"":2,""keyup"":2,""mousemove"":20,""mousedown"":2,""mouseup"":2,""resize"":0,""scroll"":0,""visibility"":0}","undefined","undefined","undefined","undefined"
"4ce09c54-1402-4e66-89d2-93113a2c87db","trial-spike","19","spike-response","completed","undefined","undefined","undefined","100.00","Identify which city has a larger population.","How much larger is City A than City B?","40","undefined","6588","6588","Spike"
"4ce09c54-1402-4e66-89d2-93113a2c87db","trial-spike","19","groundTruth","completed","undefined","undefined","undefined","100.00","Identify which city has a larger population.","undefined","40","undefined","6588","6588","Spike"
"4ce09c54-1402-4e66-89d2-93113a2c87db","trial-spike","19","windowEvents","undefined","undefined","undefined","undefined","undefined","undefined","undefined","{""focus"":2,""input"":4,""keydown"":4,""keyup"":4,""mousemove"":12,""mousedown"":2,""mouseup"":2,""resize"":0,""scroll"":0,""visibility"":0}","undefined","undefined","undefined","undefined"
"4ce09c54-1402-4e66-89d2-93113a2c87db","trial-hexbin","20","hexbin-response","completed","undefined","undefined","undefined","100.00","Identify which region has a larger population.","How much larger is Region A than Region B?","40","undefined","18115","18115","Hexbin"
"4ce09c54-1402-4e66-89d2-93113a2c87db","trial-hexbin","20","groundTruth","completed","undefined","undefined","undefined","100.00","Identify which region has a larger population.","undefined","30","undefined","18115","18115","Hexbin"
"4ce09c54-1402-4e66-89d2-93113a2c87db","trial-hexbin","20","windowEvents","undefined","undefined","undefined","undefined","undefined","undefined","undefined","{""focus"":3,""input"":2,""keydown"":2,""keyup"":2,""mousemove"":15,""mousedown"":4,""mouseup"":4,""resize"":0,""scroll"":0,""visibility"":0}","undefined","undefined","undefined","undefined"
"4d90313d-ebac-4751-9299-55935a9464dd","participantTags","null","participantTags","undefined","undefined","undefined","undefined","undefined","undefined","undefined","[]","undefined","undefined","undefined","undefined"
"4d90313d-ebac-4751-9299-55935a9464dd","introduction","0","","completed","undefined","undefined","undefined","100.00","undefined","undefined","undefined","undefined","34684","34684","undefined"
"4d90313d-ebac-4751-9299-55935a9464dd","introduction","0","windowEvents","undefined","undefined","undefined","undefined","undefined","undefined","undefined","{""focus"":2,""input"":0,""keydown"":0,""keyup"":0,""mousemove"":15,""mousedown"":2,""mouseup"":1,""resize"":0,""scroll"":0,""visibility"":0}","undefined","undefined","undefined","undefined"
"4d90313d-ebac-4751-9299-55935a9464dd","trial-bubble","1","bubble-response","completed","undefined","undefined","undefined","100.00","Identify which city has a larger population.","How much larger is City A than City B?","1","undefined","6249","6249","Bubble"
"4d90313d-ebac-4751-9299-55935a9464dd","trial-bubble","1","groundTruth","completed","undefined","undefined","undefined","100.00","Identify which city has a larger population.","undefined","20","undefined","6249","6249","Bubble"
"4d90313d-ebac-4751-9299-55935a9464dd","trial-bubble","1","windowEvents","undefined","undefined","undefined","undefined","undefined","undefined","undefined","{""focus"":1,""input"":1,""keydown"":1,""keyup"":1,""mousemove"":12,""mousedown"":2,""mouseup"":2,""resize"":0,""scroll"":0,""visibility"":0}","undefined","undefined","undefined","undefined"
"4d90313d-ebac-4751-9299-55935a9464dd","trial-hexbin","2","hexbin-response","completed","undefined","undefined","undefined","100.00","Identify which region has a larger population.","How much larger is Region A than Region B?","30","undefined","54897","54897","Hexbin"
"4d90313d-ebac-4751-9299-55935a9464dd","trial-hexbin","2","groundTruth","completed","undefined","undefined","undefined","100.00","Identify which region has a larger population.","undefined","40","undefined","54897","54897","Hexbin"
"4d90313d-ebac-4751-9299-55935a9464dd","trial-hexbin","2","windowEvents","undefined","undefined","undefined","undefined","undefined","undefined","undefined","{""focus"":2,""input"":2,""keydown"":2,""keyup"":2,""mousemove"":16,""mousedown"":2,""mouseup"":2,""resize"":0,""scroll"":0,""visibility"":0}","undefined","undefined","undefined","undefined"
"4d90313d-ebac-4751-9299-55935a9464dd","trial-hexbin","3","hexbin-response","completed","undefined","undefined","undefined","100.00","Identify which region has a larger population.","How much larger is Region A than Region B?","15","undefined","46610","46610","Hexbin"
"4d90313d-ebac-4751-9299-55935a9464dd","trial-hexbin","3","groundTruth","completed","undefined","undefined","undefined","100.00","Identify which region has a larger population.","undefined","30","undefined","46610","46610","Hexbin"
"4d90313d-ebac-4751-9299-55935a9464dd","trial-hexbin","3","windowEvents","undefined","undefined","undefined","undefined","undefined","undefined","undefined","{""focus"":2,""input"":5,""keydown"":7,""keyup"":7,""mousemove"":17,""mousedown"":2,""mouseup"":2,""resize"":0,""scroll"":0,""visibility"":0}","undefined","undefined","undefined","undefined"
"4d90313d-ebac-4751-9299-55935a9464dd","trial-hexbin","4","hexbin-response","completed","undefined","undefined","undefined","100.00","Identify which region has a larger population.","How much larger is Region A than Region B?","50","undefined","22453","22453","Hexbin"
"4d90313d-ebac-4751-9299-55935a9464dd","trial-hexbin","4","groundTruth","completed","undefined","undefined","undefined","100.00","Identify which region has a larger population.","undefined","40","undefined","22453","22453","Hexbin"
"4d90313d-ebac-4751-9299-55935a9464dd","trial-hexbin","4","windowEvents","undefined","undefined","undefined","undefined","undefined","undefined","undefined","{""focus"":2,""input"":5,""keydown"":8,""keyup"":8,""mousemove"":19,""mousedown"":2,""mouseup"":2,""resize"":0,""scroll"":0,""visibility"":0}","undefined","undefined","undefined","undefined"
"4d90313d-ebac-4751-9299-55935a9464dd","trial-choropleth","5","choropleth-response","completed","undefined","undefined","undefined","100.00","Identify which region has a larger population.","How much larger is State A than State B?","90","undefined","25444","25444","Choropleth"
"4d90313d-ebac-4751-9299-55935a9464dd","trial-choropleth","5","groundTruth","completed","undefined","undefined","undefined","100.00","Identify which region has a larger population.","undefined","90","undefined","25444","25444","Choropleth"
"4d90313d-ebac-4751-9299-55935a9464dd","trial-choropleth","5","windowEvents","undefined","undefined","undefined","undefined","undefined","undefined","undefined","{""focus"":2,""input"":2,""keydown"":2,""keyup"":2,""mousemove"":10,""mousedown"":2,""mouseup"":2,""resize"":0,""scroll"":0,""visibility"":0}","undefined","undefined","undefined","undefined"
"4d90313d-ebac-4751-9299-55935a9464dd","trial-choropleth","6","choropleth-response","completed","undefined","undefined","undefined","100.00","Identify which region has a larger population.","How much larger is State A than State B?","10","undefined","133364","133364","Choropleth"
"4d90313d-ebac-4751-9299-55935a9464dd","trial-choropleth","6","groundTruth","completed","undefined","undefined","undefined","100.00","Identify which region has a larger population.","undefined","20","undefined","133364","133364","Choropleth"
"4d90313d-ebac-4751-9299-55935a9464dd","trial-choropleth","6","windowEvents","undefined","undefined","undefined","undefined","undefined","undefined","undefined","{""focus"":2,""input"":2,""keydown"":2,""keyup"":2,""mousemove"":13,""mousedown"":2,""mouseup"":2,""resize"":0,""scroll"":0,""visibility"":0}","undefined","undefined","undefined","undefined"
"4d90313d-ebac-4751-9299-55935a9464dd","trial-bubble","7","bubble-response","completed","undefined","undefined","undefined","100.00","Identify which city has a larger population.","How much larger is City A than City B?","90","undefined","45572","45572","Bubble"
"4d90313d-ebac-4751-9299-55935a9464dd","trial-bubble","7","groundTruth","completed","undefined","undefined","undefined","100.00","Identify which city has a larger population.","undefined","55","undefined","45572","45572","Bubble"
"4d90313d-ebac-4751-9299-55935a9464dd","trial-bubble","7","windowEvents","undefined","undefined","undefined","undefined","undefined","undefined","undefined","{""focus"":2,""input"":2,""keydown"":2,""keyup"":2,""mousemove"":23,""mousedown"":2,""mouseup"":2,""resize"":0,""scroll"":0,""visibility"":0}","undefined","undefined","undefined","undefined"
"4d90313d-ebac-4751-9299-55935a9464dd","trial-bubble","8","bubble-response","completed","undefined","undefined","undefined","100.00","Identify which city has a larger population.","How much larger is City A than City B?","65","undefined","86334","86334","Bubble"
"4d90313d-ebac-4751-9299-55935a9464dd","trial-bubble","8","groundTruth","completed","undefined","undefined","undefined","100.00","Identify which city has a larger population.","undefined","40","undefined","86334","86334","Bubble"
"4d90313d-ebac-4751-9299-55935a9464dd","trial-bubble","8","windowEvents","undefined","undefined","undefined","undefined","undefined","undefined","undefined","{""focus"":3,""input"":8,""keydown"":8,""keyup"":8,""mousemove"":47,""mousedown"":5,""mouseup"":4,""resize"":0,""scroll"":0,""visibility"":0}","undefined","undefined","undefined","undefined"
"4d90313d-ebac-4751-9299-55935a9464dd","trial-bubble","9","bubble-response","completed","undefined","undefined","undefined","100.00","Identify which city has a larger population.","How much larger is City A than City B?","0","undefined","5137","5137","Bubble"
"4d90313d-ebac-4751-9299-55935a9464dd","trial-bubble","9","groundTruth","completed","undefined","undefined","undefined","100.00","Identify which city has a larger population.","undefined","20","undefined","5137","5137","Bubble"
"4d90313d-ebac-4751-9299-55935a9464dd","trial-bubble","9","windowEvents","undefined","undefined","undefined","undefined","undefined","undefined","undefined","{""focus"":1,""input"":1,""keydown"":1,""keyup"":1,""mousemove"":14,""mousedown"":1,""mouseup"":2,""resize"":0,""scroll"":0,""visibility"":0}","undefined","undefined","undefined","undefined"
"4d90313d-ebac-4751-9299-55935a9464dd","trial-spike","10","spike-response","completed","undefined","undefined","undefined","100.00","Identify which city has a larger population.","How much larger is City A than City B?","20","undefined","9757","9757","Spike"
"4d90313d-ebac-4751-9299-55935a9464dd","trial-spike","10","groundTruth","completed","undefined","undefined","undefined","100.00","Identify which city has a larger population.","undefined","20","undefined","9757","9757","Spike"
"4d90313d-ebac-4751-9299-55935a9464dd","trial-spike","10","windowEvents","undefined","undefined","undefined","undefined","undefined","undefined","undefined","{""focus"":2,""input"":2,""keydown"":2,""keyup"":2,""mousemove"":31,""mousedown"":2,""mouseup"":2,""resize"":0,""scroll"":0,""visibility"":0}","undefined","undefined","undefined","undefined"
"4d90313d-ebac-4751-9299-55935a9464dd","trial-spike","11","spike-response","completed","undefined","undefined","undefined","100.00","Identify which city has a larger population.","How much larger is City A than City B?","60","undefined","10808","10808","Spike"
"4d90313d-ebac-4751-9299-55935a9464dd","trial-spike","11","groundTruth","completed","undefined","undefined","undefined","100.00","Identify which city has a larger population.","undefined","50","undefined","10808","10808","Spike"
"4d90313d-ebac-4751-9299-55935a9464dd","trial-spike","11","windowEvents","undefined","undefined","undefined","undefined","undefined","undefined","undefined","{""focus"":2,""input"":2,""keydown"":2,""keyup"":2,""mousemove"":18,""mousedown"":2,""mouseup"":2,""resize"":0,""scroll"":0,""visibility"":0}","undefined","undefined","undefined","undefined"
"4d90313d-ebac-4751-9299-55935a9464dd","trial-choropleth","12","choropleth-response","completed","undefined","undefined","undefined","100.00","Identify which region has a larger population.","How much larger is State A than State B?","20","undefined","19946","19946","Choropleth"
"4d90313d-ebac-4751-9299-55935a9464dd","trial-choropleth","12","groundTruth","completed","undefined","undefined","undefined","100.00","Identify which region has a larger population.","undefined","25","undefined","19946","19946","Choropleth"
"4d90313d-ebac-4751-9299-55935a9464dd","trial-choropleth","12","windowEvents","undefined","undefined","undefined","undefined","undefined","undefined","undefined","{""focus"":2,""input"":2,""keydown"":4,""keyup"":4,""mousemove"":10,""mousedown"":2,""mouseup"":2,""resize"":0,""scroll"":0,""visibility"":0}","undefined","undefined","undefined","undefined"
"4d90313d-ebac-4751-9299-55935a9464dd","trial-spike","13","spike-response","completed","undefined","undefined","undefined","100.00","Identify which city has a larger population.","How much larger is City A than City B?","30","undefined","18664","18664","Spike"
"4d90313d-ebac-4751-9299-55935a9464dd","trial-spike","13","groundTruth","completed","undefined","undefined","undefined","100.00","Identify which city has a larger population.","undefined","30","undefined","18664","18664","Spike"
"4d90313d-ebac-4751-9299-55935a9464dd","trial-spike","13","windowEvents","undefined","undefined","undefined","undefined","undefined","undefined","undefined","{""focus"":3,""input"":2,""keydown"":2,""keyup"":2,""mousemove"":20,""mousedown"":3,""mouseup"":2,""resize"":0,""scroll"":0,""visibility"":0}","undefined","undefined","undefined","undefined"
"4d90313d-ebac-4751-9299-55935a9464dd","trial-spike","14","spike-response","completed","undefined","undefined","undefined","100.00","Identify which city has a larger population.","How much larger is City A than City B?","30","undefined","14352","14352","Spike"
"4d90313d-ebac-4751-9299-55935a9464dd","trial-spike","14","groundTruth","completed","undefined","undefined","undefined","100.00","Identify which city has a larger population.","undefined","40","undefined","14352","14352","Spike"
"4d90313d-ebac-4751-9299-55935a9464dd","trial-spike","14","windowEvents","undefined","undefined","undefined","undefined","undefined","undefined","undefined","{""focus"":1,""input"":2,""keydown"":2,""keyup"":2,""mousemove"":8,""mousedown"":2,""mouseup"":2,""resize"":0,""scroll"":0,""visibility"":0}","undefined","undefined","undefined","undefined"
"4d90313d-ebac-4751-9299-55935a9464dd","trial-choropleth","15","choropleth-response","completed","undefined","undefined","undefined","100.00","Identify which region has a larger population.","How much larger is State A than State B?","60","undefined","83548","83548","Choropleth"
"4d90313d-ebac-4751-9299-55935a9464dd","trial-choropleth","15","groundTruth","completed","undefined","undefined","undefined","100.00","Identify which region has a larger population.","undefined","55","undefined","83548","83548","Choropleth"
"4d90313d-ebac-4751-9299-55935a9464dd","trial-choropleth","15","windowEvents","undefined","undefined","undefined","undefined","undefined","undefined","undefined","{""focus"":2,""input"":1,""keydown"":1,""keyup"":1,""mousemove"":45,""mousedown"":2,""mouseup"":3,""resize"":0,""scroll"":0,""visibility"":0}","undefined","undefined","undefined","undefined"
"4d90313d-ebac-4751-9299-55935a9464dd","trial-choropleth","16","choropleth-response","completed","undefined","undefined","undefined","100.00","Identify which region has a larger population.","How much larger is State A than State B?","35","undefined","80673","80673","Choropleth"
"4d90313d-ebac-4751-9299-55935a9464dd","trial-choropleth","16","groundTruth","completed","undefined","undefined","undefined","100.00","Identify which region has a larger population.","undefined","35","undefined","80673","80673","Choropleth"
"4d90313d-ebac-4751-9299-55935a9464dd","trial-choropleth","16","windowEvents","undefined","undefined","undefined","undefined","undefined","undefined","undefined","{""focus"":2,""input"":11,""keydown"":12,""keyup"":12,""mousemove"":17,""mousedown"":2,""mouseup"":2,""resize"":0,""scroll"":0,""visibility"":0}","undefined","undefined","undefined","undefined"
"4d90313d-ebac-4751-9299-55935a9464dd","trial-bubble","17","bubble-response","completed","undefined","undefined","undefined","100.00","Identify which city has a larger population.","How much larger is City A than City B?","0","undefined","8383","8383","Bubble"
"4d90313d-ebac-4751-9299-55935a9464dd","trial-bubble","17","groundTruth","completed","undefined","undefined","undefined","100.00","Identify which city has a larger population.","undefined","5","undefined","8383","8383","Bubble"
"4d90313d-ebac-4751-9299-55935a9464dd","trial-bubble","17","windowEvents","undefined","undefined","undefined","undefined","undefined","undefined","undefined","{""focus"":2,""input"":1,""keydown"":2,""keyup"":2,""mousemove"":18,""mousedown"":2,""mouseup"":2,""resize"":0,""scroll"":0,""visibility"":0}","undefined","undefined","undefined","undefined"
"4d90313d-ebac-4751-9299-55935a9464dd","trial-spike","18","spike-response","completed","undefined","undefined","undefined","100.00","Identify which city has a larger population.","How much larger is City A than City B?","10","undefined","7341","7341","Spike"
"4d90313d-ebac-4751-9299-55935a9464dd","trial-spike","18","groundTruth","completed","undefined","undefined","undefined","100.00","Identify which city has a larger population.","undefined","25","undefined","7341","7341","Spike"
"4d90313d-ebac-4751-9299-55935a9464dd","trial-spike","18","windowEvents","undefined","undefined","undefined","undefined","undefined","undefined","undefined","{""focus"":2,""input"":2,""keydown"":2,""keyup"":2,""mousemove"":16,""mousedown"":2,""mouseup"":2,""resize"":0,""scroll"":0,""visibility"":0}","undefined","undefined","undefined","undefined"
"4d90313d-ebac-4751-9299-55935a9464dd","trial-hexbin","19","hexbin-response","completed","undefined","undefined","undefined","100.00","Identify which region has a larger population.","How much larger is Region A than Region B?","65","undefined","332055","332055","Hexbin"
"4d90313d-ebac-4751-9299-55935a9464dd","trial-hexbin","19","groundTruth","completed","undefined","undefined","undefined","100.00","Identify which region has a larger population.","undefined","55","undefined","332055","332055","Hexbin"
"4d90313d-ebac-4751-9299-55935a9464dd","trial-hexbin","19","windowEvents","undefined","undefined","undefined","undefined","undefined","undefined","undefined","{""focus"":3,""input"":5,""keydown"":7,""keyup"":7,""mousemove"":47,""mousedown"":4,""mouseup"":4,""resize"":0,""scroll"":0,""visibility"":0}","undefined","undefined","undefined","undefined"
"4d90313d-ebac-4751-9299-55935a9464dd","trial-hexbin","20","hexbin-response","completed","undefined","undefined","undefined","100.00","Identify which region has a larger population.","How much larger is Region A than Region B?","0","undefined","6124","6124","Hexbin"
"4d90313d-ebac-4751-9299-55935a9464dd","trial-hexbin","20","groundTruth","completed","undefined","undefined","undefined","100.00","Identify which region has a larger population.","undefined","5","undefined","6124","6124","Hexbin"
"4d90313d-ebac-4751-9299-55935a9464dd","trial-hexbin","20","windowEvents","undefined","undefined","undefined","undefined","undefined","undefined","undefined","{""focus"":2,""input"":1,""keydown"":1,""keyup"":1,""mousemove"":17,""mousedown"":2,""mouseup"":2,""resize"":0,""scroll"":0,""visibility"":0}","undefined","undefined","undefined","undefined"
"50baaf44-5e87-4632-a0ce-65015772e61b","participantTags","null","participantTags","undefined","undefined","undefined","undefined","undefined","undefined","undefined","[]","undefined","undefined","undefined","undefined"
"5601675c-0097-46fe-ad83-8cede4a4b6b4","participantTags","null","participantTags","undefined","undefined","undefined","undefined","undefined","undefined","undefined","[]","undefined","undefined","undefined","undefined"
"5601675c-0097-46fe-ad83-8cede4a4b6b4","introduction","0","","completed","undefined","undefined","undefined","100.00","undefined","undefined","undefined","undefined","32589","32589","undefined"
"5601675c-0097-46fe-ad83-8cede4a4b6b4","introduction","0","windowEvents","undefined","undefined","undefined","undefined","undefined","undefined","undefined","{""focus"":1,""input"":0,""keydown"":0,""keyup"":0,""mousemove"":59,""mousedown"":1,""mouseup"":0,""resize"":0,""scroll"":0,""visibility"":0}","undefined","undefined","undefined","undefined"
"5601675c-0097-46fe-ad83-8cede4a4b6b4","trial-bubble","1","bubble-response","completed","undefined","undefined","undefined","100.00","Identify which city has a larger population.","How much larger is City A than City B?","50","undefined","12721","12721","Bubble"
"5601675c-0097-46fe-ad83-8cede4a4b6b4","trial-bubble","1","groundTruth","completed","undefined","undefined","undefined","100.00","Identify which city has a larger population.","undefined","30","undefined","12721","12721","Bubble"
"5601675c-0097-46fe-ad83-8cede4a4b6b4","trial-bubble","1","windowEvents","undefined","undefined","undefined","undefined","undefined","undefined","undefined","{""focus"":1,""input"":2,""keydown"":3,""keyup"":3,""mousemove"":11,""mousedown"":1,""mouseup"":2,""resize"":0,""scroll"":0,""visibility"":0}","undefined","undefined","undefined","undefined"
"5601675c-0097-46fe-ad83-8cede4a4b6b4","trial-spike","2","spike-response","completed","undefined","undefined","undefined","100.00","Identify which city has a larger population.","How much larger is City A than City B?","20","undefined","19056","19056","Spike"
"5601675c-0097-46fe-ad83-8cede4a4b6b4","trial-spike","2","groundTruth","completed","undefined","undefined","undefined","100.00","Identify which city has a larger population.","undefined","10","undefined","19056","19056","Spike"
"5601675c-0097-46fe-ad83-8cede4a4b6b4","trial-spike","2","windowEvents","undefined","undefined","undefined","undefined","undefined","undefined","undefined","{""focus"":3,""input"":2,""keydown"":2,""keyup"":2,""mousemove"":44,""mousedown"":3,""mouseup"":2,""resize"":0,""scroll"":0,""visibility"":0}","undefined","undefined","undefined","undefined"
"5601675c-0097-46fe-ad83-8cede4a4b6b4","trial-hexbin","3","hexbin-response","completed","undefined","undefined","undefined","100.00","Identify which region has a larger population.","How much larger is Region A than Region B?","0","undefined","15634","15634","Hexbin"
"5601675c-0097-46fe-ad83-8cede4a4b6b4","trial-hexbin","3","groundTruth","completed","undefined","undefined","undefined","100.00","Identify which region has a larger population.","undefined","10","undefined","15634","15634","Hexbin"
"5601675c-0097-46fe-ad83-8cede4a4b6b4","trial-hexbin","3","windowEvents","undefined","undefined","undefined","undefined","undefined","undefined","undefined","{""focus"":2,""input"":1,""keydown"":1,""keyup"":1,""mousemove"":20,""mousedown"":3,""mouseup"":3,""resize"":0,""scroll"":0,""visibility"":0}","undefined","undefined","undefined","undefined"
"5601675c-0097-46fe-ad83-8cede4a4b6b4","trial-hexbin","4","hexbin-response","completed","undefined","undefined","undefined","100.00","Identify which region has a larger population.","How much larger is Region A than Region B?","25","undefined","9317","9317","Hexbin"
"5601675c-0097-46fe-ad83-8cede4a4b6b4","trial-hexbin","4","groundTruth","completed","undefined","undefined","undefined","100.00","Identify which region has a larger population.","undefined","15","undefined","9317","9317","Hexbin"
"5601675c-0097-46fe-ad83-8cede4a4b6b4","trial-hexbin","4","windowEvents","undefined","undefined","undefined","undefined","undefined","undefined","undefined","{""focus"":2,""input"":2,""keydown"":2,""keyup"":2,""mousemove"":13,""mousedown"":2,""mouseup"":2,""resize"":0,""scroll"":0,""visibility"":0}","undefined","undefined","undefined","undefined"
"5601675c-0097-46fe-ad83-8cede4a4b6b4","trial-bubble","5","bubble-response","completed","undefined","undefined","undefined","100.00","Identify which city has a larger population.","How much larger is City A than City B?","45","undefined","12626","12626","Bubble"
"5601675c-0097-46fe-ad83-8cede4a4b6b4","trial-bubble","5","groundTruth","completed","undefined","undefined","undefined","100.00","Identify which city has a larger population.","undefined","65","undefined","12626","12626","Bubble"
"5601675c-0097-46fe-ad83-8cede4a4b6b4","trial-bubble","5","windowEvents","undefined","undefined","undefined","undefined","undefined","undefined","undefined","{""focus"":1,""input"":2,""keydown"":2,""keyup"":2,""mousemove"":24,""mousedown"":1,""mouseup"":2,""resize"":0,""scroll"":0,""visibility"":0}","undefined","undefined","undefined","undefined"
"5601675c-0097-46fe-ad83-8cede4a4b6b4","trial-spike","6","spike-response","completed","undefined","undefined","undefined","100.00","Identify which city has a larger population.","How much larger is City A than City B?","40","undefined","9397","9397","Spike"
"5601675c-0097-46fe-ad83-8cede4a4b6b4","trial-spike","6","groundTruth","completed","undefined","undefined","undefined","100.00","Identify which city has a larger population.","undefined","40","undefined","9397","9397","Spike"
"5601675c-0097-46fe-ad83-8cede4a4b6b4","trial-spike","6","windowEvents","undefined","undefined","undefined","undefined","undefined","undefined","undefined","{""focus"":3,""input"":2,""keydown"":2,""keyup"":2,""mousemove"":23,""mousedown"":3,""mouseup"":2,""resize"":0,""scroll"":0,""visibility"":0}","undefined","undefined","undefined","undefined"
"5601675c-0097-46fe-ad83-8cede4a4b6b4","trial-hexbin","7","hexbin-response","completed","undefined","undefined","undefined","100.00","Identify which region has a larger population.","How much larger is Region A than Region B?","0","undefined","5578","5578","Hexbin"
"5601675c-0097-46fe-ad83-8cede4a4b6b4","trial-hexbin","7","groundTruth","completed","undefined","undefined","undefined","100.00","Identify which region has a larger population.","undefined","5","undefined","5578","5578","Hexbin"
"5601675c-0097-46fe-ad83-8cede4a4b6b4","trial-hexbin","7","windowEvents","undefined","undefined","undefined","undefined","undefined","undefined","undefined","{""focus"":1,""input"":1,""keydown"":1,""keyup"":1,""mousemove"":26,""mousedown"":1,""mouseup"":2,""resize"":0,""scroll"":0,""visibility"":0}","undefined","undefined","undefined","undefined"
"5601675c-0097-46fe-ad83-8cede4a4b6b4","trial-bubble","8","bubble-response","completed","undefined","undefined","undefined","100.00","Identify which city has a larger population.","How much larger is City A than City B?","5","undefined","4377","4377","Bubble"
"5601675c-0097-46fe-ad83-8cede4a4b6b4","trial-bubble","8","groundTruth","completed","undefined","undefined","undefined","100.00","Identify which city has a larger population.","undefined","10","undefined","4377","4377","Bubble"
"5601675c-0097-46fe-ad83-8cede4a4b6b4","trial-bubble","8","windowEvents","undefined","undefined","undefined","undefined","undefined","undefined","undefined","{""focus"":3,""input"":1,""keydown"":1,""keyup"":1,""mousemove"":7,""mousedown"":3,""mouseup"":2,""resize"":0,""scroll"":0,""visibility"":0}","undefined","undefined","undefined","undefined"
"5601675c-0097-46fe-ad83-8cede4a4b6b4","trial-choropleth","9","choropleth-response","completed","undefined","undefined","undefined","100.00","Identify which region has a larger population.","How much larger is State A than State B?","0","undefined","4987","4987","Choropleth"
"5601675c-0097-46fe-ad83-8cede4a4b6b4","trial-choropleth","9","groundTruth","completed","undefined","undefined","undefined","100.00","Identify which region has a larger population.","undefined","5","undefined","4987","4987","Choropleth"
"5601675c-0097-46fe-ad83-8cede4a4b6b4","trial-choropleth","9","windowEvents","undefined","undefined","undefined","undefined","undefined","undefined","undefined","{""focus"":2,""input"":1,""keydown"":1,""keyup"":1,""mousemove"":17,""mousedown"":2,""mouseup"":2,""resize"":0,""scroll"":0,""visibility"":0}","undefined","undefined","undefined","undefined"
"5601675c-0097-46fe-ad83-8cede4a4b6b4","trial-spike","10","spike-response","completed","undefined","undefined","undefined","100.00","Identify which city has a larger population.","How much larger is City A than City B?","0","undefined","5823","5823","Spike"
"5601675c-0097-46fe-ad83-8cede4a4b6b4","trial-spike","10","groundTruth","completed","undefined","undefined","undefined","100.00","Identify which city has a larger population.","undefined","0","undefined","5823","5823","Spike"
"5601675c-0097-46fe-ad83-8cede4a4b6b4","trial-spike","10","windowEvents","undefined","undefined","undefined","undefined","undefined","undefined","undefined","{""focus"":2,""input"":1,""keydown"":1,""keyup"":1,""mousemove"":16,""mousedown"":2,""mouseup"":2,""resize"":0,""scroll"":0,""visibility"":0}","undefined","undefined","undefined","undefined"
"5601675c-0097-46fe-ad83-8cede4a4b6b4","trial-choropleth","11","choropleth-response","completed","undefined","undefined","undefined","100.00","Identify which region has a larger population.","How much larger is State A than State B?","25","undefined","9177","9177","Choropleth"
"5601675c-0097-46fe-ad83-8cede4a4b6b4","trial-choropleth","11","groundTruth","completed","undefined","undefined","undefined","100.00","Identify which region has a larger population.","undefined","20","undefined","9177","9177","Choropleth"
"5601675c-0097-46fe-ad83-8cede4a4b6b4","trial-choropleth","11","windowEvents","undefined","undefined","undefined","undefined","undefined","undefined","undefined","{""focus"":1,""input"":2,""keydown"":2,""keyup"":2,""mousemove"":21,""mousedown"":1,""mouseup"":2,""resize"":0,""scroll"":0,""visibility"":0}","undefined","undefined","undefined","undefined"
"5601675c-0097-46fe-ad83-8cede4a4b6b4","trial-hexbin","12","hexbin-response","completed","undefined","undefined","undefined","100.00","Identify which region has a larger population.","How much larger is Region A than Region B?","40","undefined","7421","7421","Hexbin"
"5601675c-0097-46fe-ad83-8cede4a4b6b4","trial-hexbin","12","groundTruth","completed","undefined","undefined","undefined","100.00","Identify which region has a larger population.","undefined","20","undefined","7421","7421","Hexbin"
"5601675c-0097-46fe-ad83-8cede4a4b6b4","trial-hexbin","12","windowEvents","undefined","undefined","undefined","undefined","undefined","undefined","undefined","{""focus"":2,""input"":2,""keydown"":2,""keyup"":2,""mousemove"":23,""mousedown"":2,""mouseup"":2,""resize"":0,""scroll"":0,""visibility"":0}","undefined","undefined","undefined","undefined"
"5601675c-0097-46fe-ad83-8cede4a4b6b4","trial-choropleth","13","choropleth-response","completed","undefined","undefined","undefined","100.00","Identify which region has a larger population.","How much larger is State A than State B?","25","undefined","9055","9055","Choropleth"
"5601675c-0097-46fe-ad83-8cede4a4b6b4","trial-choropleth","13","groundTruth","completed","undefined","undefined","undefined","100.00","Identify which region has a larger population.","undefined","15","undefined","9055","9055","Choropleth"
"5601675c-0097-46fe-ad83-8cede4a4b6b4","trial-choropleth","13","windowEvents","undefined","undefined","undefined","undefined","undefined","undefined","undefined","{""focus"":2,""input"":2,""keydown"":2,""keyup"":2,""mousemove"":13,""mousedown"":2,""mouseup"":2,""resize"":0,""scroll"":0,""visibility"":0}","undefined","undefined","undefined","undefined"
"5601675c-0097-46fe-ad83-8cede4a4b6b4","trial-hexbin","14","hexbin-response","completed","undefined","undefined","undefined","100.00","Identify which region has a larger population.","How much larger is Region A than Region B?","65","undefined","8239","8239","Hexbin"
"5601675c-0097-46fe-ad83-8cede4a4b6b4","trial-hexbin","14","groundTruth","completed","undefined","undefined","undefined","100.00","Identify which region has a larger population.","undefined","65","undefined","8239","8239","Hexbin"
"5601675c-0097-46fe-ad83-8cede4a4b6b4","trial-hexbin","14","windowEvents","undefined","undefined","undefined","undefined","undefined","undefined","undefined","{""focus"":3,""input"":2,""keydown"":2,""keyup"":2,""mousemove"":32,""mousedown"":3,""mouseup"":2,""resize"":0,""scroll"":0,""visibility"":0}","undefined","undefined","undefined","undefined"
"5601675c-0097-46fe-ad83-8cede4a4b6b4","trial-bubble","15","bubble-response","completed","undefined","undefined","undefined","100.00","Identify which city has a larger population.","How much larger is City A than City B?","50","undefined","5132","5132","Bubble"
"5601675c-0097-46fe-ad83-8cede4a4b6b4","trial-bubble","15","groundTruth","completed","undefined","undefined","undefined","100.00","Identify which city has a larger population.","undefined","40","undefined","5132","5132","Bubble"
"5601675c-0097-46fe-ad83-8cede4a4b6b4","trial-bubble","15","windowEvents","undefined","undefined","undefined","undefined","undefined","undefined","undefined","{""focus"":2,""input"":2,""keydown"":2,""keyup"":2,""mousemove"":18,""mousedown"":4,""mouseup"":4,""resize"":0,""scroll"":0,""visibility"":0}","undefined","undefined","undefined","undefined"
"5601675c-0097-46fe-ad83-8cede4a4b6b4","trial-choropleth","16","choropleth-response","completed","undefined","undefined","undefined","100.00","Identify which region has a larger population.","How much larger is State A than State B?","25","undefined","7346","7346","Choropleth"
"5601675c-0097-46fe-ad83-8cede4a4b6b4","trial-choropleth","16","groundTruth","completed","undefined","undefined","undefined","100.00","Identify which region has a larger population.","undefined","20","undefined","7346","7346","Choropleth"
"5601675c-0097-46fe-ad83-8cede4a4b6b4","trial-choropleth","16","windowEvents","undefined","undefined","undefined","undefined","undefined","undefined","undefined","{""focus"":2,""input"":2,""keydown"":2,""keyup"":2,""mousemove"":34,""mousedown"":2,""mouseup"":2,""resize"":0,""scroll"":0,""visibility"":0}","undefined","undefined","undefined","undefined"
"5601675c-0097-46fe-ad83-8cede4a4b6b4","trial-spike","17","spike-response","completed","undefined","undefined","undefined","100.00","Identify which city has a larger population.","How much larger is City A than City B?","20","undefined","9998","9998","Spike"
"5601675c-0097-46fe-ad83-8cede4a4b6b4","trial-spike","17","groundTruth","completed","undefined","undefined","undefined","100.00","Identify which city has a larger population.","undefined","30","undefined","9998","9998","Spike"
"5601675c-0097-46fe-ad83-8cede4a4b6b4","trial-spike","17","windowEvents","undefined","undefined","undefined","undefined","undefined","undefined","undefined","{""focus"":2,""input"":2,""keydown"":2,""keyup"":2,""mousemove"":43,""mousedown"":6,""mouseup"":6,""resize"":0,""scroll"":0,""visibility"":0}","undefined","undefined","undefined","undefined"
"5601675c-0097-46fe-ad83-8cede4a4b6b4","trial-spike","18","spike-response","completed","undefined","undefined","undefined","100.00","Identify which city has a larger population.","How much larger is City A than City B?","0","undefined","3545","3545","Spike"
"5601675c-0097-46fe-ad83-8cede4a4b6b4","trial-spike","18","groundTruth","completed","undefined","undefined","undefined","100.00","Identify which city has a larger population.","undefined","5","undefined","3545","3545","Spike"
"5601675c-0097-46fe-ad83-8cede4a4b6b4","trial-spike","18","windowEvents","undefined","undefined","undefined","undefined","undefined","undefined","undefined","{""focus"":1,""input"":1,""keydown"":1,""keyup"":1,""mousemove"":15,""mousedown"":2,""mouseup"":3,""resize"":0,""scroll"":0,""visibility"":0}","undefined","undefined","undefined","undefined"
"5601675c-0097-46fe-ad83-8cede4a4b6b4","trial-choropleth","19","choropleth-response","completed","undefined","undefined","undefined","100.00","Identify which region has a larger population.","How much larger is State A than State B?","25","undefined","6015","6015","Choropleth"
"5601675c-0097-46fe-ad83-8cede4a4b6b4","trial-choropleth","19","groundTruth","completed","undefined","undefined","undefined","100.00","Identify which region has a larger population.","undefined","30","undefined","6015","6015","Choropleth"
"5601675c-0097-46fe-ad83-8cede4a4b6b4","trial-choropleth","19","windowEvents","undefined","undefined","undefined","undefined","undefined","undefined","undefined","{""focus"":2,""input"":2,""keydown"":2,""keyup"":2,""mousemove"":25,""mousedown"":3,""mouseup"":3,""resize"":0,""scroll"":0,""visibility"":0}","undefined","undefined","undefined","undefined"
"5601675c-0097-46fe-ad83-8cede4a4b6b4","trial-bubble","20","bubble-response","completed","undefined","undefined","undefined","100.00","Identify which city has a larger population.","How much larger is City A than City B?","5","undefined","4093","4093","Bubble"
"5601675c-0097-46fe-ad83-8cede4a4b6b4","trial-bubble","20","groundTruth","completed","undefined","undefined","undefined","100.00","Identify which city has a larger population.","undefined","15","undefined","4093","4093","Bubble"
"5601675c-0097-46fe-ad83-8cede4a4b6b4","trial-bubble","20","windowEvents","undefined","undefined","undefined","undefined","undefined","undefined","undefined","{""focus"":2,""input"":1,""keydown"":1,""keyup"":1,""mousemove"":18,""mousedown"":2,""mouseup"":2,""resize"":0,""scroll"":0,""visibility"":0}","undefined","undefined","undefined","undefined"
"564c6728-0724-463b-b616-7613ca52f2e3","participantTags","null","participantTags","undefined","undefined","undefined","undefined","undefined","undefined","undefined","[]","undefined","undefined","undefined","undefined"
"564c6728-0724-463b-b616-7613ca52f2e3","introduction","0","","completed","undefined","undefined","undefined","100.00","undefined","undefined","undefined","undefined","20383","20383","undefined"
"564c6728-0724-463b-b616-7613ca52f2e3","introduction","0","windowEvents","undefined","undefined","undefined","undefined","undefined","undefined","undefined","{""focus"":1,""input"":0,""keydown"":0,""keyup"":0,""mousemove"":18,""mousedown"":0,""mouseup"":0,""resize"":0,""scroll"":0,""visibility"":1}","undefined","undefined","undefined","undefined"
"564c6728-0724-463b-b616-7613ca52f2e3","trial-bubble","1","bubble-response","completed","undefined","undefined","undefined","100.00","Identify which city has a larger population.","How much larger is City A than City B?","50","undefined","37313","37313","Bubble"
"564c6728-0724-463b-b616-7613ca52f2e3","trial-bubble","1","groundTruth","completed","undefined","undefined","undefined","100.00","Identify which city has a larger population.","undefined","20","undefined","37313","37313","Bubble"
"564c6728-0724-463b-b616-7613ca52f2e3","trial-bubble","1","windowEvents","undefined","undefined","undefined","undefined","undefined","undefined","undefined","{""focus"":2,""input"":2,""keydown"":2,""keyup"":2,""mousemove"":12,""mousedown"":3,""mouseup"":2,""resize"":0,""scroll"":0,""visibility"":0}","undefined","undefined","undefined","undefined"
"564c6728-0724-463b-b616-7613ca52f2e3","trial-choropleth","2","choropleth-response","completed","undefined","undefined","undefined","100.00","Identify which region has a larger population.","How much larger is State A than State B?","25","undefined","11743","11743","Choropleth"
"564c6728-0724-463b-b616-7613ca52f2e3","trial-choropleth","2","groundTruth","completed","undefined","undefined","undefined","100.00","Identify which region has a larger population.","undefined","10","undefined","11743","11743","Choropleth"
"564c6728-0724-463b-b616-7613ca52f2e3","trial-choropleth","2","windowEvents","undefined","undefined","undefined","undefined","undefined","undefined","undefined","{""focus"":2,""input"":2,""keydown"":2,""keyup"":2,""mousemove"":9,""mousedown"":1,""mouseup"":2,""resize"":0,""scroll"":0,""visibility"":0}","undefined","undefined","undefined","undefined"
"564c6728-0724-463b-b616-7613ca52f2e3","trial-spike","3","spike-response","completed","undefined","undefined","undefined","100.00","Identify which city has a larger population.","How much larger is City A than City B?","20","undefined","16525","16525","Spike"
"564c6728-0724-463b-b616-7613ca52f2e3","trial-spike","3","groundTruth","completed","undefined","undefined","undefined","100.00","Identify which city has a larger population.","undefined","20","undefined","16525","16525","Spike"
"564c6728-0724-463b-b616-7613ca52f2e3","trial-spike","3","windowEvents","undefined","undefined","undefined","undefined","undefined","undefined","undefined","{""focus"":2,""input"":1,""keydown"":2,""keyup"":2,""mousemove"":14,""mousedown"":3,""mouseup"":3,""resize"":0,""scroll"":0,""visibility"":0}","undefined","undefined","undefined","undefined"
"564c6728-0724-463b-b616-7613ca52f2e3","trial-choropleth","4","choropleth-response","completed","undefined","undefined","undefined","100.00","Identify which region has a larger population.","How much larger is State A than State B?","35","undefined","25122","25122","Choropleth"
"564c6728-0724-463b-b616-7613ca52f2e3","trial-choropleth","4","groundTruth","completed","undefined","undefined","undefined","100.00","Identify which region has a larger population.","undefined","20","undefined","25122","25122","Choropleth"
"564c6728-0724-463b-b616-7613ca52f2e3","trial-choropleth","4","windowEvents","undefined","undefined","undefined","undefined","undefined","undefined","undefined","{""focus"":3,""input"":2,""keydown"":3,""keyup"":3,""mousemove"":20,""mousedown"":3,""mouseup"":2,""resize"":0,""scroll"":0,""visibility"":0}","undefined","undefined","undefined","undefined"
"564c6728-0724-463b-b616-7613ca52f2e3","trial-hexbin","5","hexbin-response","completed","undefined","undefined","undefined","100.00","Identify which region has a larger population.","How much larger is Region A than Region B?","50","undefined","14935","14935","Hexbin"
"564c6728-0724-463b-b616-7613ca52f2e3","trial-hexbin","5","groundTruth","completed","undefined","undefined","undefined","100.00","Identify which region has a larger population.","undefined","45","undefined","14935","14935","Hexbin"
"564c6728-0724-463b-b616-7613ca52f2e3","trial-hexbin","5","windowEvents","undefined","undefined","undefined","undefined","undefined","undefined","undefined","{""focus"":2,""input"":1,""keydown"":1,""keyup"":2,""mousemove"":16,""mousedown"":2,""mouseup"":2,""resize"":0,""scroll"":0,""visibility"":0}","undefined","undefined","undefined","undefined"
"564c6728-0724-463b-b616-7613ca52f2e3","trial-spike","6","spike-response","completed","undefined","undefined","undefined","100.00","Identify which city has a larger population.","How much larger is City A than City B?","80","undefined","11711","11711","Spike"
"564c6728-0724-463b-b616-7613ca52f2e3","trial-spike","6","groundTruth","completed","undefined","undefined","undefined","100.00","Identify which city has a larger population.","undefined","60","undefined","11711","11711","Spike"
"564c6728-0724-463b-b616-7613ca52f2e3","trial-spike","6","windowEvents","undefined","undefined","undefined","undefined","undefined","undefined","undefined","{""focus"":2,""input"":1,""keydown"":1,""keyup"":1,""mousemove"":13,""mousedown"":2,""mouseup"":2,""resize"":0,""scroll"":0,""visibility"":0}","undefined","undefined","undefined","undefined"
"564c6728-0724-463b-b616-7613ca52f2e3","trial-hexbin","7","hexbin-response","completed","undefined","undefined","undefined","100.00","Identify which region has a larger population.","How much larger is Region A than Region B?","55","undefined","27696","27696","Hexbin"
"564c6728-0724-463b-b616-7613ca52f2e3","trial-hexbin","7","groundTruth","completed","undefined","undefined","undefined","100.00","Identify which region has a larger population.","undefined","50","undefined","27696","27696","Hexbin"
"564c6728-0724-463b-b616-7613ca52f2e3","trial-hexbin","7","windowEvents","undefined","undefined","undefined","undefined","undefined","undefined","undefined","{""focus"":2,""input"":2,""keydown"":2,""keyup"":2,""mousemove"":12,""mousedown"":2,""mouseup"":2,""resize"":0,""scroll"":0,""visibility"":0}","undefined","undefined","undefined","undefined"
"564c6728-0724-463b-b616-7613ca52f2e3","trial-bubble","8","bubble-response","completed","undefined","undefined","undefined","100.00","Identify which city has a larger population.","How much larger is City A than City B?","50","undefined","8372","8372","Bubble"
"564c6728-0724-463b-b616-7613ca52f2e3","trial-bubble","8","groundTruth","completed","undefined","undefined","undefined","100.00","Identify which city has a larger population.","undefined","30","undefined","8372","8372","Bubble"
"564c6728-0724-463b-b616-7613ca52f2e3","trial-bubble","8","windowEvents","undefined","undefined","undefined","undefined","undefined","undefined","undefined","{""focus"":2,""input"":1,""keydown"":2,""keyup"":2,""mousemove"":10,""mousedown"":2,""mouseup"":2,""resize"":0,""scroll"":0,""visibility"":0}","undefined","undefined","undefined","undefined"
"564c6728-0724-463b-b616-7613ca52f2e3","trial-bubble","9","bubble-response","completed","undefined","undefined","undefined","100.00","Identify which city has a larger population.","How much larger is City A than City B?","25","undefined","9064","9064","Bubble"
"564c6728-0724-463b-b616-7613ca52f2e3","trial-bubble","9","groundTruth","completed","undefined","undefined","undefined","100.00","Identify which city has a larger population.","undefined","35","undefined","9064","9064","Bubble"
"564c6728-0724-463b-b616-7613ca52f2e3","trial-bubble","9","windowEvents","undefined","undefined","undefined","undefined","undefined","undefined","undefined","{""focus"":2,""input"":5,""keydown"":5,""keyup"":5,""mousemove"":17,""mousedown"":2,""mouseup"":2,""resize"":0,""scroll"":0,""visibility"":0}","undefined","undefined","undefined","undefined"
"564c6728-0724-463b-b616-7613ca52f2e3","trial-spike","10","spike-response","completed","undefined","undefined","undefined","100.00","Identify which city has a larger population.","How much larger is City A than City B?","30","undefined","10215","10215","Spike"
"564c6728-0724-463b-b616-7613ca52f2e3","trial-spike","10","groundTruth","completed","undefined","undefined","undefined","100.00","Identify which city has a larger population.","undefined","25","undefined","10215","10215","Spike"
"564c6728-0724-463b-b616-7613ca52f2e3","trial-spike","10","windowEvents","undefined","undefined","undefined","undefined","undefined","undefined","undefined","{""focus"":2,""input"":1,""keydown"":2,""keyup"":2,""mousemove"":6,""mousedown"":2,""mouseup"":2,""resize"":0,""scroll"":0,""visibility"":0}","undefined","undefined","undefined","undefined"
"564c6728-0724-463b-b616-7613ca52f2e3","trial-spike","11","spike-response","completed","undefined","undefined","undefined","100.00","Identify which city has a larger population.","How much larger is City A than City B?","5","undefined","6061","6061","Spike"
"564c6728-0724-463b-b616-7613ca52f2e3","trial-spike","11","groundTruth","completed","undefined","undefined","undefined","100.00","Identify which city has a larger population.","undefined","5","undefined","6061","6061","Spike"
"564c6728-0724-463b-b616-7613ca52f2e3","trial-spike","11","windowEvents","undefined","undefined","undefined","undefined","undefined","undefined","undefined","{""focus"":2,""input"":1,""keydown"":2,""keyup"":3,""mousemove"":11,""mousedown"":2,""mouseup"":2,""resize"":0,""scroll"":0,""visibility"":0}","undefined","undefined","undefined","undefined"
"564c6728-0724-463b-b616-7613ca52f2e3","trial-choropleth","12","choropleth-response","completed","undefined","undefined","undefined","100.00","Identify which region has a larger population.","How much larger is State A than State B?","25","undefined","10347","10347","Choropleth"
"564c6728-0724-463b-b616-7613ca52f2e3","trial-choropleth","12","groundTruth","completed","undefined","undefined","undefined","100.00","Identify which region has a larger population.","undefined","25","undefined","10347","10347","Choropleth"
"564c6728-0724-463b-b616-7613ca52f2e3","trial-choropleth","12","windowEvents","undefined","undefined","undefined","undefined","undefined","undefined","undefined","{""focus"":1,""input"":2,""keydown"":2,""keyup"":2,""mousemove"":11,""mousedown"":1,""mouseup"":2,""resize"":0,""scroll"":0,""visibility"":0}","undefined","undefined","undefined","undefined"
"564c6728-0724-463b-b616-7613ca52f2e3","trial-spike","13","spike-response","completed","undefined","undefined","undefined","100.00","Identify which city has a larger population.","How much larger is City A than City B?","40","undefined","46325","46325","Spike"
"564c6728-0724-463b-b616-7613ca52f2e3","trial-spike","13","groundTruth","completed","undefined","undefined","undefined","100.00","Identify which city has a larger population.","undefined","60","undefined","46325","46325","Spike"
"564c6728-0724-463b-b616-7613ca52f2e3","trial-spike","13","windowEvents","undefined","undefined","undefined","undefined","undefined","undefined","undefined","{""focus"":2,""input"":1,""keydown"":1,""keyup"":1,""mousemove"":19,""mousedown"":3,""mouseup"":3,""resize"":0,""scroll"":0,""visibility"":0}","undefined","undefined","undefined","undefined"
"564c6728-0724-463b-b616-7613ca52f2e3","trial-hexbin","14","hexbin-response","completed","undefined","undefined","undefined","100.00","Identify which region has a larger population.","How much larger is Region A than Region B?","20","undefined","65420","65420","Hexbin"
"564c6728-0724-463b-b616-7613ca52f2e3","trial-hexbin","14","groundTruth","completed","undefined","undefined","undefined","100.00","Identify which region has a larger population.","undefined","30","undefined","65420","65420","Hexbin"
"564c6728-0724-463b-b616-7613ca52f2e3","trial-hexbin","14","windowEvents","undefined","undefined","undefined","undefined","undefined","undefined","undefined","{""focus"":3,""input"":1,""keydown"":3,""keyup"":2,""mousemove"":11,""mousedown"":3,""mouseup"":2,""resize"":0,""scroll"":0,""visibility"":0}","undefined","undefined","undefined","undefined"
"564c6728-0724-463b-b616-7613ca52f2e3","trial-bubble","15","bubble-response","completed","undefined","undefined","undefined","100.00","Identify which city has a larger population.","How much larger is City A than City B?","25","undefined","6160","6160","Bubble"
"564c6728-0724-463b-b616-7613ca52f2e3","trial-bubble","15","groundTruth","completed","undefined","undefined","undefined","100.00","Identify which city has a larger population.","undefined","40","undefined","6160","6160","Bubble"
"564c6728-0724-463b-b616-7613ca52f2e3","trial-bubble","15","windowEvents","undefined","undefined","undefined","undefined","undefined","undefined","undefined","{""focus"":2,""input"":2,""keydown"":2,""keyup"":2,""mousemove"":12,""mousedown"":2,""mouseup"":2,""resize"":0,""scroll"":0,""visibility"":0}","undefined","undefined","undefined","undefined"
"564c6728-0724-463b-b616-7613ca52f2e3","trial-choropleth","16","choropleth-response","completed","undefined","undefined","undefined","100.00","Identify which region has a larger population.","How much larger is State A than State B?","10","undefined","5538","5538","Choropleth"
"564c6728-0724-463b-b616-7613ca52f2e3","trial-choropleth","16","groundTruth","completed","undefined","undefined","undefined","100.00","Identify which region has a larger population.","undefined","15","undefined","5538","5538","Choropleth"
"564c6728-0724-463b-b616-7613ca52f2e3","trial-choropleth","16","windowEvents","undefined","undefined","undefined","undefined","undefined","undefined","undefined","{""focus"":2,""input"":1,""keydown"":1,""keyup"":1,""mousemove"":16,""mousedown"":3,""mouseup"":3,""resize"":0,""scroll"":0,""visibility"":0}","undefined","undefined","undefined","undefined"
"564c6728-0724-463b-b616-7613ca52f2e3","trial-hexbin","17","hexbin-response","completed","undefined","undefined","undefined","100.00","Identify which region has a larger population.","How much larger is Region A than Region B?","40","undefined","23698","23698","Hexbin"
"564c6728-0724-463b-b616-7613ca52f2e3","trial-hexbin","17","groundTruth","completed","undefined","undefined","undefined","100.00","Identify which region has a larger population.","undefined","65","undefined","23698","23698","Hexbin"
"564c6728-0724-463b-b616-7613ca52f2e3","trial-hexbin","17","windowEvents","undefined","undefined","undefined","undefined","undefined","undefined","undefined","{""focus"":2,""input"":1,""keydown"":2,""keyup"":2,""mousemove"":12,""mousedown"":4,""mouseup"":4,""resize"":0,""scroll"":0,""visibility"":0}","undefined","undefined","undefined","undefined"
"564c6728-0724-463b-b616-7613ca52f2e3","trial-hexbin","18","hexbin-response","completed","undefined","undefined","undefined","100.00","Identify which region has a larger population.","How much larger is Region A than Region B?","25","undefined","43567","36649","Hexbin"
"564c6728-0724-463b-b616-7613ca52f2e3","trial-hexbin","18","groundTruth","completed","undefined","undefined","undefined","100.00","Identify which region has a larger population.","undefined","20","undefined","43567","36649","Hexbin"
"564c6728-0724-463b-b616-7613ca52f2e3","trial-hexbin","18","windowEvents","undefined","undefined","undefined","undefined","undefined","undefined","undefined","{""focus"":3,""input"":2,""keydown"":2,""keyup"":1,""mousemove"":15,""mousedown"":2,""mouseup"":2,""resize"":0,""scroll"":0,""visibility"":2}","undefined","undefined","undefined","undefined"
"564c6728-0724-463b-b616-7613ca52f2e3","trial-choropleth","19","choropleth-response","completed","undefined","undefined","undefined","100.00","Identify which region has a larger population.","How much larger is State A than State B?","20","undefined","16032","16032","Choropleth"
"564c6728-0724-463b-b616-7613ca52f2e3","trial-choropleth","19","groundTruth","completed","undefined","undefined","undefined","100.00","Identify which region has a larger population.","undefined","30","undefined","16032","16032","Choropleth"
"564c6728-0724-463b-b616-7613ca52f2e3","trial-choropleth","19","windowEvents","undefined","undefined","undefined","undefined","undefined","undefined","undefined","{""focus"":1,""input"":1,""keydown"":2,""keyup"":2,""mousemove"":14,""mousedown"":1,""mouseup"":2,""resize"":0,""scroll"":0,""visibility"":0}","undefined","undefined","undefined","undefined"
"564c6728-0724-463b-b616-7613ca52f2e3","trial-bubble","20","bubble-response","completed","undefined","undefined","undefined","100.00","Identify which city has a larger population.","How much larger is City A than City B?","90","undefined","33416","33416","Bubble"
"564c6728-0724-463b-b616-7613ca52f2e3","trial-bubble","20","groundTruth","completed","undefined","undefined","undefined","100.00","Identify which city has a larger population.","undefined","80","undefined","33416","33416","Bubble"
"564c6728-0724-463b-b616-7613ca52f2e3","trial-bubble","20","windowEvents","undefined","undefined","undefined","undefined","undefined","undefined","undefined","{""focus"":5,""input"":1,""keydown"":1,""keyup"":1,""mousemove"":30,""mousedown"":13,""mouseup"":12,""resize"":0,""scroll"":0,""visibility"":0}","undefined","undefined","undefined","undefined"
"5c7e5534-741d-4c72-9671-4121de48b359","participantTags","null","participantTags","undefined","undefined","undefined","undefined","undefined","undefined","undefined","[]","undefined","undefined","undefined","undefined"
"60bf7b3f-ed38-47b1-af28-27f67ecc860c","participantTags","null","participantTags","undefined","undefined","undefined","undefined","undefined","undefined","undefined","[]","undefined","undefined","undefined","undefined"
"6905caf8-ec5d-4106-b232-b374139228e5","participantTags","null","participantTags","undefined","undefined","undefined","undefined","undefined","undefined","undefined","[]","undefined","undefined","undefined","undefined"
"6905caf8-ec5d-4106-b232-b374139228e5","introduction","0","","rejected","Rejected by admin","undefined","2026-02-20T00:49:06.980Z","14.29","undefined","undefined","undefined","undefined","40981","40981","undefined"
"6905caf8-ec5d-4106-b232-b374139228e5","introduction","0","windowEvents","undefined","undefined","undefined","undefined","undefined","undefined","undefined","{""focus"":0,""input"":0,""keydown"":0,""keyup"":0,""mousemove"":0,""mousedown"":0,""mouseup"":0,""resize"":6,""scroll"":55,""visibility"":0}","undefined","undefined","undefined","undefined"
"6905caf8-ec5d-4106-b232-b374139228e5","trial-spike","1","spike-response","rejected","Rejected by admin","undefined","2026-02-20T00:49:06.980Z","14.29","Identify which city has a larger population.","How much larger is City A than City B?","1","undefined","18188","18188","Spike"
"6905caf8-ec5d-4106-b232-b374139228e5","trial-spike","1","groundTruth","rejected","Rejected by admin","undefined","2026-02-20T00:49:06.980Z","14.29","Identify which city has a larger population.","undefined","15","undefined","18188","18188","Spike"
"6905caf8-ec5d-4106-b232-b374139228e5","trial-spike","1","windowEvents","undefined","undefined","undefined","undefined","undefined","undefined","undefined","{""focus"":2,""input"":1,""keydown"":0,""keyup"":0,""mousemove"":2,""mousedown"":2,""mouseup"":2,""resize"":0,""scroll"":11,""visibility"":0}","undefined","undefined","undefined","undefined"
"6905caf8-ec5d-4106-b232-b374139228e5","trial-choropleth","2","choropleth-response","rejected","Rejected by admin","undefined","2026-02-20T00:49:06.980Z","14.29","Identify which region has a larger population.","How much larger is State A than State B?","-2","undefined","17636","17636","Choropleth"
"6905caf8-ec5d-4106-b232-b374139228e5","trial-choropleth","2","groundTruth","rejected","Rejected by admin","undefined","2026-02-20T00:49:06.980Z","14.29","Identify which region has a larger population.","undefined","25","undefined","17636","17636","Choropleth"
"6905caf8-ec5d-4106-b232-b374139228e5","trial-choropleth","2","windowEvents","undefined","undefined","undefined","undefined","undefined","undefined","undefined","{""focus"":1,""input"":0,""keydown"":0,""keyup"":0,""mousemove"":1,""mousedown"":1,""mouseup"":1,""resize"":0,""scroll"":12,""visibility"":0}","undefined","undefined","undefined","undefined"
"6905caf8-ec5d-4106-b232-b374139228e5","trial-hexbin","3","","rejected","Rejected by admin","undefined","2026-02-20T00:49:06.980Z","14.29","Identify which region has a larger population.","undefined","undefined","undefined","undefined","undefined","Hexbin"
"6905caf8-ec5d-4106-b232-b374139228e5","trial-hexbin","3","windowEvents","undefined","undefined","undefined","undefined","undefined","undefined","undefined","{""focus"":0,""input"":0,""keydown"":0,""keyup"":0,""mousemove"":0,""mousedown"":0,""mouseup"":0,""resize"":0,""scroll"":0,""visibility"":0}","undefined","undefined","undefined","undefined"
"6905caf8-ec5d-4106-b232-b374139228e5","trial-spike","4","","rejected","Rejected by admin","undefined","2026-02-20T00:49:06.980Z","14.29","Identify which city has a larger population.","undefined","undefined","undefined","undefined","undefined","Spike"
"6905caf8-ec5d-4106-b232-b374139228e5","trial-spike","4","windowEvents","undefined","undefined","undefined","undefined","undefined","undefined","undefined","{""focus"":0,""input"":0,""keydown"":0,""keyup"":0,""mousemove"":0,""mousedown"":0,""mouseup"":0,""resize"":0,""scroll"":0,""visibility"":0}","undefined","undefined","undefined","undefined"
"6905caf8-ec5d-4106-b232-b374139228e5","trial-spike","5","","rejected","Rejected by admin","undefined","2026-02-20T00:49:06.980Z","14.29","Identify which city has a larger population.","undefined","undefined","undefined","undefined","undefined","Spike"
"6905caf8-ec5d-4106-b232-b374139228e5","trial-spike","5","windowEvents","undefined","undefined","undefined","undefined","undefined","undefined","undefined","{""focus"":0,""input"":0,""keydown"":0,""keyup"":0,""mousemove"":0,""mousedown"":0,""mouseup"":0,""resize"":0,""scroll"":0,""visibility"":0}","undefined","undefined","undefined","undefined"
"6905caf8-ec5d-4106-b232-b374139228e5","trial-bubble","6","","rejected","Rejected by admin","undefined","2026-02-20T00:49:06.980Z","14.29","Identify which city has a larger population.","undefined","undefined","undefined","undefined","undefined","Bubble"
"6905caf8-ec5d-4106-b232-b374139228e5","trial-bubble","6","windowEvents","undefined","undefined","undefined","undefined","undefined","undefined","undefined","{""focus"":0,""input"":0,""keydown"":0,""keyup"":0,""mousemove"":0,""mousedown"":0,""mouseup"":0,""resize"":0,""scroll"":0,""visibility"":0}","undefined","undefined","undefined","undefined"
"6905caf8-ec5d-4106-b232-b374139228e5","trial-bubble","7","","rejected","Rejected by admin","undefined","2026-02-20T00:49:06.980Z","14.29","Identify which city has a larger population.","undefined","undefined","undefined","undefined","undefined","Bubble"
"6905caf8-ec5d-4106-b232-b374139228e5","trial-bubble","7","windowEvents","undefined","undefined","undefined","undefined","undefined","undefined","undefined","{""focus"":0,""input"":0,""keydown"":0,""keyup"":0,""mousemove"":0,""mousedown"":0,""mouseup"":0,""resize"":0,""scroll"":0,""visibility"":0}","undefined","undefined","undefined","undefined"
"6905caf8-ec5d-4106-b232-b374139228e5","trial-hexbin","8","","rejected","Rejected by admin","undefined","2026-02-20T00:49:06.980Z","14.29","Identify which region has a larger population.","undefined","undefined","undefined","undefined","undefined","Hexbin"
"6905caf8-ec5d-4106-b232-b374139228e5","trial-hexbin","8","windowEvents","undefined","undefined","undefined","undefined","undefined","undefined","undefined","{""focus"":0,""input"":0,""keydown"":0,""keyup"":0,""mousemove"":0,""mousedown"":0,""mouseup"":0,""resize"":0,""scroll"":0,""visibility"":0}","undefined","undefined","undefined","undefined"
"6905caf8-ec5d-4106-b232-b374139228e5","trial-choropleth","9","","rejected","Rejected by admin","undefined","2026-02-20T00:49:06.980Z","14.29","Identify which region has a larger population.","undefined","undefined","undefined","undefined","undefined","Choropleth"
"6905caf8-ec5d-4106-b232-b374139228e5","trial-choropleth","9","windowEvents","undefined","undefined","undefined","undefined","undefined","undefined","undefined","{""focus"":0,""input"":0,""keydown"":0,""keyup"":0,""mousemove"":0,""mousedown"":0,""mouseup"":0,""resize"":0,""scroll"":0,""visibility"":0}","undefined","undefined","undefined","undefined"
"6905caf8-ec5d-4106-b232-b374139228e5","trial-spike","10","","rejected","Rejected by admin","undefined","2026-02-20T00:49:06.980Z","14.29","Identify which city has a larger population.","undefined","undefined","undefined","undefined","undefined","Spike"
"6905caf8-ec5d-4106-b232-b374139228e5","trial-spike","10","windowEvents","undefined","undefined","undefined","undefined","undefined","undefined","undefined","{""focus"":0,""input"":0,""keydown"":0,""keyup"":0,""mousemove"":0,""mousedown"":0,""mouseup"":0,""resize"":0,""scroll"":0,""visibility"":0}","undefined","undefined","undefined","undefined"
"6905caf8-ec5d-4106-b232-b374139228e5","trial-bubble","11","","rejected","Rejected by admin","undefined","2026-02-20T00:49:06.980Z","14.29","Identify which city has a larger population.","undefined","undefined","undefined","undefined","undefined","Bubble"
"6905caf8-ec5d-4106-b232-b374139228e5","trial-bubble","11","windowEvents","undefined","undefined","undefined","undefined","undefined","undefined","undefined","{""focus"":0,""input"":0,""keydown"":0,""keyup"":0,""mousemove"":0,""mousedown"":0,""mouseup"":0,""resize"":0,""scroll"":0,""visibility"":0}","undefined","undefined","undefined","undefined"
"6905caf8-ec5d-4106-b232-b374139228e5","trial-hexbin","12","","rejected","Rejected by admin","undefined","2026-02-20T00:49:06.980Z","14.29","Identify which region has a larger population.","undefined","undefined","undefined","undefined","undefined","Hexbin"
"6905caf8-ec5d-4106-b232-b374139228e5","trial-hexbin","12","windowEvents","undefined","undefined","undefined","undefined","undefined","undefined","undefined","{""focus"":0,""input"":0,""keydown"":0,""keyup"":0,""mousemove"":0,""mousedown"":0,""mouseup"":0,""resize"":0,""scroll"":0,""visibility"":0}","undefined","undefined","undefined","undefined"
"6905caf8-ec5d-4106-b232-b374139228e5","trial-hexbin","13","","rejected","Rejected by admin","undefined","2026-02-20T00:49:06.980Z","14.29","Identify which region has a larger population.","undefined","undefined","undefined","undefined","undefined","Hexbin"
"6905caf8-ec5d-4106-b232-b374139228e5","trial-hexbin","13","windowEvents","undefined","undefined","undefined","undefined","undefined","undefined","undefined","{""focus"":0,""input"":0,""keydown"":0,""keyup"":0,""mousemove"":0,""mousedown"":0,""mouseup"":0,""resize"":0,""scroll"":0,""visibility"":0}","undefined","undefined","undefined","undefined"
"6905caf8-ec5d-4106-b232-b374139228e5","trial-choropleth","14","","rejected","Rejected by admin","undefined","2026-02-20T00:49:06.980Z","14.29","Identify which region has a larger population.","undefined","undefined","undefined","undefined","undefined","Choropleth"
"6905caf8-ec5d-4106-b232-b374139228e5","trial-choropleth","14","windowEvents","undefined","undefined","undefined","undefined","undefined","undefined","undefined","{""focus"":0,""input"":0,""keydown"":0,""keyup"":0,""mousemove"":0,""mousedown"":0,""mouseup"":0,""resize"":0,""scroll"":0,""visibility"":0}","undefined","undefined","undefined","undefined"
"6905caf8-ec5d-4106-b232-b374139228e5","trial-bubble","15","","rejected","Rejected by admin","undefined","2026-02-20T00:49:06.980Z","14.29","Identify which city has a larger population.","undefined","undefined","undefined","undefined","undefined","Bubble"
"6905caf8-ec5d-4106-b232-b374139228e5","trial-bubble","15","windowEvents","undefined","undefined","undefined","undefined","undefined","undefined","undefined","{""focus"":0,""input"":0,""keydown"":0,""keyup"":0,""mousemove"":0,""mousedown"":0,""mouseup"":0,""resize"":0,""scroll"":0,""visibility"":0}","undefined","undefined","undefined","undefined"
"6905caf8-ec5d-4106-b232-b374139228e5","trial-spike","16","","rejected","Rejected by admin","undefined","2026-02-20T00:49:06.980Z","14.29","Identify which city has a larger population.","undefined","undefined","undefined","undefined","undefined","Spike"
"6905caf8-ec5d-4106-b232-b374139228e5","trial-spike","16","windowEvents","undefined","undefined","undefined","undefined","undefined","undefined","undefined","{""focus"":0,""input"":0,""keydown"":0,""keyup"":0,""mousemove"":0,""mousedown"":0,""mouseup"":0,""resize"":0,""scroll"":0,""visibility"":0}","undefined","undefined","undefined","undefined"
"6905caf8-ec5d-4106-b232-b374139228e5","trial-bubble","17","","rejected","Rejected by admin","undefined","2026-02-20T00:49:06.980Z","14.29","Identify which city has a larger population.","undefined","undefined","undefined","undefined","undefined","Bubble"
"6905caf8-ec5d-4106-b232-b374139228e5","trial-bubble","17","windowEvents","undefined","undefined","undefined","undefined","undefined","undefined","undefined","{""focus"":0,""input"":0,""keydown"":0,""keyup"":0,""mousemove"":0,""mousedown"":0,""mouseup"":0,""resize"":0,""scroll"":0,""visibility"":0}","undefined","undefined","undefined","undefined"
"6905caf8-ec5d-4106-b232-b374139228e5","trial-choropleth","18","","rejected","Rejected by admin","undefined","2026-02-20T00:49:06.980Z","14.29","Identify which region has a larger population.","undefined","undefined","undefined","undefined","undefined","Choropleth"
"6905caf8-ec5d-4106-b232-b374139228e5","trial-choropleth","18","windowEvents","undefined","undefined","undefined","undefined","undefined","undefined","undefined","{""focus"":0,""input"":0,""keydown"":0,""keyup"":0,""mousemove"":0,""mousedown"":0,""mouseup"":0,""resize"":0,""scroll"":0,""visibility"":0}","undefined","undefined","undefined","undefined"
"6905caf8-ec5d-4106-b232-b374139228e5","trial-choropleth","19","","rejected","Rejected by admin","undefined","2026-02-20T00:49:06.980Z","14.29","Identify which region has a larger population.","undefined","undefined","undefined","undefined","undefined","Choropleth"
"6905caf8-ec5d-4106-b232-b374139228e5","trial-choropleth","19","windowEvents","undefined","undefined","undefined","undefined","undefined","undefined","undefined","{""focus"":0,""input"":0,""keydown"":0,""keyup"":0,""mousemove"":0,""mousedown"":0,""mouseup"":0,""resize"":0,""scroll"":0,""visibility"":0}","undefined","undefined","undefined","undefined"
"6905caf8-ec5d-4106-b232-b374139228e5","trial-hexbin","20","","rejected","Rejected by admin","undefined","2026-02-20T00:49:06.980Z","14.29","Identify which region has a larger population.","undefined","undefined","undefined","undefined","undefined","Hexbin"
"6905caf8-ec5d-4106-b232-b374139228e5","trial-hexbin","20","windowEvents","undefined","undefined","undefined","undefined","undefined","undefined","undefined","{""focus"":0,""input"":0,""keydown"":0,""keyup"":0,""mousemove"":0,""mousedown"":0,""mouseup"":0,""resize"":0,""scroll"":0,""visibility"":0}","undefined","undefined","undefined","undefined"
"7df168ef-3186-4018-9789-365fd35816e6","participantTags","null","participantTags","undefined","undefined","undefined","undefined","undefined","undefined","undefined","[]","undefined","undefined","undefined","undefined"
"7df168ef-3186-4018-9789-365fd35816e6","introduction","0","","completed","undefined","undefined","undefined","100.00","undefined","undefined","undefined","undefined","10691","10691","undefined"
"7df168ef-3186-4018-9789-365fd35816e6","introduction","0","windowEvents","undefined","undefined","undefined","undefined","undefined","undefined","undefined","{""focus"":0,""input"":0,""keydown"":0,""keyup"":0,""mousemove"":17,""mousedown"":1,""mouseup"":1,""resize"":0,""scroll"":0,""visibility"":0}","undefined","undefined","undefined","undefined"
"7df168ef-3186-4018-9789-365fd35816e6","trial-choropleth","1","choropleth-response","completed","undefined","undefined","undefined","100.00","Identify which region has a larger population.","How much larger is State A than State B?","50","undefined","26216","26216","Choropleth"
"7df168ef-3186-4018-9789-365fd35816e6","trial-choropleth","1","groundTruth","completed","undefined","undefined","undefined","100.00","Identify which region has a larger population.","undefined","45","undefined","26216","26216","Choropleth"
"7df168ef-3186-4018-9789-365fd35816e6","trial-choropleth","1","windowEvents","undefined","undefined","undefined","undefined","undefined","undefined","undefined","{""focus"":2,""input"":5,""keydown"":7,""keyup"":5,""mousemove"":22,""mousedown"":5,""mouseup"":5,""resize"":0,""scroll"":0,""visibility"":0}","undefined","undefined","undefined","undefined"
"7df168ef-3186-4018-9789-365fd35816e6","trial-spike","2","spike-response","completed","undefined","undefined","undefined","100.00","Identify which city has a larger population.","How much larger is City A than City B?","20","undefined","14056","14056","Spike"
"7df168ef-3186-4018-9789-365fd35816e6","trial-spike","2","groundTruth","completed","undefined","undefined","undefined","100.00","Identify which city has a larger population.","undefined","10","undefined","14056","14056","Spike"
"7df168ef-3186-4018-9789-365fd35816e6","trial-spike","2","windowEvents","undefined","undefined","undefined","undefined","undefined","undefined","undefined","{""focus"":2,""input"":2,""keydown"":2,""keyup"":2,""mousemove"":13,""mousedown"":2,""mouseup"":2,""resize"":0,""scroll"":0,""visibility"":0}","undefined","undefined","undefined","undefined"
"7df168ef-3186-4018-9789-365fd35816e6","trial-bubble","3","bubble-response","completed","undefined","undefined","undefined","100.00","Identify which city has a larger population.","How much larger is City A than City B?","0","undefined","7541","7541","Bubble"
"7df168ef-3186-4018-9789-365fd35816e6","trial-bubble","3","groundTruth","completed","undefined","undefined","undefined","100.00","Identify which city has a larger population.","undefined","10","undefined","7541","7541","Bubble"
"7df168ef-3186-4018-9789-365fd35816e6","trial-bubble","3","windowEvents","undefined","undefined","undefined","undefined","undefined","undefined","undefined","{""focus"":2,""input"":1,""keydown"":1,""keyup"":1,""mousemove"":14,""mousedown"":2,""mouseup"":2,""resize"":0,""scroll"":0,""visibility"":0}","undefined","undefined","undefined","undefined"
"7df168ef-3186-4018-9789-365fd35816e6","trial-choropleth","4","choropleth-response","completed","undefined","undefined","undefined","100.00","Identify which region has a larger population.","How much larger is State A than State B?","15","undefined","10279","10279","Choropleth"
"7df168ef-3186-4018-9789-365fd35816e6","trial-choropleth","4","groundTruth","completed","undefined","undefined","undefined","100.00","Identify which region has a larger population.","undefined","15","undefined","10279","10279","Choropleth"
"7df168ef-3186-4018-9789-365fd35816e6","trial-choropleth","4","windowEvents","undefined","undefined","undefined","undefined","undefined","undefined","undefined","{""focus"":2,""input"":2,""keydown"":2,""keyup"":2,""mousemove"":14,""mousedown"":2,""mouseup"":2,""resize"":0,""scroll"":0,""visibility"":0}","undefined","undefined","undefined","undefined"
"7df168ef-3186-4018-9789-365fd35816e6","trial-choropleth","5","choropleth-response","completed","undefined","undefined","undefined","100.00","Identify which region has a larger population.","How much larger is State A than State B?","15","undefined","5664","5664","Choropleth"
"7df168ef-3186-4018-9789-365fd35816e6","trial-choropleth","5","groundTruth","completed","undefined","undefined","undefined","100.00","Identify which region has a larger population.","undefined","15","undefined","5664","5664","Choropleth"
"7df168ef-3186-4018-9789-365fd35816e6","trial-choropleth","5","windowEvents","undefined","undefined","undefined","undefined","undefined","undefined","undefined","{""focus"":2,""input"":2,""keydown"":2,""keyup"":2,""mousemove"":16,""mousedown"":2,""mouseup"":2,""resize"":0,""scroll"":0,""visibility"":0}","undefined","undefined","undefined","undefined"
"7df168ef-3186-4018-9789-365fd35816e6","trial-hexbin","6","hexbin-response","completed","undefined","undefined","undefined","100.00","Identify which region has a larger population.","How much larger is Region A than Region B?","40","undefined","22057","22057","Hexbin"
"7df168ef-3186-4018-9789-365fd35816e6","trial-hexbin","6","groundTruth","completed","undefined","undefined","undefined","100.00","Identify which region has a larger population.","undefined","20","undefined","22057","22057","Hexbin"
"7df168ef-3186-4018-9789-365fd35816e6","trial-hexbin","6","windowEvents","undefined","undefined","undefined","undefined","undefined","undefined","undefined","{""focus"":2,""input"":2,""keydown"":2,""keyup"":2,""mousemove"":12,""mousedown"":2,""mouseup"":2,""resize"":0,""scroll"":0,""visibility"":0}","undefined","undefined","undefined","undefined"
"7df168ef-3186-4018-9789-365fd35816e6","trial-spike","7","spike-response","completed","undefined","undefined","undefined","100.00","Identify which city has a larger population.","How much larger is City A than City B?","20","undefined","10937","10937","Spike"
"7df168ef-3186-4018-9789-365fd35816e6","trial-spike","7","groundTruth","completed","undefined","undefined","undefined","100.00","Identify which city has a larger population.","undefined","25","undefined","10937","10937","Spike"
"7df168ef-3186-4018-9789-365fd35816e6","trial-spike","7","windowEvents","undefined","undefined","undefined","undefined","undefined","undefined","undefined","{""focus"":2,""input"":4,""keydown"":4,""keyup"":4,""mousemove"":18,""mousedown"":2,""mouseup"":2,""resize"":0,""scroll"":0,""visibility"":0}","undefined","undefined","undefined","undefined"
"7df168ef-3186-4018-9789-365fd35816e6","trial-hexbin","8","hexbin-response","completed","undefined","undefined","undefined","100.00","Identify which region has a larger population.","How much larger is Region A than Region B?","10","undefined","7297","7297","Hexbin"
"7df168ef-3186-4018-9789-365fd35816e6","trial-hexbin","8","groundTruth","completed","undefined","undefined","undefined","100.00","Identify which region has a larger population.","undefined","5","undefined","7297","7297","Hexbin"
"7df168ef-3186-4018-9789-365fd35816e6","trial-hexbin","8","windowEvents","undefined","undefined","undefined","undefined","undefined","undefined","undefined","{""focus"":2,""input"":2,""keydown"":2,""keyup"":2,""mousemove"":9,""mousedown"":2,""mouseup"":2,""resize"":0,""scroll"":0,""visibility"":0}","undefined","undefined","undefined","undefined"
"7df168ef-3186-4018-9789-365fd35816e6","trial-hexbin","9","hexbin-response","completed","undefined","undefined","undefined","100.00","Identify which region has a larger population.","How much larger is Region A than Region B?","50","undefined","11800","11800","Hexbin"
"7df168ef-3186-4018-9789-365fd35816e6","trial-hexbin","9","groundTruth","completed","undefined","undefined","undefined","100.00","Identify which region has a larger population.","undefined","35","undefined","11800","11800","Hexbin"
"7df168ef-3186-4018-9789-365fd35816e6","trial-hexbin","9","windowEvents","undefined","undefined","undefined","undefined","undefined","undefined","undefined","{""focus"":2,""input"":2,""keydown"":2,""keyup"":2,""mousemove"":8,""mousedown"":2,""mouseup"":2,""resize"":0,""scroll"":0,""visibility"":0}","undefined","undefined","undefined","undefined"
"7df168ef-3186-4018-9789-365fd35816e6","trial-hexbin","10","hexbin-response","completed","undefined","undefined","undefined","100.00","Identify which region has a larger population.","How much larger is Region A than Region B?","50","undefined","14382","14382","Hexbin"
"7df168ef-3186-4018-9789-365fd35816e6","trial-hexbin","10","groundTruth","completed","undefined","undefined","undefined","100.00","Identify which region has a larger population.","undefined","15","undefined","14382","14382","Hexbin"
"7df168ef-3186-4018-9789-365fd35816e6","trial-hexbin","10","windowEvents","undefined","undefined","undefined","undefined","undefined","undefined","undefined","{""focus"":2,""input"":2,""keydown"":2,""keyup"":2,""mousemove"":11,""mousedown"":2,""mouseup"":2,""resize"":0,""scroll"":0,""visibility"":0}","undefined","undefined","undefined","undefined"
"7df168ef-3186-4018-9789-365fd35816e6","trial-spike","11","spike-response","completed","undefined","undefined","undefined","100.00","Identify which city has a larger population.","How much larger is City A than City B?","60","undefined","5029","5029","Spike"
"7df168ef-3186-4018-9789-365fd35816e6","trial-spike","11","groundTruth","completed","undefined","undefined","undefined","100.00","Identify which city has a larger population.","undefined","5","undefined","5029","5029","Spike"
"7df168ef-3186-4018-9789-365fd35816e6","trial-spike","11","windowEvents","undefined","undefined","undefined","undefined","undefined","undefined","undefined","{""focus"":2,""input"":2,""keydown"":2,""keyup"":2,""mousemove"":14,""mousedown"":2,""mouseup"":2,""resize"":0,""scroll"":0,""visibility"":0}","undefined","undefined","undefined","undefined"
"7df168ef-3186-4018-9789-365fd35816e6","trial-spike","12","spike-response","completed","undefined","undefined","undefined","100.00","Identify which city has a larger population.","How much larger is City A than City B?","40","undefined","4516","4516","Spike"
"7df168ef-3186-4018-9789-365fd35816e6","trial-spike","12","groundTruth","completed","undefined","undefined","undefined","100.00","Identify which city has a larger population.","undefined","20","undefined","4516","4516","Spike"
"7df168ef-3186-4018-9789-365fd35816e6","trial-spike","12","windowEvents","undefined","undefined","undefined","undefined","undefined","undefined","undefined","{""focus"":2,""input"":2,""keydown"":2,""keyup"":2,""mousemove"":11,""mousedown"":2,""mouseup"":2,""resize"":0,""scroll"":0,""visibility"":0}","undefined","undefined","undefined","undefined"
"7df168ef-3186-4018-9789-365fd35816e6","trial-hexbin","13","hexbin-response","completed","undefined","undefined","undefined","100.00","Identify which region has a larger population.","How much larger is Region A than Region B?","10","undefined","6117","6117","Hexbin"
"7df168ef-3186-4018-9789-365fd35816e6","trial-hexbin","13","groundTruth","completed","undefined","undefined","undefined","100.00","Identify which region has a larger population.","undefined","0","undefined","6117","6117","Hexbin"
"7df168ef-3186-4018-9789-365fd35816e6","trial-hexbin","13","windowEvents","undefined","undefined","undefined","undefined","undefined","undefined","undefined","{""focus"":2,""input"":2,""keydown"":2,""keyup"":2,""mousemove"":9,""mousedown"":2,""mouseup"":2,""resize"":0,""scroll"":0,""visibility"":0}","undefined","undefined","undefined","undefined"
"7df168ef-3186-4018-9789-365fd35816e6","trial-bubble","14","bubble-response","completed","undefined","undefined","undefined","100.00","Identify which city has a larger population.","How much larger is City A than City B?","50","undefined","5321","5321","Bubble"
"7df168ef-3186-4018-9789-365fd35816e6","trial-bubble","14","groundTruth","completed","undefined","undefined","undefined","100.00","Identify which city has a larger population.","undefined","40","undefined","5321","5321","Bubble"
"7df168ef-3186-4018-9789-365fd35816e6","trial-bubble","14","windowEvents","undefined","undefined","undefined","undefined","undefined","undefined","undefined","{""focus"":2,""input"":4,""keydown"":4,""keyup"":4,""mousemove"":9,""mousedown"":2,""mouseup"":2,""resize"":0,""scroll"":0,""visibility"":0}","undefined","undefined","undefined","undefined"
"7df168ef-3186-4018-9789-365fd35816e6","trial-bubble","15","bubble-response","completed","undefined","undefined","undefined","100.00","Identify which city has a larger population.","How much larger is City A than City B?","30","undefined","4625","4625","Bubble"
"7df168ef-3186-4018-9789-365fd35816e6","trial-bubble","15","groundTruth","completed","undefined","undefined","undefined","100.00","Identify which city has a larger population.","undefined","15","undefined","4625","4625","Bubble"
"7df168ef-3186-4018-9789-365fd35816e6","trial-bubble","15","windowEvents","undefined","undefined","undefined","undefined","undefined","undefined","undefined","{""focus"":2,""input"":2,""keydown"":2,""keyup"":2,""mousemove"":10,""mousedown"":2,""mouseup"":2,""resize"":0,""scroll"":0,""visibility"":0}","undefined","undefined","undefined","undefined"
"7df168ef-3186-4018-9789-365fd35816e6","trial-choropleth","16","choropleth-response","completed","undefined","undefined","undefined","100.00","Identify which region has a larger population.","How much larger is State A than State B?","15","undefined","4026","4026","Choropleth"
"7df168ef-3186-4018-9789-365fd35816e6","trial-choropleth","16","groundTruth","completed","undefined","undefined","undefined","100.00","Identify which region has a larger population.","undefined","10","undefined","4026","4026","Choropleth"
"7df168ef-3186-4018-9789-365fd35816e6","trial-choropleth","16","windowEvents","undefined","undefined","undefined","undefined","undefined","undefined","undefined","{""focus"":2,""input"":2,""keydown"":2,""keyup"":2,""mousemove"":9,""mousedown"":2,""mouseup"":2,""resize"":0,""scroll"":0,""visibility"":0}","undefined","undefined","undefined","undefined"
"7df168ef-3186-4018-9789-365fd35816e6","trial-bubble","17","bubble-response","completed","undefined","undefined","undefined","100.00","Identify which city has a larger population.","How much larger is City A than City B?","20","undefined","5433","5433","Bubble"
"7df168ef-3186-4018-9789-365fd35816e6","trial-bubble","17","groundTruth","completed","undefined","undefined","undefined","100.00","Identify which city has a larger population.","undefined","5","undefined","5433","5433","Bubble"
"7df168ef-3186-4018-9789-365fd35816e6","trial-bubble","17","windowEvents","undefined","undefined","undefined","undefined","undefined","undefined","undefined","{""focus"":2,""input"":2,""keydown"":2,""keyup"":2,""mousemove"":8,""mousedown"":2,""mouseup"":2,""resize"":0,""scroll"":0,""visibility"":0}","undefined","undefined","undefined","undefined"
"7df168ef-3186-4018-9789-365fd35816e6","trial-bubble","18","bubble-response","completed","undefined","undefined","undefined","100.00","Identify which city has a larger population.","How much larger is City A than City B?","80","undefined","5316","5316","Bubble"
"7df168ef-3186-4018-9789-365fd35816e6","trial-bubble","18","groundTruth","completed","undefined","undefined","undefined","100.00","Identify which city has a larger population.","undefined","90","undefined","5316","5316","Bubble"
"7df168ef-3186-4018-9789-365fd35816e6","trial-bubble","18","windowEvents","undefined","undefined","undefined","undefined","undefined","undefined","undefined","{""focus"":2,""input"":2,""keydown"":2,""keyup"":2,""mousemove"":13,""mousedown"":2,""mouseup"":2,""resize"":0,""scroll"":0,""visibility"":0}","undefined","undefined","undefined","undefined"
"7df168ef-3186-4018-9789-365fd35816e6","trial-choropleth","19","choropleth-response","completed","undefined","undefined","undefined","100.00","Identify which region has a larger population.","How much larger is State A than State B?","0","undefined","2500","2500","Choropleth"
"7df168ef-3186-4018-9789-365fd35816e6","trial-choropleth","19","groundTruth","completed","undefined","undefined","undefined","100.00","Identify which region has a larger population.","undefined","5","undefined","2500","2500","Choropleth"
"7df168ef-3186-4018-9789-365fd35816e6","trial-choropleth","19","windowEvents","undefined","undefined","undefined","undefined","undefined","undefined","undefined","{""focus"":2,""input"":1,""keydown"":1,""keyup"":1,""mousemove"":9,""mousedown"":2,""mouseup"":2,""resize"":0,""scroll"":0,""visibility"":0}","undefined","undefined","undefined","undefined"
"7df168ef-3186-4018-9789-365fd35816e6","trial-spike","20","spike-response","completed","undefined","undefined","undefined","100.00","Identify which city has a larger population.","How much larger is City A than City B?","20","undefined","5703","5703","Spike"
"7df168ef-3186-4018-9789-365fd35816e6","trial-spike","20","groundTruth","completed","undefined","undefined","undefined","100.00","Identify which city has a larger population.","undefined","20","undefined","5703","5703","Spike"
"7df168ef-3186-4018-9789-365fd35816e6","trial-spike","20","windowEvents","undefined","undefined","undefined","undefined","undefined","undefined","undefined","{""focus"":2,""input"":4,""keydown"":4,""keyup"":4,""mousemove"":12,""mousedown"":2,""mouseup"":2,""resize"":0,""scroll"":0,""visibility"":0}","undefined","undefined","undefined","undefined"
"8d0e6184-3a35-487b-a67a-40de085e40ae","participantTags","null","participantTags","undefined","undefined","undefined","undefined","undefined","undefined","undefined","[]","undefined","undefined","undefined","undefined"
"8d0e6184-3a35-487b-a67a-40de085e40ae","introduction","0","","completed","undefined","undefined","undefined","100.00","undefined","undefined","undefined","undefined","12382","12382","undefined"
"8d0e6184-3a35-487b-a67a-40de085e40ae","introduction","0","windowEvents","undefined","undefined","undefined","undefined","undefined","undefined","undefined","{""focus"":1,""input"":0,""keydown"":0,""keyup"":0,""mousemove"":11,""mousedown"":1,""mouseup"":0,""resize"":0,""scroll"":0,""visibility"":0}","undefined","undefined","undefined","undefined"
"8d0e6184-3a35-487b-a67a-40de085e40ae","trial-hexbin","1","hexbin-response","completed","undefined","undefined","undefined","100.00","Identify which region has a larger population.","How much larger is Region A than Region B?","20","undefined","16579","16579","Hexbin"
"8d0e6184-3a35-487b-a67a-40de085e40ae","trial-hexbin","1","groundTruth","completed","undefined","undefined","undefined","100.00","Identify which region has a larger population.","undefined","20","undefined","16579","16579","Hexbin"
"8d0e6184-3a35-487b-a67a-40de085e40ae","trial-hexbin","1","windowEvents","undefined","undefined","undefined","undefined","undefined","undefined","undefined","{""focus"":1,""input"":2,""keydown"":3,""keyup"":3,""mousemove"":11,""mousedown"":1,""mouseup"":2,""resize"":0,""scroll"":0,""visibility"":0}","undefined","undefined","undefined","undefined"
"8d0e6184-3a35-487b-a67a-40de085e40ae","trial-spike","2","spike-response","completed","undefined","undefined","undefined","100.00","Identify which city has a larger population.","How much larger is City A than City B?","60","undefined","17369","17369","Spike"
"8d0e6184-3a35-487b-a67a-40de085e40ae","trial-spike","2","groundTruth","completed","undefined","undefined","undefined","100.00","Identify which city has a larger population.","undefined","0","undefined","17369","17369","Spike"
"8d0e6184-3a35-487b-a67a-40de085e40ae","trial-spike","2","windowEvents","undefined","undefined","undefined","undefined","undefined","undefined","undefined","{""focus"":3,""input"":1,""keydown"":2,""keyup"":2,""mousemove"":13,""mousedown"":3,""mouseup"":2,""resize"":0,""scroll"":0,""visibility"":0}","undefined","undefined","undefined","undefined"
"8d0e6184-3a35-487b-a67a-40de085e40ae","trial-choropleth","3","choropleth-response","completed","undefined","undefined","undefined","100.00","Identify which region has a larger population.","How much larger is State A than State B?","10","undefined","8113","8113","Choropleth"
"8d0e6184-3a35-487b-a67a-40de085e40ae","trial-choropleth","3","groundTruth","completed","undefined","undefined","undefined","100.00","Identify which region has a larger population.","undefined","5","undefined","8113","8113","Choropleth"
"8d0e6184-3a35-487b-a67a-40de085e40ae","trial-choropleth","3","windowEvents","undefined","undefined","undefined","undefined","undefined","undefined","undefined","{""focus"":1,""input"":1,""keydown"":1,""keyup"":1,""mousemove"":10,""mousedown"":2,""mouseup"":2,""resize"":0,""scroll"":0,""visibility"":0}","undefined","undefined","undefined","undefined"
"8d0e6184-3a35-487b-a67a-40de085e40ae","trial-choropleth","4","choropleth-response","completed","undefined","undefined","undefined","100.00","Identify which region has a larger population.","How much larger is State A than State B?","35","undefined","7405","7405","Choropleth"
"8d0e6184-3a35-487b-a67a-40de085e40ae","trial-choropleth","4","groundTruth","completed","undefined","undefined","undefined","100.00","Identify which region has a larger population.","undefined","25","undefined","7405","7405","Choropleth"
"8d0e6184-3a35-487b-a67a-40de085e40ae","trial-choropleth","4","windowEvents","undefined","undefined","undefined","undefined","undefined","undefined","undefined","{""focus"":2,""input"":2,""keydown"":2,""keyup"":2,""mousemove"":9,""mousedown"":1,""mouseup"":2,""resize"":0,""scroll"":0,""visibility"":0}","undefined","undefined","undefined","undefined"
"8d0e6184-3a35-487b-a67a-40de085e40ae","trial-spike","5","spike-response","completed","undefined","undefined","undefined","100.00","Identify which city has a larger population.","How much larger is City A than City B?","40","undefined","6110","6110","Spike"
"8d0e6184-3a35-487b-a67a-40de085e40ae","trial-spike","5","groundTruth","completed","undefined","undefined","undefined","100.00","Identify which city has a larger population.","undefined","55","undefined","6110","6110","Spike"
"8d0e6184-3a35-487b-a67a-40de085e40ae","trial-spike","5","windowEvents","undefined","undefined","undefined","undefined","undefined","undefined","undefined","{""focus"":2,""input"":1,""keydown"":1,""keyup"":1,""mousemove"":7,""mousedown"":2,""mouseup"":2,""resize"":0,""scroll"":0,""visibility"":0}","undefined","undefined","undefined","undefined"
"8d0e6184-3a35-487b-a67a-40de085e40ae","trial-choropleth","6","choropleth-response","completed","undefined","undefined","undefined","100.00","Identify which region has a larger population.","How much larger is State A than State B?","50","undefined","6457","6457","Choropleth"
"8d0e6184-3a35-487b-a67a-40de085e40ae","trial-choropleth","6","groundTruth","completed","undefined","undefined","undefined","100.00","Identify which region has a larger population.","undefined","40","undefined","6457","6457","Choropleth"
"8d0e6184-3a35-487b-a67a-40de085e40ae","trial-choropleth","6","windowEvents","undefined","undefined","undefined","undefined","undefined","undefined","undefined","{""focus"":3,""input"":1,""keydown"":1,""keyup"":1,""mousemove"":10,""mousedown"":3,""mouseup"":2,""resize"":0,""scroll"":0,""visibility"":0}","undefined","undefined","undefined","undefined"
"8d0e6184-3a35-487b-a67a-40de085e40ae","trial-bubble","7","bubble-response","completed","undefined","undefined","undefined","100.00","Identify which city has a larger population.","How much larger is City A than City B?","70","undefined","11633","11633","Bubble"
"8d0e6184-3a35-487b-a67a-40de085e40ae","trial-bubble","7","groundTruth","completed","undefined","undefined","undefined","100.00","Identify which city has a larger population.","undefined","75","undefined","11633","11633","Bubble"
"8d0e6184-3a35-487b-a67a-40de085e40ae","trial-bubble","7","windowEvents","undefined","undefined","undefined","undefined","undefined","undefined","undefined","{""focus"":2,""input"":3,""keydown"":4,""keyup"":3,""mousemove"":13,""mousedown"":2,""mouseup"":2,""resize"":0,""scroll"":0,""visibility"":0}","undefined","undefined","undefined","undefined"
"8d0e6184-3a35-487b-a67a-40de085e40ae","trial-choropleth","8","choropleth-response","completed","undefined","undefined","undefined","100.00","Identify which region has a larger population.","How much larger is State A than State B?","10","undefined","14927","14927","Choropleth"
"8d0e6184-3a35-487b-a67a-40de085e40ae","trial-choropleth","8","groundTruth","completed","undefined","undefined","undefined","100.00","Identify which region has a larger population.","undefined","5","undefined","14927","14927","Choropleth"
"8d0e6184-3a35-487b-a67a-40de085e40ae","trial-choropleth","8","windowEvents","undefined","undefined","undefined","undefined","undefined","undefined","undefined","{""focus"":2,""input"":1,""keydown"":1,""keyup"":1,""mousemove"":13,""mousedown"":3,""mouseup"":3,""resize"":0,""scroll"":0,""visibility"":0}","undefined","undefined","undefined","undefined"
"8d0e6184-3a35-487b-a67a-40de085e40ae","trial-bubble","9","bubble-response","completed","undefined","undefined","undefined","100.00","Identify which city has a larger population.","How much larger is City A than City B?","15","undefined","5822","5822","Bubble"
"8d0e6184-3a35-487b-a67a-40de085e40ae","trial-bubble","9","groundTruth","completed","undefined","undefined","undefined","100.00","Identify which city has a larger population.","undefined","25","undefined","5822","5822","Bubble"
"8d0e6184-3a35-487b-a67a-40de085e40ae","trial-bubble","9","windowEvents","undefined","undefined","undefined","undefined","undefined","undefined","undefined","{""focus"":2,""input"":2,""keydown"":2,""keyup"":2,""mousemove"":15,""mousedown"":3,""mouseup"":3,""resize"":0,""scroll"":0,""visibility"":0}","undefined","undefined","undefined","undefined"
"8d0e6184-3a35-487b-a67a-40de085e40ae","trial-hexbin","10","hexbin-response","completed","undefined","undefined","undefined","100.00","Identify which region has a larger population.","How much larger is Region A than Region B?","50","undefined","25289","25289","Hexbin"
"8d0e6184-3a35-487b-a67a-40de085e40ae","trial-hexbin","10","groundTruth","completed","undefined","undefined","undefined","100.00","Identify which region has a larger population.","undefined","40","undefined","25289","25289","Hexbin"
"8d0e6184-3a35-487b-a67a-40de085e40ae","trial-hexbin","10","windowEvents","undefined","undefined","undefined","undefined","undefined","undefined","undefined","{""focus"":1,""input"":1,""keydown"":1,""keyup"":1,""mousemove"":11,""mousedown"":1,""mouseup"":2,""resize"":0,""scroll"":0,""visibility"":0}","undefined","undefined","undefined","undefined"
"8d0e6184-3a35-487b-a67a-40de085e40ae","trial-hexbin","11","hexbin-response","completed","undefined","undefined","undefined","100.00","Identify which region has a larger population.","How much larger is Region A than Region B?","40","undefined","18123","18123","Hexbin"
"8d0e6184-3a35-487b-a67a-40de085e40ae","trial-hexbin","11","groundTruth","completed","undefined","undefined","undefined","100.00","Identify which region has a larger population.","undefined","25","undefined","18123","18123","Hexbin"
"8d0e6184-3a35-487b-a67a-40de085e40ae","trial-hexbin","11","windowEvents","undefined","undefined","undefined","undefined","undefined","undefined","undefined","{""focus"":3,""input"":1,""keydown"":1,""keyup"":1,""mousemove"":12,""mousedown"":3,""mouseup"":2,""resize"":0,""scroll"":0,""visibility"":0}","undefined","undefined","undefined","undefined"
"8d0e6184-3a35-487b-a67a-40de085e40ae","trial-bubble","12","bubble-response","completed","undefined","undefined","undefined","100.00","Identify which city has a larger population.","How much larger is City A than City B?","5","undefined","7654","7654","Bubble"
"8d0e6184-3a35-487b-a67a-40de085e40ae","trial-bubble","12","groundTruth","completed","undefined","undefined","undefined","100.00","Identify which city has a larger population.","undefined","5","undefined","7654","7654","Bubble"
"8d0e6184-3a35-487b-a67a-40de085e40ae","trial-bubble","12","windowEvents","undefined","undefined","undefined","undefined","undefined","undefined","undefined","{""focus"":2,""input"":1,""keydown"":1,""keyup"":1,""mousemove"":12,""mousedown"":2,""mouseup"":2,""resize"":0,""scroll"":0,""visibility"":0}","undefined","undefined","undefined","undefined"
"8d0e6184-3a35-487b-a67a-40de085e40ae","trial-bubble","13","bubble-response","completed","undefined","undefined","undefined","100.00","Identify which city has a larger population.","How much larger is City A than City B?","60","undefined","8298","8298","Bubble"
"8d0e6184-3a35-487b-a67a-40de085e40ae","trial-bubble","13","groundTruth","completed","undefined","undefined","undefined","100.00","Identify which city has a larger population.","undefined","50","undefined","8298","8298","Bubble"
"8d0e6184-3a35-487b-a67a-40de085e40ae","trial-bubble","13","windowEvents","undefined","undefined","undefined","undefined","undefined","undefined","undefined","{""focus"":1,""input"":4,""keydown"":4,""keyup"":4,""mousemove"":8,""mousedown"":1,""mouseup"":2,""resize"":0,""scroll"":0,""visibility"":0}","undefined","undefined","undefined","undefined"
"8d0e6184-3a35-487b-a67a-40de085e40ae","trial-hexbin","14","hexbin-response","completed","undefined","undefined","undefined","100.00","Identify which region has a larger population.","How much larger is Region A than Region B?","45","undefined","16290","16290","Hexbin"
"8d0e6184-3a35-487b-a67a-40de085e40ae","trial-hexbin","14","groundTruth","completed","undefined","undefined","undefined","100.00","Identify which region has a larger population.","undefined","55","undefined","16290","16290","Hexbin"
"8d0e6184-3a35-487b-a67a-40de085e40ae","trial-hexbin","14","windowEvents","undefined","undefined","undefined","undefined","undefined","undefined","undefined","{""focus"":2,""input"":2,""keydown"":2,""keyup"":2,""mousemove"":11,""mousedown"":2,""mouseup"":2,""resize"":0,""scroll"":0,""visibility"":0}","undefined","undefined","undefined","undefined"
"8d0e6184-3a35-487b-a67a-40de085e40ae","trial-spike","15","spike-response","completed","undefined","undefined","undefined","100.00","Identify which city has a larger population.","How much larger is City A than City B?","5","undefined","16457","16457","Spike"
"8d0e6184-3a35-487b-a67a-40de085e40ae","trial-spike","15","groundTruth","completed","undefined","undefined","undefined","100.00","Identify which city has a larger population.","undefined","0","undefined","16457","16457","Spike"
"8d0e6184-3a35-487b-a67a-40de085e40ae","trial-spike","15","windowEvents","undefined","undefined","undefined","undefined","undefined","undefined","undefined","{""focus"":3,""input"":1,""keydown"":1,""keyup"":1,""mousemove"":24,""mousedown"":4,""mouseup"":3,""resize"":0,""scroll"":0,""visibility"":0}","undefined","undefined","undefined","undefined"
"8d0e6184-3a35-487b-a67a-40de085e40ae","trial-spike","16","spike-response","completed","undefined","undefined","undefined","100.00","Identify which city has a larger population.","How much larger is City A than City B?","40","undefined","7211","7211","Spike"
"8d0e6184-3a35-487b-a67a-40de085e40ae","trial-spike","16","groundTruth","completed","undefined","undefined","undefined","100.00","Identify which city has a larger population.","undefined","45","undefined","7211","7211","Spike"
"8d0e6184-3a35-487b-a67a-40de085e40ae","trial-spike","16","windowEvents","undefined","undefined","undefined","undefined","undefined","undefined","undefined","{""focus"":2,""input"":1,""keydown"":1,""keyup"":1,""mousemove"":9,""mousedown"":2,""mouseup"":2,""resize"":0,""scroll"":0,""visibility"":0}","undefined","undefined","undefined","undefined"
"8d0e6184-3a35-487b-a67a-40de085e40ae","trial-hexbin","17","hexbin-response","completed","undefined","undefined","undefined","100.00","Identify which region has a larger population.","How much larger is Region A than Region B?","40","undefined","11357","11357","Hexbin"
"8d0e6184-3a35-487b-a67a-40de085e40ae","trial-hexbin","17","groundTruth","completed","undefined","undefined","undefined","100.00","Identify which region has a larger population.","undefined","35","undefined","11357","11357","Hexbin"
"8d0e6184-3a35-487b-a67a-40de085e40ae","trial-hexbin","17","windowEvents","undefined","undefined","undefined","undefined","undefined","undefined","undefined","{""focus"":2,""input"":7,""keydown"":7,""keyup"":6,""mousemove"":9,""mousedown"":2,""mouseup"":2,""resize"":0,""scroll"":0,""visibility"":0}","undefined","undefined","undefined","undefined"
"8d0e6184-3a35-487b-a67a-40de085e40ae","trial-spike","18","spike-response","completed","undefined","undefined","undefined","100.00","Identify which city has a larger population.","How much larger is City A than City B?","30","undefined","12878","12878","Spike"
"8d0e6184-3a35-487b-a67a-40de085e40ae","trial-spike","18","groundTruth","completed","undefined","undefined","undefined","100.00","Identify which city has a larger population.","undefined","55","undefined","12878","12878","Spike"
"8d0e6184-3a35-487b-a67a-40de085e40ae","trial-spike","18","windowEvents","undefined","undefined","undefined","undefined","undefined","undefined","undefined","{""focus"":2,""input"":1,""keydown"":1,""keyup"":1,""mousemove"":10,""mousedown"":2,""mouseup"":2,""resize"":0,""scroll"":0,""visibility"":0}","undefined","undefined","undefined","undefined"
"8d0e6184-3a35-487b-a67a-40de085e40ae","trial-bubble","19","bubble-response","completed","undefined","undefined","undefined","100.00","Identify which city has a larger population.","How much larger is City A than City B?","10","undefined","7186","7186","Bubble"
"8d0e6184-3a35-487b-a67a-40de085e40ae","trial-bubble","19","groundTruth","completed","undefined","undefined","undefined","100.00","Identify which city has a larger population.","undefined","25","undefined","7186","7186","Bubble"
"8d0e6184-3a35-487b-a67a-40de085e40ae","trial-bubble","19","windowEvents","undefined","undefined","undefined","undefined","undefined","undefined","undefined","{""focus"":2,""input"":7,""keydown"":7,""keyup"":7,""mousemove"":8,""mousedown"":2,""mouseup"":2,""resize"":0,""scroll"":0,""visibility"":0}","undefined","undefined","undefined","undefined"
"8d0e6184-3a35-487b-a67a-40de085e40ae","trial-choropleth","20","choropleth-response","completed","undefined","undefined","undefined","100.00","Identify which region has a larger population.","How much larger is State A than State B?","20","undefined","8632","8632","Choropleth"
"8d0e6184-3a35-487b-a67a-40de085e40ae","trial-choropleth","20","groundTruth","completed","undefined","undefined","undefined","100.00","Identify which region has a larger population.","undefined","20","undefined","8632","8632","Choropleth"
"8d0e6184-3a35-487b-a67a-40de085e40ae","trial-choropleth","20","windowEvents","undefined","undefined","undefined","undefined","undefined","undefined","undefined","{""focus"":2,""input"":1,""keydown"":2,""keyup"":1,""mousemove"":7,""mousedown"":2,""mouseup"":2,""resize"":0,""scroll"":0,""visibility"":0}","undefined","undefined","undefined","undefined"
"92fa0718-0ccc-498a-b306-26e4fd525cbd","participantTags","null","participantTags","undefined","undefined","undefined","undefined","undefined","undefined","undefined","[]","undefined","undefined","undefined","undefined"
"92fa0718-0ccc-498a-b306-26e4fd525cbd","introduction","0","","completed","undefined","undefined","undefined","100.00","undefined","undefined","undefined","undefined","28701","28701","undefined"
"92fa0718-0ccc-498a-b306-26e4fd525cbd","introduction","0","windowEvents","undefined","undefined","undefined","undefined","undefined","undefined","undefined","{""focus"":0,""input"":0,""keydown"":0,""keyup"":0,""mousemove"":25,""mousedown"":0,""mouseup"":0,""resize"":0,""scroll"":0,""visibility"":0}","undefined","undefined","undefined","undefined"
"92fa0718-0ccc-498a-b306-26e4fd525cbd","trial-choropleth","1","choropleth-response","completed","undefined","undefined","undefined","100.00","Identify which region has a larger population.","How much larger is State A than State B?","50","undefined","54885","54885","Choropleth"
"92fa0718-0ccc-498a-b306-26e4fd525cbd","trial-choropleth","1","groundTruth","completed","undefined","undefined","undefined","100.00","Identify which region has a larger population.","undefined","25","undefined","54885","54885","Choropleth"
"92fa0718-0ccc-498a-b306-26e4fd525cbd","trial-choropleth","1","windowEvents","undefined","undefined","undefined","undefined","undefined","undefined","undefined","{""focus"":2,""input"":1,""keydown"":2,""keyup"":1,""mousemove"":7,""mousedown"":2,""mouseup"":2,""resize"":0,""scroll"":0,""visibility"":0}","undefined","undefined","undefined","undefined"
"92fa0718-0ccc-498a-b306-26e4fd525cbd","trial-hexbin","2","hexbin-response","completed","undefined","undefined","undefined","100.00","Identify which region has a larger population.","How much larger is Region A than Region B?","30","undefined","21206","21206","Hexbin"
"92fa0718-0ccc-498a-b306-26e4fd525cbd","trial-hexbin","2","groundTruth","completed","undefined","undefined","undefined","100.00","Identify which region has a larger population.","undefined","10","undefined","21206","21206","Hexbin"
"92fa0718-0ccc-498a-b306-26e4fd525cbd","trial-hexbin","2","windowEvents","undefined","undefined","undefined","undefined","undefined","undefined","undefined","{""focus"":2,""input"":1,""keydown"":1,""keyup"":1,""mousemove"":13,""mousedown"":2,""mouseup"":2,""resize"":0,""scroll"":0,""visibility"":0}","undefined","undefined","undefined","undefined"
"92fa0718-0ccc-498a-b306-26e4fd525cbd","trial-bubble","3","bubble-response","completed","undefined","undefined","undefined","100.00","Identify which city has a larger population.","How much larger is City A than City B?","55","undefined","19986","19986","Bubble"
"92fa0718-0ccc-498a-b306-26e4fd525cbd","trial-bubble","3","groundTruth","completed","undefined","undefined","undefined","100.00","Identify which city has a larger population.","undefined","55","undefined","19986","19986","Bubble"
"92fa0718-0ccc-498a-b306-26e4fd525cbd","trial-bubble","3","windowEvents","undefined","undefined","undefined","undefined","undefined","undefined","undefined","{""focus"":2,""input"":2,""keydown"":2,""keyup"":2,""mousemove"":18,""mousedown"":2,""mouseup"":2,""resize"":0,""scroll"":0,""visibility"":0}","undefined","undefined","undefined","undefined"
"92fa0718-0ccc-498a-b306-26e4fd525cbd","trial-spike","4","spike-response","completed","undefined","undefined","undefined","100.00","Identify which city has a larger population.","How much larger is City A than City B?","50","undefined","19270","19270","Spike"
"92fa0718-0ccc-498a-b306-26e4fd525cbd","trial-spike","4","groundTruth","completed","undefined","undefined","undefined","100.00","Identify which city has a larger population.","undefined","70","undefined","19270","19270","Spike"
"92fa0718-0ccc-498a-b306-26e4fd525cbd","trial-spike","4","windowEvents","undefined","undefined","undefined","undefined","undefined","undefined","undefined","{""focus"":2,""input"":1,""keydown"":1,""keyup"":1,""mousemove"":12,""mousedown"":2,""mouseup"":2,""resize"":0,""scroll"":0,""visibility"":0}","undefined","undefined","undefined","undefined"
"92fa0718-0ccc-498a-b306-26e4fd525cbd","trial-bubble","5","bubble-response","completed","undefined","undefined","undefined","100.00","Identify which city has a larger population.","How much larger is City A than City B?","20","undefined","13714","13714","Bubble"
"92fa0718-0ccc-498a-b306-26e4fd525cbd","trial-bubble","5","groundTruth","completed","undefined","undefined","undefined","100.00","Identify which city has a larger population.","undefined","40","undefined","13714","13714","Bubble"
"92fa0718-0ccc-498a-b306-26e4fd525cbd","trial-bubble","5","windowEvents","undefined","undefined","undefined","undefined","undefined","undefined","undefined","{""focus"":2,""input"":1,""keydown"":1,""keyup"":1,""mousemove"":15,""mousedown"":3,""mouseup"":3,""resize"":0,""scroll"":0,""visibility"":0}","undefined","undefined","undefined","undefined"
"92fa0718-0ccc-498a-b306-26e4fd525cbd","trial-bubble","6","bubble-response","completed","undefined","undefined","undefined","100.00","Identify which city has a larger population.","How much larger is City A than City B?","0","undefined","9479","9479","Bubble"
"92fa0718-0ccc-498a-b306-26e4fd525cbd","trial-bubble","6","groundTruth","completed","undefined","undefined","undefined","100.00","Identify which city has a larger population.","undefined","0","undefined","9479","9479","Bubble"
"92fa0718-0ccc-498a-b306-26e4fd525cbd","trial-bubble","6","windowEvents","undefined","undefined","undefined","undefined","undefined","undefined","undefined","{""focus"":2,""input"":1,""keydown"":1,""keyup"":1,""mousemove"":16,""mousedown"":2,""mouseup"":2,""resize"":0,""scroll"":0,""visibility"":0}","undefined","undefined","undefined","undefined"
"92fa0718-0ccc-498a-b306-26e4fd525cbd","trial-choropleth","7","choropleth-response","completed","undefined","undefined","undefined","100.00","Identify which region has a larger population.","How much larger is State A than State B?","15","undefined","16092","16092","Choropleth"
"92fa0718-0ccc-498a-b306-26e4fd525cbd","trial-choropleth","7","groundTruth","completed","undefined","undefined","undefined","100.00","Identify which region has a larger population.","undefined","10","undefined","16092","16092","Choropleth"
"92fa0718-0ccc-498a-b306-26e4fd525cbd","trial-choropleth","7","windowEvents","undefined","undefined","undefined","undefined","undefined","undefined","undefined","{""focus"":2,""input"":6,""keydown"":6,""keyup"":6,""mousemove"":15,""mousedown"":2,""mouseup"":2,""resize"":0,""scroll"":0,""visibility"":0}","undefined","undefined","undefined","undefined"
"92fa0718-0ccc-498a-b306-26e4fd525cbd","trial-hexbin","8","hexbin-response","completed","undefined","undefined","undefined","100.00","Identify which region has a larger population.","How much larger is Region A than Region B?","60","undefined","18324","18324","Hexbin"
"92fa0718-0ccc-498a-b306-26e4fd525cbd","trial-hexbin","8","groundTruth","completed","undefined","undefined","undefined","100.00","Identify which region has a larger population.","undefined","30","undefined","18324","18324","Hexbin"
"92fa0718-0ccc-498a-b306-26e4fd525cbd","trial-hexbin","8","windowEvents","undefined","undefined","undefined","undefined","undefined","undefined","undefined","{""focus"":2,""input"":1,""keydown"":2,""keyup"":2,""mousemove"":28,""mousedown"":2,""mouseup"":2,""resize"":0,""scroll"":0,""visibility"":0}","undefined","undefined","undefined","undefined"
"92fa0718-0ccc-498a-b306-26e4fd525cbd","trial-spike","9","spike-response","completed","undefined","undefined","undefined","100.00","Identify which city has a larger population.","How much larger is City A than City B?","5","undefined","17807","17807","Spike"
"92fa0718-0ccc-498a-b306-26e4fd525cbd","trial-spike","9","groundTruth","completed","undefined","undefined","undefined","100.00","Identify which city has a larger population.","undefined","10","undefined","17807","17807","Spike"
"92fa0718-0ccc-498a-b306-26e4fd525cbd","trial-spike","9","windowEvents","undefined","undefined","undefined","undefined","undefined","undefined","undefined","{""focus"":2,""input"":1,""keydown"":1,""keyup"":1,""mousemove"":19,""mousedown"":2,""mouseup"":2,""resize"":0,""scroll"":0,""visibility"":0}","undefined","undefined","undefined","undefined"
"92fa0718-0ccc-498a-b306-26e4fd525cbd","trial-spike","10","spike-response","completed","undefined","undefined","undefined","100.00","Identify which city has a larger population.","How much larger is City A than City B?","10","undefined","9785","9785","Spike"
"92fa0718-0ccc-498a-b306-26e4fd525cbd","trial-spike","10","groundTruth","completed","undefined","undefined","undefined","100.00","Identify which city has a larger population.","undefined","25","undefined","9785","9785","Spike"
"92fa0718-0ccc-498a-b306-26e4fd525cbd","trial-spike","10","windowEvents","undefined","undefined","undefined","undefined","undefined","undefined","undefined","{""focus"":2,""input"":1,""keydown"":1,""keyup"":1,""mousemove"":19,""mousedown"":2,""mouseup"":2,""resize"":0,""scroll"":0,""visibility"":0}","undefined","undefined","undefined","undefined"
"92fa0718-0ccc-498a-b306-26e4fd525cbd","trial-choropleth","11","choropleth-response","completed","undefined","undefined","undefined","100.00","Identify which region has a larger population.","How much larger is State A than State B?","15","undefined","12221","12221","Choropleth"
"92fa0718-0ccc-498a-b306-26e4fd525cbd","trial-choropleth","11","groundTruth","completed","undefined","undefined","undefined","100.00","Identify which region has a larger population.","undefined","20","undefined","12221","12221","Choropleth"
"92fa0718-0ccc-498a-b306-26e4fd525cbd","trial-choropleth","11","windowEvents","undefined","undefined","undefined","undefined","undefined","undefined","undefined","{""focus"":2,""input"":2,""keydown"":2,""keyup"":2,""mousemove"":22,""mousedown"":3,""mouseup"":3,""resize"":0,""scroll"":0,""visibility"":0}","undefined","undefined","undefined","undefined"
"92fa0718-0ccc-498a-b306-26e4fd525cbd","trial-spike","12","spike-response","completed","undefined","undefined","undefined","100.00","Identify which city has a larger population.","How much larger is City A than City B?","60","undefined","14685","14685","Spike"
"92fa0718-0ccc-498a-b306-26e4fd525cbd","trial-spike","12","groundTruth","completed","undefined","undefined","undefined","100.00","Identify which city has a larger population.","undefined","50","undefined","14685","14685","Spike"
"92fa0718-0ccc-498a-b306-26e4fd525cbd","trial-spike","12","windowEvents","undefined","undefined","undefined","undefined","undefined","undefined","undefined","{""focus"":2,""input"":1,""keydown"":1,""keyup"":1,""mousemove"":21,""mousedown"":2,""mouseup"":2,""resize"":0,""scroll"":0,""visibility"":0}","undefined","undefined","undefined","undefined"
"92fa0718-0ccc-498a-b306-26e4fd525cbd","trial-hexbin","13","hexbin-response","completed","undefined","undefined","undefined","100.00","Identify which region has a larger population.","How much larger is Region A than Region B?","45","undefined","16110","16110","Hexbin"
"92fa0718-0ccc-498a-b306-26e4fd525cbd","trial-hexbin","13","groundTruth","completed","undefined","undefined","undefined","100.00","Identify which region has a larger population.","undefined","40","undefined","16110","16110","Hexbin"
"92fa0718-0ccc-498a-b306-26e4fd525cbd","trial-hexbin","13","windowEvents","undefined","undefined","undefined","undefined","undefined","undefined","undefined","{""focus"":2,""input"":2,""keydown"":2,""keyup"":2,""mousemove"":13,""mousedown"":2,""mouseup"":2,""resize"":0,""scroll"":0,""visibility"":0}","undefined","undefined","undefined","undefined"
"92fa0718-0ccc-498a-b306-26e4fd525cbd","trial-bubble","14","bubble-response","completed","undefined","undefined","undefined","100.00","Identify which city has a larger population.","How much larger is City A than City B?","10","undefined","11132","11132","Bubble"
"92fa0718-0ccc-498a-b306-26e4fd525cbd","trial-bubble","14","groundTruth","completed","undefined","undefined","undefined","100.00","Identify which city has a larger population.","undefined","15","undefined","11132","11132","Bubble"
"92fa0718-0ccc-498a-b306-26e4fd525cbd","trial-bubble","14","windowEvents","undefined","undefined","undefined","undefined","undefined","undefined","undefined","{""focus"":2,""input"":1,""keydown"":1,""keyup"":1,""mousemove"":13,""mousedown"":2,""mouseup"":2,""resize"":0,""scroll"":0,""visibility"":0}","undefined","undefined","undefined","undefined"
"92fa0718-0ccc-498a-b306-26e4fd525cbd","trial-hexbin","15","hexbin-response","completed","undefined","undefined","undefined","100.00","Identify which region has a larger population.","How much larger is Region A than Region B?","25","undefined","17554","17554","Hexbin"
"92fa0718-0ccc-498a-b306-26e4fd525cbd","trial-hexbin","15","groundTruth","completed","undefined","undefined","undefined","100.00","Identify which region has a larger population.","undefined","35","undefined","17554","17554","Hexbin"
"92fa0718-0ccc-498a-b306-26e4fd525cbd","trial-hexbin","15","windowEvents","undefined","undefined","undefined","undefined","undefined","undefined","undefined","{""focus"":2,""input"":2,""keydown"":2,""keyup"":2,""mousemove"":18,""mousedown"":2,""mouseup"":2,""resize"":0,""scroll"":0,""visibility"":0}","undefined","undefined","undefined","undefined"
"92fa0718-0ccc-498a-b306-26e4fd525cbd","trial-hexbin","16","hexbin-response","completed","undefined","undefined","undefined","100.00","Identify which region has a larger population.","How much larger is Region A than Region B?","50","undefined","13558","13558","Hexbin"
"92fa0718-0ccc-498a-b306-26e4fd525cbd","trial-hexbin","16","groundTruth","completed","undefined","undefined","undefined","100.00","Identify which region has a larger population.","undefined","45","undefined","13558","13558","Hexbin"
"92fa0718-0ccc-498a-b306-26e4fd525cbd","trial-hexbin","16","windowEvents","undefined","undefined","undefined","undefined","undefined","undefined","undefined","{""focus"":2,""input"":1,""keydown"":1,""keyup"":1,""mousemove"":11,""mousedown"":2,""mouseup"":2,""resize"":0,""scroll"":0,""visibility"":0}","undefined","undefined","undefined","undefined"
"92fa0718-0ccc-498a-b306-26e4fd525cbd","trial-bubble","17","bubble-response","completed","undefined","undefined","undefined","100.00","Identify which city has a larger population.","How much larger is City A than City B?","10","undefined","15122","15122","Bubble"
"92fa0718-0ccc-498a-b306-26e4fd525cbd","trial-bubble","17","groundTruth","completed","undefined","undefined","undefined","100.00","Identify which city has a larger population.","undefined","25","undefined","15122","15122","Bubble"
"92fa0718-0ccc-498a-b306-26e4fd525cbd","trial-bubble","17","windowEvents","undefined","undefined","undefined","undefined","undefined","undefined","undefined","{""focus"":2,""input"":2,""keydown"":2,""keyup"":2,""mousemove"":17,""mousedown"":2,""mouseup"":2,""resize"":0,""scroll"":0,""visibility"":0}","undefined","undefined","undefined","undefined"
"92fa0718-0ccc-498a-b306-26e4fd525cbd","trial-spike","18","spike-response","completed","undefined","undefined","undefined","100.00","Identify which city has a larger population.","How much larger is City A than City B?","0","undefined","8280","8280","Spike"
"92fa0718-0ccc-498a-b306-26e4fd525cbd","trial-spike","18","groundTruth","completed","undefined","undefined","undefined","100.00","Identify which city has a larger population.","undefined","0","undefined","8280","8280","Spike"
"92fa0718-0ccc-498a-b306-26e4fd525cbd","trial-spike","18","windowEvents","undefined","undefined","undefined","undefined","undefined","undefined","undefined","{""focus"":2,""input"":1,""keydown"":1,""keyup"":1,""mousemove"":16,""mousedown"":2,""mouseup"":2,""resize"":0,""scroll"":0,""visibility"":0}","undefined","undefined","undefined","undefined"
"92fa0718-0ccc-498a-b306-26e4fd525cbd","trial-choropleth","19","choropleth-response","completed","undefined","undefined","undefined","100.00","Identify which region has a larger population.","How much larger is State A than State B?","5","undefined","11836","11836","Choropleth"
"92fa0718-0ccc-498a-b306-26e4fd525cbd","trial-choropleth","19","groundTruth","completed","undefined","undefined","undefined","100.00","Identify which region has a larger population.","undefined","10","undefined","11836","11836","Choropleth"
"92fa0718-0ccc-498a-b306-26e4fd525cbd","trial-choropleth","19","windowEvents","undefined","undefined","undefined","undefined","undefined","undefined","undefined","{""focus"":2,""input"":1,""keydown"":1,""keyup"":1,""mousemove"":11,""mousedown"":2,""mouseup"":2,""resize"":0,""scroll"":0,""visibility"":0}","undefined","undefined","undefined","undefined"
"92fa0718-0ccc-498a-b306-26e4fd525cbd","trial-choropleth","20","choropleth-response","completed","undefined","undefined","undefined","100.00","Identify which region has a larger population.","How much larger is State A than State B?","75","undefined","9627","9627","Choropleth"
"92fa0718-0ccc-498a-b306-26e4fd525cbd","trial-choropleth","20","groundTruth","completed","undefined","undefined","undefined","100.00","Identify which region has a larger population.","undefined","50","undefined","9627","9627","Choropleth"
"92fa0718-0ccc-498a-b306-26e4fd525cbd","trial-choropleth","20","windowEvents","undefined","undefined","undefined","undefined","undefined","undefined","undefined","{""focus"":2,""input"":2,""keydown"":2,""keyup"":2,""mousemove"":16,""mousedown"":2,""mouseup"":2,""resize"":0,""scroll"":0,""visibility"":0}","undefined","undefined","undefined","undefined"
"9921f068-1574-499f-b53e-5a45af848a00","participantTags","null","participantTags","undefined","undefined","undefined","undefined","undefined","undefined","undefined","[]","undefined","undefined","undefined","undefined"
"9921f068-1574-499f-b53e-5a45af848a00","introduction","0","","completed","undefined","undefined","undefined","100.00","undefined","undefined","undefined","undefined","10595","10595","undefined"
"9921f068-1574-499f-b53e-5a45af848a00","introduction","0","windowEvents","undefined","undefined","undefined","undefined","undefined","undefined","undefined","{""focus"":1,""input"":0,""keydown"":0,""keyup"":0,""mousemove"":16,""mousedown"":1,""mouseup"":0,""resize"":0,""scroll"":0,""visibility"":0}","undefined","undefined","undefined","undefined"
"9921f068-1574-499f-b53e-5a45af848a00","trial-hexbin","1","hexbin-response","completed","undefined","undefined","undefined","100.00","Identify which region has a larger population.","How much larger is Region A than Region B?","2","undefined","28921","28921","Hexbin"
"9921f068-1574-499f-b53e-5a45af848a00","trial-hexbin","1","groundTruth","completed","undefined","undefined","undefined","100.00","Identify which region has a larger population.","undefined","25","undefined","28921","28921","Hexbin"
"9921f068-1574-499f-b53e-5a45af848a00","trial-hexbin","1","windowEvents","undefined","undefined","undefined","undefined","undefined","undefined","undefined","{""focus"":2,""input"":0,""keydown"":0,""keyup"":0,""mousemove"":30,""mousedown"":2,""mouseup"":3,""resize"":1,""scroll"":0,""visibility"":0}","undefined","undefined","undefined","undefined"
"9921f068-1574-499f-b53e-5a45af848a00","trial-hexbin","2","hexbin-response","completed","undefined","undefined","undefined","100.00","Identify which region has a larger population.","How much larger is Region A than Region B?","2","undefined","15906","15906","Hexbin"
"9921f068-1574-499f-b53e-5a45af848a00","trial-hexbin","2","groundTruth","completed","undefined","undefined","undefined","100.00","Identify which region has a larger population.","undefined","25","undefined","15906","15906","Hexbin"
"9921f068-1574-499f-b53e-5a45af848a00","trial-hexbin","2","windowEvents","undefined","undefined","undefined","undefined","undefined","undefined","undefined","{""focus"":2,""input"":1,""keydown"":2,""keyup"":2,""mousemove"":10,""mousedown"":2,""mouseup"":2,""resize"":0,""scroll"":0,""visibility"":0}","undefined","undefined","undefined","undefined"
"9921f068-1574-499f-b53e-5a45af848a00","trial-spike","3","spike-response","completed","undefined","undefined","undefined","100.00","Identify which city has a larger population.","How much larger is City A than City B?","1","undefined","10098","10098","Spike"
"9921f068-1574-499f-b53e-5a45af848a00","trial-spike","3","groundTruth","completed","undefined","undefined","undefined","100.00","Identify which city has a larger population.","undefined","5","undefined","10098","10098","Spike"
"9921f068-1574-499f-b53e-5a45af848a00","trial-spike","3","windowEvents","undefined","undefined","undefined","undefined","undefined","undefined","undefined","{""focus"":2,""input"":1,""keydown"":1,""keyup"":1,""mousemove"":30,""mousedown"":4,""mouseup"":4,""resize"":0,""scroll"":0,""visibility"":0}","undefined","undefined","undefined","undefined"
"9921f068-1574-499f-b53e-5a45af848a00","trial-choropleth","4","choropleth-response","completed","undefined","undefined","undefined","100.00","Identify which region has a larger population.","How much larger is State A than State B?","1.5","undefined","13478","13478","Choropleth"
"9921f068-1574-499f-b53e-5a45af848a00","trial-choropleth","4","groundTruth","completed","undefined","undefined","undefined","100.00","Identify which region has a larger population.","undefined","10","undefined","13478","13478","Choropleth"
"9921f068-1574-499f-b53e-5a45af848a00","trial-choropleth","4","windowEvents","undefined","undefined","undefined","undefined","undefined","undefined","undefined","{""focus"":3,""input"":3,""keydown"":3,""keyup"":3,""mousemove"":13,""mousedown"":3,""mouseup"":2,""resize"":0,""scroll"":0,""visibility"":0}","undefined","undefined","undefined","undefined"
"9921f068-1574-499f-b53e-5a45af848a00","trial-bubble","5","bubble-response","completed","undefined","undefined","undefined","100.00","Identify which city has a larger population.","How much larger is City A than City B?","1","undefined","6761","6761","Bubble"
"9921f068-1574-499f-b53e-5a45af848a00","trial-bubble","5","groundTruth","completed","undefined","undefined","undefined","100.00","Identify which city has a larger population.","undefined","10","undefined","6761","6761","Bubble"
"9921f068-1574-499f-b53e-5a45af848a00","trial-bubble","5","windowEvents","undefined","undefined","undefined","undefined","undefined","undefined","undefined","{""focus"":1,""input"":3,""keydown"":3,""keyup"":4,""mousemove"":9,""mousedown"":1,""mouseup"":2,""resize"":0,""scroll"":0,""visibility"":0}","undefined","undefined","undefined","undefined"
"9921f068-1574-499f-b53e-5a45af848a00","trial-spike","6","spike-response","completed","undefined","undefined","undefined","100.00","Identify which city has a larger population.","How much larger is City A than City B?","1","undefined","7000","7000","Spike"
"9921f068-1574-499f-b53e-5a45af848a00","trial-spike","6","groundTruth","completed","undefined","undefined","undefined","100.00","Identify which city has a larger population.","undefined","10","undefined","7000","7000","Spike"
"9921f068-1574-499f-b53e-5a45af848a00","trial-spike","6","windowEvents","undefined","undefined","undefined","undefined","undefined","undefined","undefined","{""focus"":2,""input"":1,""keydown"":1,""keyup"":1,""mousemove"":12,""mousedown"":2,""mouseup"":2,""resize"":0,""scroll"":0,""visibility"":0}","undefined","undefined","undefined","undefined"
"9921f068-1574-499f-b53e-5a45af848a00","trial-choropleth","7","choropleth-response","completed","undefined","undefined","undefined","100.00","Identify which region has a larger population.","How much larger is State A than State B?","2","undefined","10645","10645","Choropleth"
"9921f068-1574-499f-b53e-5a45af848a00","trial-choropleth","7","groundTruth","completed","undefined","undefined","undefined","100.00","Identify which region has a larger population.","undefined","10","undefined","10645","10645","Choropleth"
"9921f068-1574-499f-b53e-5a45af848a00","trial-choropleth","7","windowEvents","undefined","undefined","undefined","undefined","undefined","undefined","undefined","{""focus"":3,""input"":1,""keydown"":1,""keyup"":1,""mousemove"":23,""mousedown"":5,""mouseup"":5,""resize"":0,""scroll"":0,""visibility"":0}","undefined","undefined","undefined","undefined"
"9921f068-1574-499f-b53e-5a45af848a00","trial-spike","8","spike-response","completed","undefined","undefined","undefined","100.00","Identify which city has a larger population.","How much larger is City A than City B?","2","undefined","9642","9642","Spike"
"9921f068-1574-499f-b53e-5a45af848a00","trial-spike","8","groundTruth","completed","undefined","undefined","undefined","100.00","Identify which city has a larger population.","undefined","25","undefined","9642","9642","Spike"
"9921f068-1574-499f-b53e-5a45af848a00","trial-spike","8","windowEvents","undefined","undefined","undefined","undefined","undefined","undefined","undefined","{""focus"":2,""input"":1,""keydown"":1,""keyup"":1,""mousemove"":12,""mousedown"":2,""mouseup"":2,""resize"":0,""scroll"":0,""visibility"":0}","undefined","undefined","undefined","undefined"
"9921f068-1574-499f-b53e-5a45af848a00","trial-hexbin","9","hexbin-response","completed","undefined","undefined","undefined","100.00","Identify which region has a larger population.","How much larger is Region A than Region B?","1","undefined","4653","4653","Hexbin"
"9921f068-1574-499f-b53e-5a45af848a00","trial-hexbin","9","groundTruth","completed","undefined","undefined","undefined","100.00","Identify which region has a larger population.","undefined","0","undefined","4653","4653","Hexbin"
"9921f068-1574-499f-b53e-5a45af848a00","trial-hexbin","9","windowEvents","undefined","undefined","undefined","undefined","undefined","undefined","undefined","{""focus"":3,""input"":1,""keydown"":1,""keyup"":1,""mousemove"":20,""mousedown"":3,""mouseup"":2,""resize"":0,""scroll"":0,""visibility"":0}","undefined","undefined","undefined","undefined"
"9921f068-1574-499f-b53e-5a45af848a00","trial-bubble","10","bubble-response","completed","undefined","undefined","undefined","100.00","Identify which city has a larger population.","How much larger is City A than City B?","2","undefined","7754","7754","Bubble"
"9921f068-1574-499f-b53e-5a45af848a00","trial-bubble","10","groundTruth","completed","undefined","undefined","undefined","100.00","Identify which city has a larger population.","undefined","75","undefined","7754","7754","Bubble"
"9921f068-1574-499f-b53e-5a45af848a00","trial-bubble","10","windowEvents","undefined","undefined","undefined","undefined","undefined","undefined","undefined","{""focus"":1,""input"":1,""keydown"":1,""keyup"":1,""mousemove"":16,""mousedown"":1,""mouseup"":2,""resize"":0,""scroll"":0,""visibility"":0}","undefined","undefined","undefined","undefined"
"9921f068-1574-499f-b53e-5a45af848a00","trial-spike","11","spike-response","completed","undefined","undefined","undefined","100.00","Identify which city has a larger population.","How much larger is City A than City B?","1","undefined","12585","12585","Spike"
"9921f068-1574-499f-b53e-5a45af848a00","trial-spike","11","groundTruth","completed","undefined","undefined","undefined","100.00","Identify which city has a larger population.","undefined","20","undefined","12585","12585","Spike"
"9921f068-1574-499f-b53e-5a45af848a00","trial-spike","11","windowEvents","undefined","undefined","undefined","undefined","undefined","undefined","undefined","{""focus"":2,""input"":1,""keydown"":1,""keyup"":1,""mousemove"":10,""mousedown"":2,""mouseup"":2,""resize"":0,""scroll"":0,""visibility"":0}","undefined","undefined","undefined","undefined"
"9921f068-1574-499f-b53e-5a45af848a00","trial-hexbin","12","hexbin-response","completed","undefined","undefined","undefined","100.00","Identify which region has a larger population.","How much larger is Region A than Region B?","2","undefined","10025","10025","Hexbin"
"9921f068-1574-499f-b53e-5a45af848a00","trial-hexbin","12","groundTruth","completed","undefined","undefined","undefined","100.00","Identify which region has a larger population.","undefined","45","undefined","10025","10025","Hexbin"
"9921f068-1574-499f-b53e-5a45af848a00","trial-hexbin","12","windowEvents","undefined","undefined","undefined","undefined","undefined","undefined","undefined","{""focus"":2,""input"":1,""keydown"":1,""keyup"":1,""mousemove"":18,""mousedown"":2,""mouseup"":2,""resize"":0,""scroll"":0,""visibility"":0}","undefined","undefined","undefined","undefined"
"9921f068-1574-499f-b53e-5a45af848a00","trial-spike","13","spike-response","completed","undefined","undefined","undefined","100.00","Identify which city has a larger population.","How much larger is City A than City B?","3","undefined","6202","6202","Spike"
"9921f068-1574-499f-b53e-5a45af848a00","trial-spike","13","groundTruth","completed","undefined","undefined","undefined","100.00","Identify which city has a larger population.","undefined","25","undefined","6202","6202","Spike"
"9921f068-1574-499f-b53e-5a45af848a00","trial-spike","13","windowEvents","undefined","undefined","undefined","undefined","undefined","undefined","undefined","{""focus"":2,""input"":1,""keydown"":1,""keyup"":1,""mousemove"":10,""mousedown"":3,""mouseup"":2,""resize"":0,""scroll"":0,""visibility"":0}","undefined","undefined","undefined","undefined"
"9921f068-1574-499f-b53e-5a45af848a00","trial-choropleth","14","choropleth-response","completed","undefined","undefined","undefined","100.00","Identify which region has a larger population.","How much larger is State A than State B?","100","undefined","12285","12285","Choropleth"
"9921f068-1574-499f-b53e-5a45af848a00","trial-choropleth","14","groundTruth","completed","undefined","undefined","undefined","100.00","Identify which region has a larger population.","undefined","90","undefined","12285","12285","Choropleth"
"9921f068-1574-499f-b53e-5a45af848a00","trial-choropleth","14","windowEvents","undefined","undefined","undefined","undefined","undefined","undefined","undefined","{""focus"":2,""input"":5,""keydown"":5,""keyup"":5,""mousemove"":15,""mousedown"":1,""mouseup"":2,""resize"":0,""scroll"":0,""visibility"":0}","undefined","undefined","undefined","undefined"
"9921f068-1574-499f-b53e-5a45af848a00","trial-bubble","15","bubble-response","completed","undefined","undefined","undefined","100.00","Identify which city has a larger population.","How much larger is City A than City B?","1","undefined","6367","6367","Bubble"
"9921f068-1574-499f-b53e-5a45af848a00","trial-bubble","15","groundTruth","completed","undefined","undefined","undefined","100.00","Identify which city has a larger population.","undefined","25","undefined","6367","6367","Bubble"
"9921f068-1574-499f-b53e-5a45af848a00","trial-bubble","15","windowEvents","undefined","undefined","undefined","undefined","undefined","undefined","undefined","{""focus"":2,""input"":2,""keydown"":2,""keyup"":2,""mousemove"":13,""mousedown"":2,""mouseup"":2,""resize"":0,""scroll"":0,""visibility"":0}","undefined","undefined","undefined","undefined"
"9921f068-1574-499f-b53e-5a45af848a00","trial-bubble","16","bubble-response","completed","undefined","undefined","undefined","100.00","Identify which city has a larger population.","How much larger is City A than City B?","2","undefined","7833","7833","Bubble"
"9921f068-1574-499f-b53e-5a45af848a00","trial-bubble","16","groundTruth","completed","undefined","undefined","undefined","100.00","Identify which city has a larger population.","undefined","50","undefined","7833","7833","Bubble"
"9921f068-1574-499f-b53e-5a45af848a00","trial-bubble","16","windowEvents","undefined","undefined","undefined","undefined","undefined","undefined","undefined","{""focus"":3,""input"":1,""keydown"":1,""keyup"":1,""mousemove"":37,""mousedown"":4,""mouseup"":4,""resize"":0,""scroll"":0,""visibility"":0}","undefined","undefined","undefined","undefined"
"9921f068-1574-499f-b53e-5a45af848a00","trial-choropleth","17","choropleth-response","completed","undefined","undefined","undefined","100.00","Identify which region has a larger population.","How much larger is State A than State B?","25","undefined","5621","5621","Choropleth"
"9921f068-1574-499f-b53e-5a45af848a00","trial-choropleth","17","groundTruth","completed","undefined","undefined","undefined","100.00","Identify which region has a larger population.","undefined","50","undefined","5621","5621","Choropleth"
"9921f068-1574-499f-b53e-5a45af848a00","trial-choropleth","17","windowEvents","undefined","undefined","undefined","undefined","undefined","undefined","undefined","{""focus"":1,""input"":2,""keydown"":2,""keyup"":2,""mousemove"":8,""mousedown"":2,""mouseup"":2,""resize"":0,""scroll"":0,""visibility"":0}","undefined","undefined","undefined","undefined"
"9921f068-1574-499f-b53e-5a45af848a00","trial-bubble","18","bubble-response","completed","undefined","undefined","undefined","100.00","Identify which city has a larger population.","How much larger is City A than City B?","1","undefined","9164","9164","Bubble"
"9921f068-1574-499f-b53e-5a45af848a00","trial-bubble","18","groundTruth","completed","undefined","undefined","undefined","100.00","Identify which city has a larger population.","undefined","45","undefined","9164","9164","Bubble"
"9921f068-1574-499f-b53e-5a45af848a00","trial-bubble","18","windowEvents","undefined","undefined","undefined","undefined","undefined","undefined","undefined","{""focus"":3,""input"":1,""keydown"":1,""keyup"":1,""mousemove"":7,""mousedown"":3,""mouseup"":2,""resize"":0,""scroll"":0,""visibility"":0}","undefined","undefined","undefined","undefined"
"9921f068-1574-499f-b53e-5a45af848a00","trial-hexbin","19","hexbin-response","completed","undefined","undefined","undefined","100.00","Identify which region has a larger population.","How much larger is Region A than Region B?","1","undefined","7387","7387","Hexbin"
"9921f068-1574-499f-b53e-5a45af848a00","trial-hexbin","19","groundTruth","completed","undefined","undefined","undefined","100.00","Identify which region has a larger population.","undefined","5","undefined","7387","7387","Hexbin"
"9921f068-1574-499f-b53e-5a45af848a00","trial-hexbin","19","windowEvents","undefined","undefined","undefined","undefined","undefined","undefined","undefined","{""focus"":2,""input"":1,""keydown"":1,""keyup"":1,""mousemove"":12,""mousedown"":2,""mouseup"":2,""resize"":0,""scroll"":0,""visibility"":0}","undefined","undefined","undefined","undefined"
"9921f068-1574-499f-b53e-5a45af848a00","trial-choropleth","20","choropleth-response","completed","undefined","undefined","undefined","100.00","Identify which region has a larger population.","How much larger is State A than State B?","2","undefined","7198","7198","Choropleth"
"9921f068-1574-499f-b53e-5a45af848a00","trial-choropleth","20","groundTruth","completed","undefined","undefined","undefined","100.00","Identify which region has a larger population.","undefined","25","undefined","7198","7198","Choropleth"
"9921f068-1574-499f-b53e-5a45af848a00","trial-choropleth","20","windowEvents","undefined","undefined","undefined","undefined","undefined","undefined","undefined","{""focus"":2,""input"":1,""keydown"":1,""keyup"":1,""mousemove"":11,""mousedown"":2,""mouseup"":2,""resize"":0,""scroll"":0,""visibility"":0}","undefined","undefined","undefined","undefined"
"9d91f4ae-78ed-4cf3-8ae5-d67a2c573bd3","participantTags","null","participantTags","undefined","undefined","undefined","undefined","undefined","undefined","undefined","[]","undefined","undefined","undefined","undefined"
"9d91f4ae-78ed-4cf3-8ae5-d67a2c573bd3","introduction","0","","completed","undefined","undefined","undefined","100.00","undefined","undefined","undefined","undefined","285364","48975","undefined"
"9d91f4ae-78ed-4cf3-8ae5-d67a2c573bd3","introduction","0","windowEvents","undefined","undefined","undefined","undefined","undefined","undefined","undefined","{""focus"":4,""input"":0,""keydown"":0,""keyup"":0,""mousemove"":2,""mousedown"":2,""mouseup"":2,""resize"":18,""scroll"":114,""visibility"":2}","undefined","undefined","undefined","undefined"
"9d91f4ae-78ed-4cf3-8ae5-d67a2c573bd3","trial-hexbin","1","hexbin-response","completed","undefined","undefined","undefined","100.00","Identify which region has a larger population.","How much larger is Region A than Region B?","40","undefined","17546","17546","Hexbin"
"9d91f4ae-78ed-4cf3-8ae5-d67a2c573bd3","trial-hexbin","1","groundTruth","completed","undefined","undefined","undefined","100.00","Identify which region has a larger population.","undefined","35","undefined","17546","17546","Hexbin"
"9d91f4ae-78ed-4cf3-8ae5-d67a2c573bd3","trial-hexbin","1","windowEvents","undefined","undefined","undefined","undefined","undefined","undefined","undefined","{""focus"":1,""input"":1,""keydown"":1,""keyup"":1,""mousemove"":2,""mousedown"":2,""mouseup"":2,""resize"":5,""scroll"":22,""visibility"":0}","undefined","undefined","undefined","undefined"
"9d91f4ae-78ed-4cf3-8ae5-d67a2c573bd3","trial-choropleth","2","choropleth-response","completed","undefined","undefined","undefined","100.00","Identify which region has a larger population.","How much larger is State A than State B?","50","undefined","5405","5405","Choropleth"
"9d91f4ae-78ed-4cf3-8ae5-d67a2c573bd3","trial-choropleth","2","groundTruth","completed","undefined","undefined","undefined","100.00","Identify which region has a larger population.","undefined","55","undefined","5405","5405","Choropleth"
"9d91f4ae-78ed-4cf3-8ae5-d67a2c573bd3","trial-choropleth","2","windowEvents","undefined","undefined","undefined","undefined","undefined","undefined","undefined","{""focus"":1,""input"":2,""keydown"":2,""keyup"":2,""mousemove"":2,""mousedown"":2,""mouseup"":2,""resize"":0,""scroll"":2,""visibility"":0}","undefined","undefined","undefined","undefined"
"9d91f4ae-78ed-4cf3-8ae5-d67a2c573bd3","trial-spike","3","spike-response","completed","undefined","undefined","undefined","100.00","Identify which city has a larger population.","How much larger is City A than City B?","30","undefined","3415","3415","Spike"
"9d91f4ae-78ed-4cf3-8ae5-d67a2c573bd3","trial-spike","3","groundTruth","completed","undefined","undefined","undefined","100.00","Identify which city has a larger population.","undefined","5","undefined","3415","3415","Spike"
"9d91f4ae-78ed-4cf3-8ae5-d67a2c573bd3","trial-spike","3","windowEvents","undefined","undefined","undefined","undefined","undefined","undefined","undefined","{""focus"":1,""input"":2,""keydown"":2,""keyup"":2,""mousemove"":2,""mousedown"":2,""mouseup"":2,""resize"":0,""scroll"":2,""visibility"":0}","undefined","undefined","undefined","undefined"
"9d91f4ae-78ed-4cf3-8ae5-d67a2c573bd3","trial-choropleth","4","choropleth-response","completed","undefined","undefined","undefined","100.00","Identify which region has a larger population.","How much larger is State A than State B?","50","undefined","3917","3917","Choropleth"
"9d91f4ae-78ed-4cf3-8ae5-d67a2c573bd3","trial-choropleth","4","groundTruth","completed","undefined","undefined","undefined","100.00","Identify which region has a larger population.","undefined","30","undefined","3917","3917","Choropleth"
"9d91f4ae-78ed-4cf3-8ae5-d67a2c573bd3","trial-choropleth","4","windowEvents","undefined","undefined","undefined","undefined","undefined","undefined","undefined","{""focus"":1,""input"":2,""keydown"":2,""keyup"":2,""mousemove"":2,""mousedown"":2,""mouseup"":2,""resize"":0,""scroll"":2,""visibility"":0}","undefined","undefined","undefined","undefined"
"9d91f4ae-78ed-4cf3-8ae5-d67a2c573bd3","trial-bubble","5","bubble-response","completed","undefined","undefined","undefined","100.00","Identify which city has a larger population.","How much larger is City A than City B?","70","undefined","4735","4735","Bubble"
"9d91f4ae-78ed-4cf3-8ae5-d67a2c573bd3","trial-bubble","5","groundTruth","completed","undefined","undefined","undefined","100.00","Identify which city has a larger population.","undefined","40","undefined","4735","4735","Bubble"
"9d91f4ae-78ed-4cf3-8ae5-d67a2c573bd3","trial-bubble","5","windowEvents","undefined","undefined","undefined","undefined","undefined","undefined","undefined","{""focus"":1,""input"":2,""keydown"":2,""keyup"":2,""mousemove"":2,""mousedown"":2,""mouseup"":2,""resize"":0,""scroll"":2,""visibility"":0}","undefined","undefined","undefined","undefined"
"9d91f4ae-78ed-4cf3-8ae5-d67a2c573bd3","trial-choropleth","6","choropleth-response","completed","undefined","undefined","undefined","100.00","Identify which region has a larger population.","How much larger is State A than State B?","60","undefined","8353","8353","Choropleth"
"9d91f4ae-78ed-4cf3-8ae5-d67a2c573bd3","trial-choropleth","6","groundTruth","completed","undefined","undefined","undefined","100.00","Identify which region has a larger population.","undefined","15","undefined","8353","8353","Choropleth"
"9d91f4ae-78ed-4cf3-8ae5-d67a2c573bd3","trial-choropleth","6","windowEvents","undefined","undefined","undefined","undefined","undefined","undefined","undefined","{""focus"":1,""input"":2,""keydown"":2,""keyup"":2,""mousemove"":2,""mousedown"":2,""mouseup"":2,""resize"":0,""scroll"":2,""visibility"":0}","undefined","undefined","undefined","undefined"
"9d91f4ae-78ed-4cf3-8ae5-d67a2c573bd3","trial-spike","7","spike-response","completed","undefined","undefined","undefined","100.00","Identify which city has a larger population.","How much larger is City A than City B?","20","undefined","8049","8049","Spike"
"9d91f4ae-78ed-4cf3-8ae5-d67a2c573bd3","trial-spike","7","groundTruth","completed","undefined","undefined","undefined","100.00","Identify which city has a larger population.","undefined","40","undefined","8049","8049","Spike"
"9d91f4ae-78ed-4cf3-8ae5-d67a2c573bd3","trial-spike","7","windowEvents","undefined","undefined","undefined","undefined","undefined","undefined","undefined","{""focus"":1,""input"":2,""keydown"":2,""keyup"":2,""mousemove"":2,""mousedown"":2,""mouseup"":2,""resize"":3,""scroll"":9,""visibility"":0}","undefined","undefined","undefined","undefined"
"9d91f4ae-78ed-4cf3-8ae5-d67a2c573bd3","trial-choropleth","8","choropleth-response","completed","undefined","undefined","undefined","100.00","Identify which region has a larger population.","How much larger is State A than State B?","40","undefined","3740","3740","Choropleth"
"9d91f4ae-78ed-4cf3-8ae5-d67a2c573bd3","trial-choropleth","8","groundTruth","completed","undefined","undefined","undefined","100.00","Identify which region has a larger population.","undefined","15","undefined","3740","3740","Choropleth"
"9d91f4ae-78ed-4cf3-8ae5-d67a2c573bd3","trial-choropleth","8","windowEvents","undefined","undefined","undefined","undefined","undefined","undefined","undefined","{""focus"":1,""input"":2,""keydown"":2,""keyup"":2,""mousemove"":2,""mousedown"":2,""mouseup"":2,""resize"":0,""scroll"":2,""visibility"":0}","undefined","undefined","undefined","undefined"
"9d91f4ae-78ed-4cf3-8ae5-d67a2c573bd3","trial-spike","9","spike-response","completed","undefined","undefined","undefined","100.00","Identify which city has a larger population.","How much larger is City A than City B?","30","undefined","2332","2332","Spike"
"9d91f4ae-78ed-4cf3-8ae5-d67a2c573bd3","trial-spike","9","groundTruth","completed","undefined","undefined","undefined","100.00","Identify which city has a larger population.","undefined","20","undefined","2332","2332","Spike"
"9d91f4ae-78ed-4cf3-8ae5-d67a2c573bd3","trial-spike","9","windowEvents","undefined","undefined","undefined","undefined","undefined","undefined","undefined","{""focus"":1,""input"":2,""keydown"":2,""keyup"":2,""mousemove"":2,""mousedown"":2,""mouseup"":2,""resize"":0,""scroll"":2,""visibility"":0}","undefined","undefined","undefined","undefined"
"9d91f4ae-78ed-4cf3-8ae5-d67a2c573bd3","trial-bubble","10","bubble-response","completed","undefined","undefined","undefined","100.00","Identify which city has a larger population.","How much larger is City A than City B?","20","undefined","3208","3208","Bubble"
"9d91f4ae-78ed-4cf3-8ae5-d67a2c573bd3","trial-bubble","10","groundTruth","completed","undefined","undefined","undefined","100.00","Identify which city has a larger population.","undefined","10","undefined","3208","3208","Bubble"
"9d91f4ae-78ed-4cf3-8ae5-d67a2c573bd3","trial-bubble","10","windowEvents","undefined","undefined","undefined","undefined","undefined","undefined","undefined","{""focus"":1,""input"":2,""keydown"":2,""keyup"":2,""mousemove"":2,""mousedown"":2,""mouseup"":2,""resize"":0,""scroll"":2,""visibility"":0}","undefined","undefined","undefined","undefined"
"9d91f4ae-78ed-4cf3-8ae5-d67a2c573bd3","trial-spike","11","spike-response","completed","undefined","undefined","undefined","100.00","Identify which city has a larger population.","How much larger is City A than City B?","10","undefined","2403","2403","Spike"
"9d91f4ae-78ed-4cf3-8ae5-d67a2c573bd3","trial-spike","11","groundTruth","completed","undefined","undefined","undefined","100.00","Identify which city has a larger population.","undefined","10","undefined","2403","2403","Spike"
"9d91f4ae-78ed-4cf3-8ae5-d67a2c573bd3","trial-spike","11","windowEvents","undefined","undefined","undefined","undefined","undefined","undefined","undefined","{""focus"":1,""input"":2,""keydown"":2,""keyup"":2,""mousemove"":2,""mousedown"":2,""mouseup"":2,""resize"":0,""scroll"":2,""visibility"":0}","undefined","undefined","undefined","undefined"
"9d91f4ae-78ed-4cf3-8ae5-d67a2c573bd3","trial-bubble","12","bubble-response","completed","undefined","undefined","undefined","100.00","Identify which city has a larger population.","How much larger is City A than City B?","40","undefined","3420","3420","Bubble"
"9d91f4ae-78ed-4cf3-8ae5-d67a2c573bd3","trial-bubble","12","groundTruth","completed","undefined","undefined","undefined","100.00","Identify which city has a larger population.","undefined","0","undefined","3420","3420","Bubble"
"9d91f4ae-78ed-4cf3-8ae5-d67a2c573bd3","trial-bubble","12","windowEvents","undefined","undefined","undefined","undefined","undefined","undefined","undefined","{""focus"":1,""input"":1,""keydown"":2,""keyup"":1,""mousemove"":2,""mousedown"":2,""mouseup"":2,""resize"":0,""scroll"":2,""visibility"":0}","undefined","undefined","undefined","undefined"
"9d91f4ae-78ed-4cf3-8ae5-d67a2c573bd3","trial-hexbin","13","hexbin-response","completed","undefined","undefined","undefined","100.00","Identify which region has a larger population.","How much larger is Region A than Region B?","50","undefined","2638","2638","Hexbin"
"9d91f4ae-78ed-4cf3-8ae5-d67a2c573bd3","trial-hexbin","13","groundTruth","completed","undefined","undefined","undefined","100.00","Identify which region has a larger population.","undefined","10","undefined","2638","2638","Hexbin"
"9d91f4ae-78ed-4cf3-8ae5-d67a2c573bd3","trial-hexbin","13","windowEvents","undefined","undefined","undefined","undefined","undefined","undefined","undefined","{""focus"":1,""input"":2,""keydown"":2,""keyup"":2,""mousemove"":2,""mousedown"":2,""mouseup"":2,""resize"":0,""scroll"":2,""visibility"":0}","undefined","undefined","undefined","undefined"
"9d91f4ae-78ed-4cf3-8ae5-d67a2c573bd3","trial-bubble","14","bubble-response","completed","undefined","undefined","undefined","100.00","Identify which city has a larger population.","How much larger is City A than City B?","20","undefined","4743","4743","Bubble"
"9d91f4ae-78ed-4cf3-8ae5-d67a2c573bd3","trial-bubble","14","groundTruth","completed","undefined","undefined","undefined","100.00","Identify which city has a larger population.","undefined","50","undefined","4743","4743","Bubble"
"9d91f4ae-78ed-4cf3-8ae5-d67a2c573bd3","trial-bubble","14","windowEvents","undefined","undefined","undefined","undefined","undefined","undefined","undefined","{""focus"":1,""input"":2,""keydown"":2,""keyup"":2,""mousemove"":2,""mousedown"":2,""mouseup"":2,""resize"":0,""scroll"":2,""visibility"":0}","undefined","undefined","undefined","undefined"
"9d91f4ae-78ed-4cf3-8ae5-d67a2c573bd3","trial-choropleth","15","choropleth-response","completed","undefined","undefined","undefined","100.00","Identify which region has a larger population.","How much larger is State A than State B?","10","undefined","3068","3068","Choropleth"
"9d91f4ae-78ed-4cf3-8ae5-d67a2c573bd3","trial-choropleth","15","groundTruth","completed","undefined","undefined","undefined","100.00","Identify which region has a larger population.","undefined","40","undefined","3068","3068","Choropleth"
"9d91f4ae-78ed-4cf3-8ae5-d67a2c573bd3","trial-choropleth","15","windowEvents","undefined","undefined","undefined","undefined","undefined","undefined","undefined","{""focus"":1,""input"":2,""keydown"":2,""keyup"":2,""mousemove"":2,""mousedown"":2,""mouseup"":2,""resize"":0,""scroll"":2,""visibility"":0}","undefined","undefined","undefined","undefined"
"9d91f4ae-78ed-4cf3-8ae5-d67a2c573bd3","trial-spike","16","spike-response","completed","undefined","undefined","undefined","100.00","Identify which city has a larger population.","How much larger is City A than City B?","40","undefined","3115","3115","Spike"
"9d91f4ae-78ed-4cf3-8ae5-d67a2c573bd3","trial-spike","16","groundTruth","completed","undefined","undefined","undefined","100.00","Identify which city has a larger population.","undefined","45","undefined","3115","3115","Spike"
"9d91f4ae-78ed-4cf3-8ae5-d67a2c573bd3","trial-spike","16","windowEvents","undefined","undefined","undefined","undefined","undefined","undefined","undefined","{""focus"":1,""input"":2,""keydown"":2,""keyup"":2,""mousemove"":2,""mousedown"":2,""mouseup"":2,""resize"":0,""scroll"":2,""visibility"":0}","undefined","undefined","undefined","undefined"
"9d91f4ae-78ed-4cf3-8ae5-d67a2c573bd3","trial-hexbin","17","hexbin-response","completed","undefined","undefined","undefined","100.00","Identify which region has a larger population.","How much larger is Region A than Region B?","20","undefined","2849","2849","Hexbin"
"9d91f4ae-78ed-4cf3-8ae5-d67a2c573bd3","trial-hexbin","17","groundTruth","completed","undefined","undefined","undefined","100.00","Identify which region has a larger population.","undefined","25","undefined","2849","2849","Hexbin"
"9d91f4ae-78ed-4cf3-8ae5-d67a2c573bd3","trial-hexbin","17","windowEvents","undefined","undefined","undefined","undefined","undefined","undefined","undefined","{""focus"":1,""input"":2,""keydown"":2,""keyup"":2,""mousemove"":2,""mousedown"":2,""mouseup"":2,""resize"":0,""scroll"":2,""visibility"":0}","undefined","undefined","undefined","undefined"
"9d91f4ae-78ed-4cf3-8ae5-d67a2c573bd3","trial-hexbin","18","hexbin-response","completed","undefined","undefined","undefined","100.00","Identify which region has a larger population.","How much larger is Region A than Region B?","4","undefined","8167","8167","Hexbin"
"9d91f4ae-78ed-4cf3-8ae5-d67a2c573bd3","trial-hexbin","18","groundTruth","completed","undefined","undefined","undefined","100.00","Identify which region has a larger population.","undefined","55","undefined","8167","8167","Hexbin"
"9d91f4ae-78ed-4cf3-8ae5-d67a2c573bd3","trial-hexbin","18","windowEvents","undefined","undefined","undefined","undefined","undefined","undefined","undefined","{""focus"":1,""input"":1,""keydown"":1,""keyup"":1,""mousemove"":2,""mousedown"":2,""mouseup"":2,""resize"":0,""scroll"":2,""visibility"":0}","undefined","undefined","undefined","undefined"
"9d91f4ae-78ed-4cf3-8ae5-d67a2c573bd3","trial-bubble","19","bubble-response","completed","undefined","undefined","undefined","100.00","Identify which city has a larger population.","How much larger is City A than City B?","40","undefined","9716","9716","Bubble"
"9d91f4ae-78ed-4cf3-8ae5-d67a2c573bd3","trial-bubble","19","groundTruth","completed","undefined","undefined","undefined","100.00","Identify which city has a larger population.","undefined","20","undefined","9716","9716","Bubble"
"9d91f4ae-78ed-4cf3-8ae5-d67a2c573bd3","trial-bubble","19","windowEvents","undefined","undefined","undefined","undefined","undefined","undefined","undefined","{""focus"":1,""input"":2,""keydown"":2,""keyup"":2,""mousemove"":2,""mousedown"":2,""mouseup"":2,""resize"":0,""scroll"":2,""visibility"":0}","undefined","undefined","undefined","undefined"
"9d91f4ae-78ed-4cf3-8ae5-d67a2c573bd3","trial-hexbin","20","hexbin-response","completed","undefined","undefined","undefined","100.00","Identify which region has a larger population.","How much larger is Region A than Region B?","20","undefined","8671","8671","Hexbin"
"9d91f4ae-78ed-4cf3-8ae5-d67a2c573bd3","trial-hexbin","20","groundTruth","completed","undefined","undefined","undefined","100.00","Identify which region has a larger population.","undefined","60","undefined","8671","8671","Hexbin"
"9d91f4ae-78ed-4cf3-8ae5-d67a2c573bd3","trial-hexbin","20","windowEvents","undefined","undefined","undefined","undefined","undefined","undefined","undefined","{""focus"":1,""input"":2,""keydown"":2,""keyup"":2,""mousemove"":3,""mousedown"":3,""mouseup"":3,""resize"":0,""scroll"":2,""visibility"":0}","undefined","undefined","undefined","undefined"
"a035b514-059d-4953-9d4a-47c15a90bb49","participantTags","null","participantTags","undefined","undefined","undefined","undefined","undefined","undefined","undefined","[]","undefined","undefined","undefined","undefined"
"ba1ac43b-a198-43b5-99be-27cf91f0a298","participantTags","null","participantTags","undefined","undefined","undefined","undefined","undefined","undefined","undefined","[]","undefined","undefined","undefined","undefined"
"ba1ac43b-a198-43b5-99be-27cf91f0a298","introduction","0","","rejected","Rejected by admin","undefined","2026-02-20T00:49:07.023Z","4.76","undefined","undefined","undefined","undefined","1700","1700","undefined"
"ba1ac43b-a198-43b5-99be-27cf91f0a298","introduction","0","windowEvents","undefined","undefined","undefined","undefined","undefined","undefined","undefined","{""focus"":1,""input"":0,""keydown"":0,""keyup"":0,""mousemove"":13,""mousedown"":0,""mouseup"":0,""resize"":0,""scroll"":0,""visibility"":0}","undefined","undefined","undefined","undefined"
"ba1ac43b-a198-43b5-99be-27cf91f0a298","trial-hexbin","1","","rejected","Rejected by admin","undefined","2026-02-20T00:49:07.023Z","4.76","Identify which region has a larger population.","undefined","undefined","undefined","undefined","undefined","Hexbin"
"ba1ac43b-a198-43b5-99be-27cf91f0a298","trial-hexbin","1","windowEvents","undefined","undefined","undefined","undefined","undefined","undefined","undefined","{""focus"":0,""input"":0,""keydown"":0,""keyup"":0,""mousemove"":0,""mousedown"":0,""mouseup"":0,""resize"":0,""scroll"":0,""visibility"":0}","undefined","undefined","undefined","undefined"
"ba1ac43b-a198-43b5-99be-27cf91f0a298","trial-choropleth","2","","rejected","Rejected by admin","undefined","2026-02-20T00:49:07.023Z","4.76","Identify which region has a larger population.","undefined","undefined","undefined","undefined","undefined","Choropleth"
"ba1ac43b-a198-43b5-99be-27cf91f0a298","trial-choropleth","2","windowEvents","undefined","undefined","undefined","undefined","undefined","undefined","undefined","{""focus"":0,""input"":0,""keydown"":0,""keyup"":0,""mousemove"":0,""mousedown"":0,""mouseup"":0,""resize"":0,""scroll"":0,""visibility"":0}","undefined","undefined","undefined","undefined"
"ba1ac43b-a198-43b5-99be-27cf91f0a298","trial-hexbin","3","","rejected","Rejected by admin","undefined","2026-02-20T00:49:07.023Z","4.76","Identify which region has a larger population.","undefined","undefined","undefined","undefined","undefined","Hexbin"
"ba1ac43b-a198-43b5-99be-27cf91f0a298","trial-hexbin","3","windowEvents","undefined","undefined","undefined","undefined","undefined","undefined","undefined","{""focus"":0,""input"":0,""keydown"":0,""keyup"":0,""mousemove"":0,""mousedown"":0,""mouseup"":0,""resize"":0,""scroll"":0,""visibility"":0}","undefined","undefined","undefined","undefined"
"ba1ac43b-a198-43b5-99be-27cf91f0a298","trial-choropleth","4","","rejected","Rejected by admin","undefined","2026-02-20T00:49:07.023Z","4.76","Identify which region has a larger population.","undefined","undefined","undefined","undefined","undefined","Choropleth"
"ba1ac43b-a198-43b5-99be-27cf91f0a298","trial-choropleth","4","windowEvents","undefined","undefined","undefined","undefined","undefined","undefined","undefined","{""focus"":0,""input"":0,""keydown"":0,""keyup"":0,""mousemove"":0,""mousedown"":0,""mouseup"":0,""resize"":0,""scroll"":0,""visibility"":0}","undefined","undefined","undefined","undefined"
"ba1ac43b-a198-43b5-99be-27cf91f0a298","trial-spike","5","","rejected","Rejected by admin","undefined","2026-02-20T00:49:07.023Z","4.76","Identify which city has a larger population.","undefined","undefined","undefined","undefined","undefined","Spike"
"ba1ac43b-a198-43b5-99be-27cf91f0a298","trial-spike","5","windowEvents","undefined","undefined","undefined","undefined","undefined","undefined","undefined","{""focus"":0,""input"":0,""keydown"":0,""keyup"":0,""mousemove"":0,""mousedown"":0,""mouseup"":0,""resize"":0,""scroll"":0,""visibility"":0}","undefined","undefined","undefined","undefined"
"ba1ac43b-a198-43b5-99be-27cf91f0a298","trial-spike","6","","rejected","Rejected by admin","undefined","2026-02-20T00:49:07.023Z","4.76","Identify which city has a larger population.","undefined","undefined","undefined","undefined","undefined","Spike"
"ba1ac43b-a198-43b5-99be-27cf91f0a298","trial-spike","6","windowEvents","undefined","undefined","undefined","undefined","undefined","undefined","undefined","{""focus"":0,""input"":0,""keydown"":0,""keyup"":0,""mousemove"":0,""mousedown"":0,""mouseup"":0,""resize"":0,""scroll"":0,""visibility"":0}","undefined","undefined","undefined","undefined"
"ba1ac43b-a198-43b5-99be-27cf91f0a298","trial-hexbin","7","","rejected","Rejected by admin","undefined","2026-02-20T00:49:07.023Z","4.76","Identify which region has a larger population.","undefined","undefined","undefined","undefined","undefined","Hexbin"
"ba1ac43b-a198-43b5-99be-27cf91f0a298","trial-hexbin","7","windowEvents","undefined","undefined","undefined","undefined","undefined","undefined","undefined","{""focus"":0,""input"":0,""keydown"":0,""keyup"":0,""mousemove"":0,""mousedown"":0,""mouseup"":0,""resize"":0,""scroll"":0,""visibility"":0}","undefined","undefined","undefined","undefined"
"ba1ac43b-a198-43b5-99be-27cf91f0a298","trial-bubble","8","","rejected","Rejected by admin","undefined","2026-02-20T00:49:07.023Z","4.76","Identify which city has a larger population.","undefined","undefined","undefined","undefined","undefined","Bubble"
"ba1ac43b-a198-43b5-99be-27cf91f0a298","trial-bubble","8","windowEvents","undefined","undefined","undefined","undefined","undefined","undefined","undefined","{""focus"":0,""input"":0,""keydown"":0,""keyup"":0,""mousemove"":0,""mousedown"":0,""mouseup"":0,""resize"":0,""scroll"":0,""visibility"":0}","undefined","undefined","undefined","undefined"
"ba1ac43b-a198-43b5-99be-27cf91f0a298","trial-bubble","9","","rejected","Rejected by admin","undefined","2026-02-20T00:49:07.023Z","4.76","Identify which city has a larger population.","undefined","undefined","undefined","undefined","undefined","Bubble"
"ba1ac43b-a198-43b5-99be-27cf91f0a298","trial-bubble","9","windowEvents","undefined","undefined","undefined","undefined","undefined","undefined","undefined","{""focus"":0,""input"":0,""keydown"":0,""keyup"":0,""mousemove"":0,""mousedown"":0,""mouseup"":0,""resize"":0,""scroll"":0,""visibility"":0}","undefined","undefined","undefined","undefined"
"ba1ac43b-a198-43b5-99be-27cf91f0a298","trial-hexbin","10","","rejected","Rejected by admin","undefined","2026-02-20T00:49:07.023Z","4.76","Identify which region has a larger population.","undefined","undefined","undefined","undefined","undefined","Hexbin"
"ba1ac43b-a198-43b5-99be-27cf91f0a298","trial-hexbin","10","windowEvents","undefined","undefined","undefined","undefined","undefined","undefined","undefined","{""focus"":0,""input"":0,""keydown"":0,""keyup"":0,""mousemove"":0,""mousedown"":0,""mouseup"":0,""resize"":0,""scroll"":0,""visibility"":0}","undefined","undefined","undefined","undefined"
"ba1ac43b-a198-43b5-99be-27cf91f0a298","trial-bubble","11","","rejected","Rejected by admin","undefined","2026-02-20T00:49:07.023Z","4.76","Identify which city has a larger population.","undefined","undefined","undefined","undefined","undefined","Bubble"
"ba1ac43b-a198-43b5-99be-27cf91f0a298","trial-bubble","11","windowEvents","undefined","undefined","undefined","undefined","undefined","undefined","undefined","{""focus"":0,""input"":0,""keydown"":0,""keyup"":0,""mousemove"":0,""mousedown"":0,""mouseup"":0,""resize"":0,""scroll"":0,""visibility"":0}","undefined","undefined","undefined","undefined"
"ba1ac43b-a198-43b5-99be-27cf91f0a298","trial-spike","12","","rejected","Rejected by admin","undefined","2026-02-20T00:49:07.023Z","4.76","Identify which city has a larger population.","undefined","undefined","undefined","undefined","undefined","Spike"
"ba1ac43b-a198-43b5-99be-27cf91f0a298","trial-spike","12","windowEvents","undefined","undefined","undefined","undefined","undefined","undefined","undefined","{""focus"":0,""input"":0,""keydown"":0,""keyup"":0,""mousemove"":0,""mousedown"":0,""mouseup"":0,""resize"":0,""scroll"":0,""visibility"":0}","undefined","undefined","undefined","undefined"
"ba1ac43b-a198-43b5-99be-27cf91f0a298","trial-bubble","13","","rejected","Rejected by admin","undefined","2026-02-20T00:49:07.023Z","4.76","Identify which city has a larger population.","undefined","undefined","undefined","undefined","undefined","Bubble"
"ba1ac43b-a198-43b5-99be-27cf91f0a298","trial-bubble","13","windowEvents","undefined","undefined","undefined","undefined","undefined","undefined","undefined","{""focus"":0,""input"":0,""keydown"":0,""keyup"":0,""mousemove"":0,""mousedown"":0,""mouseup"":0,""resize"":0,""scroll"":0,""visibility"":0}","undefined","undefined","undefined","undefined"
"ba1ac43b-a198-43b5-99be-27cf91f0a298","trial-bubble","14","","rejected","Rejected by admin","undefined","2026-02-20T00:49:07.023Z","4.76","Identify which city has a larger population.","undefined","undefined","undefined","undefined","undefined","Bubble"
"ba1ac43b-a198-43b5-99be-27cf91f0a298","trial-bubble","14","windowEvents","undefined","undefined","undefined","undefined","undefined","undefined","undefined","{""focus"":0,""input"":0,""keydown"":0,""keyup"":0,""mousemove"":0,""mousedown"":0,""mouseup"":0,""resize"":0,""scroll"":0,""visibility"":0}","undefined","undefined","undefined","undefined"
"ba1ac43b-a198-43b5-99be-27cf91f0a298","trial-spike","15","","rejected","Rejected by admin","undefined","2026-02-20T00:49:07.023Z","4.76","Identify which city has a larger population.","undefined","undefined","undefined","undefined","undefined","Spike"
"ba1ac43b-a198-43b5-99be-27cf91f0a298","trial-spike","15","windowEvents","undefined","undefined","undefined","undefined","undefined","undefined","undefined","{""focus"":0,""input"":0,""keydown"":0,""keyup"":0,""mousemove"":0,""mousedown"":0,""mouseup"":0,""resize"":0,""scroll"":0,""visibility"":0}","undefined","undefined","undefined","undefined"
"ba1ac43b-a198-43b5-99be-27cf91f0a298","trial-hexbin","16","","rejected","Rejected by admin","undefined","2026-02-20T00:49:07.023Z","4.76","Identify which region has a larger population.","undefined","undefined","undefined","undefined","undefined","Hexbin"
"ba1ac43b-a198-43b5-99be-27cf91f0a298","trial-hexbin","16","windowEvents","undefined","undefined","undefined","undefined","undefined","undefined","undefined","{""focus"":0,""input"":0,""keydown"":0,""keyup"":0,""mousemove"":0,""mousedown"":0,""mouseup"":0,""resize"":0,""scroll"":0,""visibility"":0}","undefined","undefined","undefined","undefined"
"ba1ac43b-a198-43b5-99be-27cf91f0a298","trial-choropleth","17","","rejected","Rejected by admin","undefined","2026-02-20T00:49:07.023Z","4.76","Identify which region has a larger population.","undefined","undefined","undefined","undefined","undefined","Choropleth"
"ba1ac43b-a198-43b5-99be-27cf91f0a298","trial-choropleth","17","windowEvents","undefined","undefined","undefined","undefined","undefined","undefined","undefined","{""focus"":0,""input"":0,""keydown"":0,""keyup"":0,""mousemove"":0,""mousedown"":0,""mouseup"":0,""resize"":0,""scroll"":0,""visibility"":0}","undefined","undefined","undefined","undefined"
"ba1ac43b-a198-43b5-99be-27cf91f0a298","trial-choropleth","18","","rejected","Rejected by admin","undefined","2026-02-20T00:49:07.023Z","4.76","Identify which region has a larger population.","undefined","undefined","undefined","undefined","undefined","Choropleth"
"ba1ac43b-a198-43b5-99be-27cf91f0a298","trial-choropleth","18","windowEvents","undefined","undefined","undefined","undefined","undefined","undefined","undefined","{""focus"":0,""input"":0,""keydown"":0,""keyup"":0,""mousemove"":0,""mousedown"":0,""mouseup"":0,""resize"":0,""scroll"":0,""visibility"":0}","undefined","undefined","undefined","undefined"
"ba1ac43b-a198-43b5-99be-27cf91f0a298","trial-choropleth","19","","rejected","Rejected by admin","undefined","2026-02-20T00:49:07.023Z","4.76","Identify which region has a larger population.","undefined","undefined","undefined","undefined","undefined","Choropleth"
"ba1ac43b-a198-43b5-99be-27cf91f0a298","trial-choropleth","19","windowEvents","undefined","undefined","undefined","undefined","undefined","undefined","undefined","{""focus"":0,""input"":0,""keydown"":0,""keyup"":0,""mousemove"":0,""mousedown"":0,""mouseup"":0,""resize"":0,""scroll"":0,""visibility"":0}","undefined","undefined","undefined","undefined"
"ba1ac43b-a198-43b5-99be-27cf91f0a298","trial-spike","20","","rejected","Rejected by admin","undefined","2026-02-20T00:49:07.023Z","4.76","Identify which city has a larger population.","undefined","undefined","undefined","undefined","undefined","Spike"
"ba1ac43b-a198-43b5-99be-27cf91f0a298","trial-spike","20","windowEvents","undefined","undefined","undefined","undefined","undefined","undefined","undefined","{""focus"":0,""input"":0,""keydown"":0,""keyup"":0,""mousemove"":0,""mousedown"":0,""mouseup"":0,""resize"":0,""scroll"":0,""visibility"":0}","undefined","undefined","undefined","undefined"
"bcce6447-d013-4c46-8f9c-63b3f47416a6","participantTags","null","participantTags","undefined","undefined","undefined","undefined","undefined","undefined","undefined","[]","undefined","undefined","undefined","undefined"
"bcce6447-d013-4c46-8f9c-63b3f47416a6","introduction","0","","completed","undefined","undefined","undefined","100.00","undefined","undefined","undefined","undefined","52425","15433","undefined"
"bcce6447-d013-4c46-8f9c-63b3f47416a6","introduction","0","windowEvents","undefined","undefined","undefined","undefined","undefined","undefined","undefined","{""focus"":3,""input"":0,""keydown"":0,""keyup"":0,""mousemove"":62,""mousedown"":2,""mouseup"":2,""resize"":0,""scroll"":0,""visibility"":2}","undefined","undefined","undefined","undefined"
"bcce6447-d013-4c46-8f9c-63b3f47416a6","trial-spike","1","spike-response","completed","undefined","undefined","undefined","100.00","Identify which city has a larger population.","How much larger is City A than City B?","1","undefined","806413","55879","Spike"
"bcce6447-d013-4c46-8f9c-63b3f47416a6","trial-spike","1","groundTruth","completed","undefined","undefined","undefined","100.00","Identify which city has a larger population.","undefined","5","undefined","806413","55879","Spike"
"bcce6447-d013-4c46-8f9c-63b3f47416a6","trial-spike","1","windowEvents","undefined","undefined","undefined","undefined","undefined","undefined","undefined","{""focus"":6,""input"":1,""keydown"":2,""keyup"":2,""mousemove"":42,""mousedown"":3,""mouseup"":2,""resize"":0,""scroll"":0,""visibility"":6}","undefined","undefined","undefined","undefined"
"bcce6447-d013-4c46-8f9c-63b3f47416a6","trial-spike","2","spike-response","completed","undefined","undefined","undefined","100.00","Identify which city has a larger population.","How much larger is City A than City B?","5","undefined","16356","16356","Spike"
"bcce6447-d013-4c46-8f9c-63b3f47416a6","trial-spike","2","groundTruth","completed","undefined","undefined","undefined","100.00","Identify which city has a larger population.","undefined","0","undefined","16356","16356","Spike"
"bcce6447-d013-4c46-8f9c-63b3f47416a6","trial-spike","2","windowEvents","undefined","undefined","undefined","undefined","undefined","undefined","undefined","{""focus"":2,""input"":4,""keydown"":5,""keyup"":5,""mousemove"":14,""mousedown"":2,""mouseup"":2,""resize"":0,""scroll"":0,""visibility"":0}","undefined","undefined","undefined","undefined"
"bcce6447-d013-4c46-8f9c-63b3f47416a6","trial-hexbin","3","hexbin-response","completed","undefined","undefined","undefined","100.00","Identify which region has a larger population.","How much larger is Region A than Region B?","80","undefined","19336","19336","Hexbin"
"bcce6447-d013-4c46-8f9c-63b3f47416a6","trial-hexbin","3","groundTruth","completed","undefined","undefined","undefined","100.00","Identify which region has a larger population.","undefined","50","undefined","19336","19336","Hexbin"
"bcce6447-d013-4c46-8f9c-63b3f47416a6","trial-hexbin","3","windowEvents","undefined","undefined","undefined","undefined","undefined","undefined","undefined","{""focus"":2,""input"":2,""keydown"":2,""keyup"":2,""mousemove"":19,""mousedown"":4,""mouseup"":4,""resize"":0,""scroll"":0,""visibility"":0}","undefined","undefined","undefined","undefined"
"bcce6447-d013-4c46-8f9c-63b3f47416a6","trial-bubble","4","bubble-response","completed","undefined","undefined","undefined","100.00","Identify which city has a larger population.","How much larger is City A than City B?","20","undefined","9339","9339","Bubble"
"bcce6447-d013-4c46-8f9c-63b3f47416a6","trial-bubble","4","groundTruth","completed","undefined","undefined","undefined","100.00","Identify which city has a larger population.","undefined","10","undefined","9339","9339","Bubble"
"bcce6447-d013-4c46-8f9c-63b3f47416a6","trial-bubble","4","windowEvents","undefined","undefined","undefined","undefined","undefined","undefined","undefined","{""focus"":2,""input"":1,""keydown"":1,""keyup"":1,""mousemove"":8,""mousedown"":2,""mouseup"":2,""resize"":0,""scroll"":0,""visibility"":0}","undefined","undefined","undefined","undefined"
"bcce6447-d013-4c46-8f9c-63b3f47416a6","trial-bubble","5","bubble-response","completed","undefined","undefined","undefined","100.00","Identify which city has a larger population.","How much larger is City A than City B?","75","undefined","6858","6858","Bubble"
"bcce6447-d013-4c46-8f9c-63b3f47416a6","trial-bubble","5","groundTruth","completed","undefined","undefined","undefined","100.00","Identify which city has a larger population.","undefined","55","undefined","6858","6858","Bubble"
"bcce6447-d013-4c46-8f9c-63b3f47416a6","trial-bubble","5","windowEvents","undefined","undefined","undefined","undefined","undefined","undefined","undefined","{""focus"":2,""input"":2,""keydown"":2,""keyup"":2,""mousemove"":13,""mousedown"":3,""mouseup"":3,""resize"":0,""scroll"":0,""visibility"":0}","undefined","undefined","undefined","undefined"
"bcce6447-d013-4c46-8f9c-63b3f47416a6","trial-choropleth","6","choropleth-response","completed","undefined","undefined","undefined","100.00","Identify which region has a larger population.","How much larger is State A than State B?","20","undefined","8997","8997","Choropleth"
"bcce6447-d013-4c46-8f9c-63b3f47416a6","trial-choropleth","6","groundTruth","completed","undefined","undefined","undefined","100.00","Identify which region has a larger population.","undefined","10","undefined","8997","8997","Choropleth"
"bcce6447-d013-4c46-8f9c-63b3f47416a6","trial-choropleth","6","windowEvents","undefined","undefined","undefined","undefined","undefined","undefined","undefined","{""focus"":1,""input"":1,""keydown"":1,""keyup"":1,""mousemove"":11,""mousedown"":1,""mouseup"":2,""resize"":0,""scroll"":0,""visibility"":0}","undefined","undefined","undefined","undefined"
"bcce6447-d013-4c46-8f9c-63b3f47416a6","trial-spike","7","spike-response","completed","undefined","undefined","undefined","100.00","Identify which city has a larger population.","How much larger is City A than City B?","60","undefined","10715","10715","Spike"
"bcce6447-d013-4c46-8f9c-63b3f47416a6","trial-spike","7","groundTruth","completed","undefined","undefined","undefined","100.00","Identify which city has a larger population.","undefined","40","undefined","10715","10715","Spike"
"bcce6447-d013-4c46-8f9c-63b3f47416a6","trial-spike","7","windowEvents","undefined","undefined","undefined","undefined","undefined","undefined","undefined","{""focus"":3,""input"":1,""keydown"":1,""keyup"":1,""mousemove"":15,""mousedown"":3,""mouseup"":2,""resize"":0,""scroll"":0,""visibility"":0}","undefined","undefined","undefined","undefined"
"bcce6447-d013-4c46-8f9c-63b3f47416a6","trial-bubble","8","bubble-response","completed","undefined","undefined","undefined","100.00","Identify which city has a larger population.","How much larger is City A than City B?","30","undefined","5520","5520","Bubble"
"bcce6447-d013-4c46-8f9c-63b3f47416a6","trial-bubble","8","groundTruth","completed","undefined","undefined","undefined","100.00","Identify which city has a larger population.","undefined","30","undefined","5520","5520","Bubble"
"bcce6447-d013-4c46-8f9c-63b3f47416a6","trial-bubble","8","windowEvents","undefined","undefined","undefined","undefined","undefined","undefined","undefined","{""focus"":1,""input"":1,""keydown"":1,""keyup"":1,""mousemove"":12,""mousedown"":1,""mouseup"":2,""resize"":0,""scroll"":0,""visibility"":0}","undefined","undefined","undefined","undefined"
"bcce6447-d013-4c46-8f9c-63b3f47416a6","trial-spike","9","spike-response","completed","undefined","undefined","undefined","100.00","Identify which city has a larger population.","How much larger is City A than City B?","80","undefined","5384","5384","Spike"
"bcce6447-d013-4c46-8f9c-63b3f47416a6","trial-spike","9","groundTruth","completed","undefined","undefined","undefined","100.00","Identify which city has a larger population.","undefined","105","undefined","5384","5384","Spike"
"bcce6447-d013-4c46-8f9c-63b3f47416a6","trial-spike","9","windowEvents","undefined","undefined","undefined","undefined","undefined","undefined","undefined","{""focus"":2,""input"":2,""keydown"":2,""keyup"":1,""mousemove"":18,""mousedown"":2,""mouseup"":2,""resize"":0,""scroll"":0,""visibility"":0}","undefined","undefined","undefined","undefined"
"bcce6447-d013-4c46-8f9c-63b3f47416a6","trial-spike","10","spike-response","completed","undefined","undefined","undefined","100.00","Identify which city has a larger population.","How much larger is City A than City B?","20","undefined","5478","5478","Spike"
"bcce6447-d013-4c46-8f9c-63b3f47416a6","trial-spike","10","groundTruth","completed","undefined","undefined","undefined","100.00","Identify which city has a larger population.","undefined","25","undefined","5478","5478","Spike"
"bcce6447-d013-4c46-8f9c-63b3f47416a6","trial-spike","10","windowEvents","undefined","undefined","undefined","undefined","undefined","undefined","undefined","{""focus"":3,""input"":1,""keydown"":1,""keyup"":1,""mousemove"":13,""mousedown"":3,""mouseup"":2,""resize"":0,""scroll"":0,""visibility"":0}","undefined","undefined","undefined","undefined"
"bcce6447-d013-4c46-8f9c-63b3f47416a6","trial-bubble","11","bubble-response","completed","undefined","undefined","undefined","100.00","Identify which city has a larger population.","How much larger is City A than City B?","10","undefined","5468","5468","Bubble"
"bcce6447-d013-4c46-8f9c-63b3f47416a6","trial-bubble","11","groundTruth","completed","undefined","undefined","undefined","100.00","Identify which city has a larger population.","undefined","0","undefined","5468","5468","Bubble"
"bcce6447-d013-4c46-8f9c-63b3f47416a6","trial-bubble","11","windowEvents","undefined","undefined","undefined","undefined","undefined","undefined","undefined","{""focus"":2,""input"":1,""keydown"":1,""keyup"":1,""mousemove"":21,""mousedown"":2,""mouseup"":2,""resize"":0,""scroll"":0,""visibility"":0}","undefined","undefined","undefined","undefined"
"bcce6447-d013-4c46-8f9c-63b3f47416a6","trial-bubble","12","bubble-response","completed","undefined","undefined","undefined","100.00","Identify which city has a larger population.","How much larger is City A than City B?","20","undefined","3176","3176","Bubble"
"bcce6447-d013-4c46-8f9c-63b3f47416a6","trial-bubble","12","groundTruth","completed","undefined","undefined","undefined","100.00","Identify which city has a larger population.","undefined","25","undefined","3176","3176","Bubble"
"bcce6447-d013-4c46-8f9c-63b3f47416a6","trial-bubble","12","windowEvents","undefined","undefined","undefined","undefined","undefined","undefined","undefined","{""focus"":1,""input"":1,""keydown"":1,""keyup"":1,""mousemove"":12,""mousedown"":1,""mouseup"":2,""resize"":0,""scroll"":0,""visibility"":0}","undefined","undefined","undefined","undefined"
"bcce6447-d013-4c46-8f9c-63b3f47416a6","trial-choropleth","13","choropleth-response","completed","undefined","undefined","undefined","100.00","Identify which region has a larger population.","How much larger is State A than State B?","20","undefined","3888","3888","Choropleth"
"bcce6447-d013-4c46-8f9c-63b3f47416a6","trial-choropleth","13","groundTruth","completed","undefined","undefined","undefined","100.00","Identify which region has a larger population.","undefined","15","undefined","3888","3888","Choropleth"
"bcce6447-d013-4c46-8f9c-63b3f47416a6","trial-choropleth","13","windowEvents","undefined","undefined","undefined","undefined","undefined","undefined","undefined","{""focus"":2,""input"":1,""keydown"":1,""keyup"":1,""mousemove"":14,""mousedown"":2,""mouseup"":2,""resize"":0,""scroll"":0,""visibility"":0}","undefined","undefined","undefined","undefined"
"bcce6447-d013-4c46-8f9c-63b3f47416a6","trial-choropleth","14","choropleth-response","completed","undefined","undefined","undefined","100.00","Identify which region has a larger population.","How much larger is State A than State B?","40","undefined","6814","6814","Choropleth"
"bcce6447-d013-4c46-8f9c-63b3f47416a6","trial-choropleth","14","groundTruth","completed","undefined","undefined","undefined","100.00","Identify which region has a larger population.","undefined","20","undefined","6814","6814","Choropleth"
"bcce6447-d013-4c46-8f9c-63b3f47416a6","trial-choropleth","14","windowEvents","undefined","undefined","undefined","undefined","undefined","undefined","undefined","{""focus"":2,""input"":1,""keydown"":1,""keyup"":1,""mousemove"":19,""mousedown"":5,""mouseup"":5,""resize"":0,""scroll"":0,""visibility"":0}","undefined","undefined","undefined","undefined"
"bcce6447-d013-4c46-8f9c-63b3f47416a6","trial-hexbin","15","hexbin-response","completed","undefined","undefined","undefined","100.00","Identify which region has a larger population.","How much larger is Region A than Region B?","25","undefined","7058","7058","Hexbin"
"bcce6447-d013-4c46-8f9c-63b3f47416a6","trial-hexbin","15","groundTruth","completed","undefined","undefined","undefined","100.00","Identify which region has a larger population.","undefined","10","undefined","7058","7058","Hexbin"
"bcce6447-d013-4c46-8f9c-63b3f47416a6","trial-hexbin","15","windowEvents","undefined","undefined","undefined","undefined","undefined","undefined","undefined","{""focus"":2,""input"":2,""keydown"":2,""keyup"":2,""mousemove"":15,""mousedown"":3,""mouseup"":3,""resize"":0,""scroll"":0,""visibility"":0}","undefined","undefined","undefined","undefined"
"bcce6447-d013-4c46-8f9c-63b3f47416a6","trial-choropleth","16","choropleth-response","completed","undefined","undefined","undefined","100.00","Identify which region has a larger population.","How much larger is State A than State B?","10","undefined","3398","3398","Choropleth"
"bcce6447-d013-4c46-8f9c-63b3f47416a6","trial-choropleth","16","groundTruth","completed","undefined","undefined","undefined","100.00","Identify which region has a larger population.","undefined","15","undefined","3398","3398","Choropleth"
"bcce6447-d013-4c46-8f9c-63b3f47416a6","trial-choropleth","16","windowEvents","undefined","undefined","undefined","undefined","undefined","undefined","undefined","{""focus"":2,""input"":1,""keydown"":1,""keyup"":1,""mousemove"":16,""mousedown"":2,""mouseup"":2,""resize"":0,""scroll"":0,""visibility"":0}","undefined","undefined","undefined","undefined"
"bcce6447-d013-4c46-8f9c-63b3f47416a6","trial-hexbin","17","hexbin-response","completed","undefined","undefined","undefined","100.00","Identify which region has a larger population.","How much larger is Region A than Region B?","55","undefined","9971","9971","Hexbin"
"bcce6447-d013-4c46-8f9c-63b3f47416a6","trial-hexbin","17","groundTruth","completed","undefined","undefined","undefined","100.00","Identify which region has a larger population.","undefined","45","undefined","9971","9971","Hexbin"
"bcce6447-d013-4c46-8f9c-63b3f47416a6","trial-hexbin","17","windowEvents","undefined","undefined","undefined","undefined","undefined","undefined","undefined","{""focus"":3,""input"":2,""keydown"":2,""keyup"":2,""mousemove"":18,""mousedown"":3,""mouseup"":2,""resize"":0,""scroll"":0,""visibility"":0}","undefined","undefined","undefined","undefined"
"bcce6447-d013-4c46-8f9c-63b3f47416a6","trial-hexbin","18","hexbin-response","completed","undefined","undefined","undefined","100.00","Identify which region has a larger population.","How much larger is Region A than Region B?","25","undefined","12615","12615","Hexbin"
"bcce6447-d013-4c46-8f9c-63b3f47416a6","trial-hexbin","18","groundTruth","completed","undefined","undefined","undefined","100.00","Identify which region has a larger population.","undefined","20","undefined","12615","12615","Hexbin"
"bcce6447-d013-4c46-8f9c-63b3f47416a6","trial-hexbin","18","windowEvents","undefined","undefined","undefined","undefined","undefined","undefined","undefined","{""focus"":1,""input"":7,""keydown"":7,""keyup"":7,""mousemove"":20,""mousedown"":1,""mouseup"":2,""resize"":0,""scroll"":0,""visibility"":0}","undefined","undefined","undefined","undefined"
"bcce6447-d013-4c46-8f9c-63b3f47416a6","trial-choropleth","19","choropleth-response","completed","undefined","undefined","undefined","100.00","Identify which region has a larger population.","How much larger is State A than State B?","10","undefined","5815","5815","Choropleth"
"bcce6447-d013-4c46-8f9c-63b3f47416a6","trial-choropleth","19","groundTruth","completed","undefined","undefined","undefined","100.00","Identify which region has a larger population.","undefined","5","undefined","5815","5815","Choropleth"
"bcce6447-d013-4c46-8f9c-63b3f47416a6","trial-choropleth","19","windowEvents","undefined","undefined","undefined","undefined","undefined","undefined","undefined","{""focus"":3,""input"":2,""keydown"":4,""keyup"":4,""mousemove"":15,""mousedown"":3,""mouseup"":2,""resize"":0,""scroll"":0,""visibility"":0}","undefined","undefined","undefined","undefined"
"bcce6447-d013-4c46-8f9c-63b3f47416a6","trial-hexbin","20","hexbin-response","completed","undefined","undefined","undefined","100.00","Identify which region has a larger population.","How much larger is Region A than Region B?","10","undefined","6338","6338","Hexbin"
"bcce6447-d013-4c46-8f9c-63b3f47416a6","trial-hexbin","20","groundTruth","completed","undefined","undefined","undefined","100.00","Identify which region has a larger population.","undefined","10","undefined","6338","6338","Hexbin"
"bcce6447-d013-4c46-8f9c-63b3f47416a6","trial-hexbin","20","windowEvents","undefined","undefined","undefined","undefined","undefined","undefined","undefined","{""focus"":1,""input"":1,""keydown"":1,""keyup"":2,""mousemove"":16,""mousedown"":1,""mouseup"":2,""resize"":0,""scroll"":0,""visibility"":0}","undefined","undefined","undefined","undefined"
"c313cc96-35fb-4d3f-94ea-bd2976937020","participantTags","null","participantTags","undefined","undefined","undefined","undefined","undefined","undefined","undefined","[]","undefined","undefined","undefined","undefined"
"c313cc96-35fb-4d3f-94ea-bd2976937020","introduction","0","","completed","undefined","undefined","undefined","100.00","undefined","undefined","undefined","undefined","94629","94629","undefined"
"c313cc96-35fb-4d3f-94ea-bd2976937020","introduction","0","windowEvents","undefined","undefined","undefined","undefined","undefined","undefined","undefined","{""focus"":2,""input"":0,""keydown"":0,""keyup"":2,""mousemove"":13,""mousedown"":0,""mouseup"":1,""resize"":0,""scroll"":0,""visibility"":0}","undefined","undefined","undefined","undefined"
"c313cc96-35fb-4d3f-94ea-bd2976937020","trial-hexbin","1","hexbin-response","completed","undefined","undefined","undefined","100.00","Identify which region has a larger population.","How much larger is Region A than Region B?","40","undefined","39598","39598","Hexbin"
"c313cc96-35fb-4d3f-94ea-bd2976937020","trial-hexbin","1","groundTruth","completed","undefined","undefined","undefined","100.00","Identify which region has a larger population.","undefined","40","undefined","39598","39598","Hexbin"
"c313cc96-35fb-4d3f-94ea-bd2976937020","trial-hexbin","1","windowEvents","undefined","undefined","undefined","undefined","undefined","undefined","undefined","{""focus"":3,""input"":1,""keydown"":2,""keyup"":1,""mousemove"":27,""mousedown"":3,""mouseup"":3,""resize"":0,""scroll"":0,""visibility"":0}","undefined","undefined","undefined","undefined"
"c313cc96-35fb-4d3f-94ea-bd2976937020","trial-choropleth","2","choropleth-response","completed","undefined","undefined","undefined","100.00","Identify which region has a larger population.","How much larger is State A than State B?","30","undefined","11069","11069","Choropleth"
"c313cc96-35fb-4d3f-94ea-bd2976937020","trial-choropleth","2","groundTruth","completed","undefined","undefined","undefined","100.00","Identify which region has a larger population.","undefined","40","undefined","11069","11069","Choropleth"
"c313cc96-35fb-4d3f-94ea-bd2976937020","trial-choropleth","2","windowEvents","undefined","undefined","undefined","undefined","undefined","undefined","undefined","{""focus"":2,""input"":2,""keydown"":2,""keyup"":2,""mousemove"":13,""mousedown"":2,""mouseup"":2,""resize"":0,""scroll"":0,""visibility"":0}","undefined","undefined","undefined","undefined"
"c313cc96-35fb-4d3f-94ea-bd2976937020","trial-bubble","3","bubble-response","completed","undefined","undefined","undefined","100.00","Identify which city has a larger population.","How much larger is City A than City B?","15","undefined","11676","11676","Bubble"
"c313cc96-35fb-4d3f-94ea-bd2976937020","trial-bubble","3","groundTruth","completed","undefined","undefined","undefined","100.00","Identify which city has a larger population.","undefined","45","undefined","11676","11676","Bubble"
"c313cc96-35fb-4d3f-94ea-bd2976937020","trial-bubble","3","windowEvents","undefined","undefined","undefined","undefined","undefined","undefined","undefined","{""focus"":2,""input"":2,""keydown"":2,""keyup"":2,""mousemove"":14,""mousedown"":2,""mouseup"":2,""resize"":0,""scroll"":0,""visibility"":0}","undefined","undefined","undefined","undefined"
"c313cc96-35fb-4d3f-94ea-bd2976937020","trial-choropleth","4","choropleth-response","completed","undefined","undefined","undefined","100.00","Identify which region has a larger population.","How much larger is State A than State B?","10","undefined","14324","14324","Choropleth"
"c313cc96-35fb-4d3f-94ea-bd2976937020","trial-choropleth","4","groundTruth","completed","undefined","undefined","undefined","100.00","Identify which region has a larger population.","undefined","10","undefined","14324","14324","Choropleth"
"c313cc96-35fb-4d3f-94ea-bd2976937020","trial-choropleth","4","windowEvents","undefined","undefined","undefined","undefined","undefined","undefined","undefined","{""focus"":3,""input"":2,""keydown"":2,""keyup"":2,""mousemove"":10,""mousedown"":3,""mouseup"":2,""resize"":0,""scroll"":0,""visibility"":0}","undefined","undefined","undefined","undefined"
"c313cc96-35fb-4d3f-94ea-bd2976937020","trial-bubble","5","bubble-response","completed","undefined","undefined","undefined","100.00","Identify which city has a larger population.","How much larger is City A than City B?","5","undefined","9453","9453","Bubble"
"c313cc96-35fb-4d3f-94ea-bd2976937020","trial-bubble","5","groundTruth","completed","undefined","undefined","undefined","100.00","Identify which city has a larger population.","undefined","20","undefined","9453","9453","Bubble"
"c313cc96-35fb-4d3f-94ea-bd2976937020","trial-bubble","5","windowEvents","undefined","undefined","undefined","undefined","undefined","undefined","undefined","{""focus"":2,""input"":1,""keydown"":1,""keyup"":1,""mousemove"":27,""mousedown"":2,""mouseup"":2,""resize"":0,""scroll"":0,""visibility"":0}","undefined","undefined","undefined","undefined"
"c313cc96-35fb-4d3f-94ea-bd2976937020","trial-choropleth","6","choropleth-response","completed","undefined","undefined","undefined","100.00","Identify which region has a larger population.","How much larger is State A than State B?","40","undefined","8558","8558","Choropleth"
"c313cc96-35fb-4d3f-94ea-bd2976937020","trial-choropleth","6","groundTruth","completed","undefined","undefined","undefined","100.00","Identify which region has a larger population.","undefined","45","undefined","8558","8558","Choropleth"
"c313cc96-35fb-4d3f-94ea-bd2976937020","trial-choropleth","6","windowEvents","undefined","undefined","undefined","undefined","undefined","undefined","undefined","{""focus"":1,""input"":2,""keydown"":2,""keyup"":2,""mousemove"":8,""mousedown"":1,""mouseup"":2,""resize"":0,""scroll"":0,""visibility"":0}","undefined","undefined","undefined","undefined"
"c313cc96-35fb-4d3f-94ea-bd2976937020","trial-spike","7","spike-response","completed","undefined","undefined","undefined","100.00","Identify which city has a larger population.","How much larger is City A than City B?","5","undefined","18345","18345","Spike"
"c313cc96-35fb-4d3f-94ea-bd2976937020","trial-spike","7","groundTruth","completed","undefined","undefined","undefined","100.00","Identify which city has a larger population.","undefined","25","undefined","18345","18345","Spike"
"c313cc96-35fb-4d3f-94ea-bd2976937020","trial-spike","7","windowEvents","undefined","undefined","undefined","undefined","undefined","undefined","undefined","{""focus"":2,""input"":4,""keydown"":5,""keyup"":5,""mousemove"":26,""mousedown"":2,""mouseup"":2,""resize"":0,""scroll"":0,""visibility"":0}","undefined","undefined","undefined","undefined"
"c313cc96-35fb-4d3f-94ea-bd2976937020","trial-bubble","8","bubble-response","completed","undefined","undefined","undefined","100.00","Identify which city has a larger population.","How much larger is City A than City B?","30","undefined","14777","14777","Bubble"
"c313cc96-35fb-4d3f-94ea-bd2976937020","trial-bubble","8","groundTruth","completed","undefined","undefined","undefined","100.00","Identify which city has a larger population.","undefined","75","undefined","14777","14777","Bubble"
"c313cc96-35fb-4d3f-94ea-bd2976937020","trial-bubble","8","windowEvents","undefined","undefined","undefined","undefined","undefined","undefined","undefined","{""focus"":2,""input"":1,""keydown"":4,""keyup"":5,""mousemove"":16,""mousedown"":2,""mouseup"":2,""resize"":0,""scroll"":0,""visibility"":0}","undefined","undefined","undefined","undefined"
"c313cc96-35fb-4d3f-94ea-bd2976937020","trial-choropleth","9","choropleth-response","completed","undefined","undefined","undefined","100.00","Identify which region has a larger population.","How much larger is State A than State B?","50","undefined","14495","14495","Choropleth"
"c313cc96-35fb-4d3f-94ea-bd2976937020","trial-choropleth","9","groundTruth","completed","undefined","undefined","undefined","100.00","Identify which region has a larger population.","undefined","50","undefined","14495","14495","Choropleth"
"c313cc96-35fb-4d3f-94ea-bd2976937020","trial-choropleth","9","windowEvents","undefined","undefined","undefined","undefined","undefined","undefined","undefined","{""focus"":3,""input"":1,""keydown"":1,""keyup"":1,""mousemove"":8,""mousedown"":3,""mouseup"":2,""resize"":0,""scroll"":0,""visibility"":0}","undefined","undefined","undefined","undefined"
"c313cc96-35fb-4d3f-94ea-bd2976937020","trial-spike","10","spike-response","completed","undefined","undefined","undefined","100.00","Identify which city has a larger population.","How much larger is City A than City B?","20","undefined","9717","9717","Spike"
"c313cc96-35fb-4d3f-94ea-bd2976937020","trial-spike","10","groundTruth","completed","undefined","undefined","undefined","100.00","Identify which city has a larger population.","undefined","5","undefined","9717","9717","Spike"
"c313cc96-35fb-4d3f-94ea-bd2976937020","trial-spike","10","windowEvents","undefined","undefined","undefined","undefined","undefined","undefined","undefined","{""focus"":1,""input"":1,""keydown"":1,""keyup"":1,""mousemove"":23,""mousedown"":1,""mouseup"":2,""resize"":0,""scroll"":0,""visibility"":0}","undefined","undefined","undefined","undefined"
"c313cc96-35fb-4d3f-94ea-bd2976937020","trial-hexbin","11","hexbin-response","completed","undefined","undefined","undefined","100.00","Identify which region has a larger population.","How much larger is Region A than Region B?","45","undefined","9928","9928","Hexbin"
"c313cc96-35fb-4d3f-94ea-bd2976937020","trial-hexbin","11","groundTruth","completed","undefined","undefined","undefined","100.00","Identify which region has a larger population.","undefined","45","undefined","9928","9928","Hexbin"
"c313cc96-35fb-4d3f-94ea-bd2976937020","trial-hexbin","11","windowEvents","undefined","undefined","undefined","undefined","undefined","undefined","undefined","{""focus"":2,""input"":2,""keydown"":2,""keyup"":2,""mousemove"":21,""mousedown"":2,""mouseup"":2,""resize"":0,""scroll"":0,""visibility"":0}","undefined","undefined","undefined","undefined"
"c313cc96-35fb-4d3f-94ea-bd2976937020","trial-hexbin","12","hexbin-response","completed","undefined","undefined","undefined","100.00","Identify which region has a larger population.","How much larger is Region A than Region B?","20","undefined","22468","22468","Hexbin"
"c313cc96-35fb-4d3f-94ea-bd2976937020","trial-hexbin","12","groundTruth","completed","undefined","undefined","undefined","100.00","Identify which region has a larger population.","undefined","20","undefined","22468","22468","Hexbin"
"c313cc96-35fb-4d3f-94ea-bd2976937020","trial-hexbin","12","windowEvents","undefined","undefined","undefined","undefined","undefined","undefined","undefined","{""focus"":4,""input"":2,""keydown"":2,""keyup"":2,""mousemove"":22,""mousedown"":3,""mouseup"":3,""resize"":0,""scroll"":0,""visibility"":0}","undefined","undefined","undefined","undefined"
"c313cc96-35fb-4d3f-94ea-bd2976937020","trial-bubble","13","bubble-response","completed","undefined","undefined","undefined","100.00","Identify which city has a larger population.","How much larger is City A than City B?","20","undefined","9354","9354","Bubble"
"c313cc96-35fb-4d3f-94ea-bd2976937020","trial-bubble","13","groundTruth","completed","undefined","undefined","undefined","100.00","Identify which city has a larger population.","undefined","35","undefined","9354","9354","Bubble"
"c313cc96-35fb-4d3f-94ea-bd2976937020","trial-bubble","13","windowEvents","undefined","undefined","undefined","undefined","undefined","undefined","undefined","{""focus"":2,""input"":1,""keydown"":2,""keyup"":2,""mousemove"":11,""mousedown"":2,""mouseup"":2,""resize"":0,""scroll"":0,""visibility"":0}","undefined","undefined","undefined","undefined"
"c313cc96-35fb-4d3f-94ea-bd2976937020","trial-bubble","14","bubble-response","completed","undefined","undefined","undefined","100.00","Identify which city has a larger population.","How much larger is City A than City B?","10","undefined","13487","12088","Bubble"
"c313cc96-35fb-4d3f-94ea-bd2976937020","trial-bubble","14","groundTruth","completed","undefined","undefined","undefined","100.00","Identify which city has a larger population.","undefined","15","undefined","13487","12088","Bubble"
"c313cc96-35fb-4d3f-94ea-bd2976937020","trial-bubble","14","windowEvents","undefined","undefined","undefined","undefined","undefined","undefined","undefined","{""focus"":4,""input"":1,""keydown"":1,""keyup"":2,""mousemove"":17,""mousedown"":3,""mouseup"":2,""resize"":0,""scroll"":0,""visibility"":2}","undefined","undefined","undefined","undefined"
"c313cc96-35fb-4d3f-94ea-bd2976937020","trial-spike","15","spike-response","completed","undefined","undefined","undefined","100.00","Identify which city has a larger population.","How much larger is City A than City B?","10","undefined","8060","8060","Spike"
"c313cc96-35fb-4d3f-94ea-bd2976937020","trial-spike","15","groundTruth","completed","undefined","undefined","undefined","100.00","Identify which city has a larger population.","undefined","15","undefined","8060","8060","Spike"
"c313cc96-35fb-4d3f-94ea-bd2976937020","trial-spike","15","windowEvents","undefined","undefined","undefined","undefined","undefined","undefined","undefined","{""focus"":1,""input"":1,""keydown"":1,""keyup"":1,""mousemove"":13,""mousedown"":1,""mouseup"":2,""resize"":0,""scroll"":0,""visibility"":0}","undefined","undefined","undefined","undefined"
"c313cc96-35fb-4d3f-94ea-bd2976937020","trial-hexbin","16","hexbin-response","completed","undefined","undefined","undefined","100.00","Identify which region has a larger population.","How much larger is Region A than Region B?","10","undefined","9235","9235","Hexbin"
"c313cc96-35fb-4d3f-94ea-bd2976937020","trial-hexbin","16","groundTruth","completed","undefined","undefined","undefined","100.00","Identify which region has a larger population.","undefined","5","undefined","9235","9235","Hexbin"
"c313cc96-35fb-4d3f-94ea-bd2976937020","trial-hexbin","16","windowEvents","undefined","undefined","undefined","undefined","undefined","undefined","undefined","{""focus"":3,""input"":1,""keydown"":1,""keyup"":1,""mousemove"":22,""mousedown"":3,""mouseup"":2,""resize"":0,""scroll"":0,""visibility"":0}","undefined","undefined","undefined","undefined"
"c313cc96-35fb-4d3f-94ea-bd2976937020","trial-spike","17","spike-response","completed","undefined","undefined","undefined","100.00","Identify which city has a larger population.","How much larger is City A than City B?","30","undefined","10403","10403","Spike"
"c313cc96-35fb-4d3f-94ea-bd2976937020","trial-spike","17","groundTruth","completed","undefined","undefined","undefined","100.00","Identify which city has a larger population.","undefined","30","undefined","10403","10403","Spike"
"c313cc96-35fb-4d3f-94ea-bd2976937020","trial-spike","17","windowEvents","undefined","undefined","undefined","undefined","undefined","undefined","undefined","{""focus"":1,""input"":2,""keydown"":2,""keyup"":2,""mousemove"":18,""mousedown"":2,""mouseup"":3,""resize"":0,""scroll"":0,""visibility"":0}","undefined","undefined","undefined","undefined"
"c313cc96-35fb-4d3f-94ea-bd2976937020","trial-spike","18","spike-response","completed","undefined","undefined","undefined","100.00","Identify which city has a larger population.","How much larger is City A than City B?","40","undefined","9754","9754","Spike"
"c313cc96-35fb-4d3f-94ea-bd2976937020","trial-spike","18","groundTruth","completed","undefined","undefined","undefined","100.00","Identify which city has a larger population.","undefined","40","undefined","9754","9754","Spike"
"c313cc96-35fb-4d3f-94ea-bd2976937020","trial-spike","18","windowEvents","undefined","undefined","undefined","undefined","undefined","undefined","undefined","{""focus"":2,""input"":1,""keydown"":1,""keyup"":1,""mousemove"":11,""mousedown"":2,""mouseup"":2,""resize"":0,""scroll"":0,""visibility"":0}","undefined","undefined","undefined","undefined"
"c313cc96-35fb-4d3f-94ea-bd2976937020","trial-hexbin","19","hexbin-response","completed","undefined","undefined","undefined","100.00","Identify which region has a larger population.","How much larger is Region A than Region B?","20","undefined","10798","10798","Hexbin"
"c313cc96-35fb-4d3f-94ea-bd2976937020","trial-hexbin","19","groundTruth","completed","undefined","undefined","undefined","100.00","Identify which region has a larger population.","undefined","20","undefined","10798","10798","Hexbin"
"c313cc96-35fb-4d3f-94ea-bd2976937020","trial-hexbin","19","windowEvents","undefined","undefined","undefined","undefined","undefined","undefined","undefined","{""focus"":2,""input"":1,""keydown"":1,""keyup"":1,""mousemove"":10,""mousedown"":2,""mouseup"":2,""resize"":0,""scroll"":0,""visibility"":0}","undefined","undefined","undefined","undefined"
"c313cc96-35fb-4d3f-94ea-bd2976937020","trial-choropleth","20","choropleth-response","completed","undefined","undefined","undefined","100.00","Identify which region has a larger population.","How much larger is State A than State B?","25","undefined","17973","17973","Choropleth"
"c313cc96-35fb-4d3f-94ea-bd2976937020","trial-choropleth","20","groundTruth","completed","undefined","undefined","undefined","100.00","Identify which region has a larger population.","undefined","25","undefined","17973","17973","Choropleth"
"c313cc96-35fb-4d3f-94ea-bd2976937020","trial-choropleth","20","windowEvents","undefined","undefined","undefined","undefined","undefined","undefined","undefined","{""focus"":2,""input"":2,""keydown"":2,""keyup"":2,""mousemove"":14,""mousedown"":2,""mouseup"":2,""resize"":0,""scroll"":0,""visibility"":0}","undefined","undefined","undefined","undefined"
"d57c873e-8302-488a-aa44-40de25da75c4","participantTags","null","participantTags","undefined","undefined","undefined","undefined","undefined","undefined","undefined","[]","undefined","undefined","undefined","undefined"
"d57c873e-8302-488a-aa44-40de25da75c4","introduction","0","","completed","undefined","undefined","undefined","100.00","undefined","undefined","undefined","undefined","134899","134899","undefined"
"d57c873e-8302-488a-aa44-40de25da75c4","introduction","0","windowEvents","undefined","undefined","undefined","undefined","undefined","undefined","undefined","{""focus"":0,""input"":0,""keydown"":2,""keyup"":0,""mousemove"":200,""mousedown"":0,""mouseup"":0,""resize"":0,""scroll"":0,""visibility"":0}","undefined","undefined","undefined","undefined"
"d57c873e-8302-488a-aa44-40de25da75c4","trial-bubble","1","bubble-response","completed","undefined","undefined","undefined","100.00","Identify which city has a larger population.","How much larger is City A than City B?","50","undefined","27634","27634","Bubble"
"d57c873e-8302-488a-aa44-40de25da75c4","trial-bubble","1","groundTruth","completed","undefined","undefined","undefined","100.00","Identify which city has a larger population.","undefined","60","undefined","27634","27634","Bubble"
"d57c873e-8302-488a-aa44-40de25da75c4","trial-bubble","1","windowEvents","undefined","undefined","undefined","undefined","undefined","undefined","undefined","{""focus"":3,""input"":2,""keydown"":2,""keyup"":2,""mousemove"":52,""mousedown"":3,""mouseup"":2,""resize"":0,""scroll"":0,""visibility"":0}","undefined","undefined","undefined","undefined"
"d57c873e-8302-488a-aa44-40de25da75c4","trial-spike","2","spike-response","completed","undefined","undefined","undefined","100.00","Identify which city has a larger population.","How much larger is City A than City B?","0","undefined","31691","31691","Spike"
"d57c873e-8302-488a-aa44-40de25da75c4","trial-spike","2","groundTruth","completed","undefined","undefined","undefined","100.00","Identify which city has a larger population.","undefined","5","undefined","31691","31691","Spike"
"d57c873e-8302-488a-aa44-40de25da75c4","trial-spike","2","windowEvents","undefined","undefined","undefined","undefined","undefined","undefined","undefined","{""focus"":1,""input"":1,""keydown"":1,""keyup"":1,""mousemove"":21,""mousedown"":1,""mouseup"":2,""resize"":0,""scroll"":0,""visibility"":0}","undefined","undefined","undefined","undefined"
"d57c873e-8302-488a-aa44-40de25da75c4","trial-hexbin","3","hexbin-response","completed","undefined","undefined","undefined","100.00","Identify which region has a larger population.","How much larger is Region A than Region B?","20","undefined","46484","46484","Hexbin"
"d57c873e-8302-488a-aa44-40de25da75c4","trial-hexbin","3","groundTruth","completed","undefined","undefined","undefined","100.00","Identify which region has a larger population.","undefined","10","undefined","46484","46484","Hexbin"
"d57c873e-8302-488a-aa44-40de25da75c4","trial-hexbin","3","windowEvents","undefined","undefined","undefined","undefined","undefined","undefined","undefined","{""focus"":2,""input"":7,""keydown"":8,""keyup"":8,""mousemove"":28,""mousedown"":2,""mouseup"":2,""resize"":0,""scroll"":0,""visibility"":0}","undefined","undefined","undefined","undefined"
"d57c873e-8302-488a-aa44-40de25da75c4","trial-choropleth","4","choropleth-response","completed","undefined","undefined","undefined","100.00","Identify which region has a larger population.","How much larger is State A than State B?","25","undefined","34721","34721","Choropleth"
"d57c873e-8302-488a-aa44-40de25da75c4","trial-choropleth","4","groundTruth","completed","undefined","undefined","undefined","100.00","Identify which region has a larger population.","undefined","15","undefined","34721","34721","Choropleth"
"d57c873e-8302-488a-aa44-40de25da75c4","trial-choropleth","4","windowEvents","undefined","undefined","undefined","undefined","undefined","undefined","undefined","{""focus"":3,""input"":2,""keydown"":2,""keyup"":2,""mousemove"":28,""mousedown"":3,""mouseup"":2,""resize"":0,""scroll"":0,""visibility"":0}","undefined","undefined","undefined","undefined"
"d57c873e-8302-488a-aa44-40de25da75c4","trial-hexbin","5","hexbin-response","completed","undefined","undefined","undefined","100.00","Identify which region has a larger population.","How much larger is Region A than Region B?","30","undefined","19615","19615","Hexbin"
"d57c873e-8302-488a-aa44-40de25da75c4","trial-hexbin","5","groundTruth","completed","undefined","undefined","undefined","100.00","Identify which region has a larger population.","undefined","15","undefined","19615","19615","Hexbin"
"d57c873e-8302-488a-aa44-40de25da75c4","trial-hexbin","5","windowEvents","undefined","undefined","undefined","undefined","undefined","undefined","undefined","{""focus"":1,""input"":2,""keydown"":2,""keyup"":2,""mousemove"":21,""mousedown"":1,""mouseup"":2,""resize"":0,""scroll"":0,""visibility"":0}","undefined","undefined","undefined","undefined"
"d57c873e-8302-488a-aa44-40de25da75c4","trial-spike","6","spike-response","completed","undefined","undefined","undefined","100.00","Identify which city has a larger population.","How much larger is City A than City B?","-40","undefined","124738","124738","Spike"
"d57c873e-8302-488a-aa44-40de25da75c4","trial-spike","6","groundTruth","completed","undefined","undefined","undefined","100.00","Identify which city has a larger population.","undefined","65","undefined","124738","124738","Spike"
"d57c873e-8302-488a-aa44-40de25da75c4","trial-spike","6","windowEvents","undefined","undefined","undefined","undefined","undefined","undefined","undefined","{""focus"":2,""input"":6,""keydown"":6,""keyup"":5,""mousemove"":22,""mousedown"":3,""mouseup"":3,""resize"":0,""scroll"":0,""visibility"":0}","undefined","undefined","undefined","undefined"
"d57c873e-8302-488a-aa44-40de25da75c4","trial-hexbin","7","hexbin-response","completed","undefined","undefined","undefined","100.00","Identify which region has a larger population.","How much larger is Region A than Region B?","20","undefined","66027","66027","Hexbin"
"d57c873e-8302-488a-aa44-40de25da75c4","trial-hexbin","7","groundTruth","completed","undefined","undefined","undefined","100.00","Identify which region has a larger population.","undefined","25","undefined","66027","66027","Hexbin"
"d57c873e-8302-488a-aa44-40de25da75c4","trial-hexbin","7","windowEvents","undefined","undefined","undefined","undefined","undefined","undefined","undefined","{""focus"":3,""input"":2,""keydown"":2,""keyup"":2,""mousemove"":35,""mousedown"":3,""mouseup"":2,""resize"":0,""scroll"":0,""visibility"":0}","undefined","undefined","undefined","undefined"
"d57c873e-8302-488a-aa44-40de25da75c4","trial-choropleth","8","choropleth-response","completed","undefined","undefined","undefined","100.00","Identify which region has a larger population.","How much larger is State A than State B?","25","undefined","98496","98496","Choropleth"
"d57c873e-8302-488a-aa44-40de25da75c4","trial-choropleth","8","groundTruth","completed","undefined","undefined","undefined","100.00","Identify which region has a larger population.","undefined","30","undefined","98496","98496","Choropleth"
"d57c873e-8302-488a-aa44-40de25da75c4","trial-choropleth","8","windowEvents","undefined","undefined","undefined","undefined","undefined","undefined","undefined","{""focus"":1,""input"":2,""keydown"":6,""keyup"":4,""mousemove"":15,""mousedown"":1,""mouseup"":2,""resize"":0,""scroll"":0,""visibility"":0}","undefined","undefined","undefined","undefined"
"d57c873e-8302-488a-aa44-40de25da75c4","trial-choropleth","9","choropleth-response","completed","undefined","undefined","undefined","100.00","Identify which region has a larger population.","How much larger is State A than State B?","10","undefined","367386","144799","Choropleth"
"d57c873e-8302-488a-aa44-40de25da75c4","trial-choropleth","9","groundTruth","completed","undefined","undefined","undefined","100.00","Identify which region has a larger population.","undefined","5","undefined","367386","144799","Choropleth"
"d57c873e-8302-488a-aa44-40de25da75c4","trial-choropleth","9","windowEvents","undefined","undefined","undefined","undefined","undefined","undefined","undefined","{""focus"":4,""input"":1,""keydown"":5,""keyup"":1,""mousemove"":33,""mousedown"":2,""mouseup"":2,""resize"":0,""scroll"":0,""visibility"":2}","undefined","undefined","undefined","undefined"
"d57c873e-8302-488a-aa44-40de25da75c4","trial-bubble","10","bubble-response","completed","undefined","undefined","undefined","100.00","Identify which city has a larger population.","How much larger is City A than City B?","50","undefined","17980","17980","Bubble"
"d57c873e-8302-488a-aa44-40de25da75c4","trial-bubble","10","groundTruth","completed","undefined","undefined","undefined","100.00","Identify which city has a larger population.","undefined","55","undefined","17980","17980","Bubble"
"d57c873e-8302-488a-aa44-40de25da75c4","trial-bubble","10","windowEvents","undefined","undefined","undefined","undefined","undefined","undefined","undefined","{""focus"":3,""input"":1,""keydown"":1,""keyup"":1,""mousemove"":20,""mousedown"":3,""mouseup"":2,""resize"":0,""scroll"":0,""visibility"":0}","undefined","undefined","undefined","undefined"
"d57c873e-8302-488a-aa44-40de25da75c4","trial-bubble","11","bubble-response","completed","undefined","undefined","undefined","100.00","Identify which city has a larger population.","How much larger is City A than City B?","50","undefined","14395","14395","Bubble"
"d57c873e-8302-488a-aa44-40de25da75c4","trial-bubble","11","groundTruth","completed","undefined","undefined","undefined","100.00","Identify which city has a larger population.","undefined","85","undefined","14395","14395","Bubble"
"d57c873e-8302-488a-aa44-40de25da75c4","trial-bubble","11","windowEvents","undefined","undefined","undefined","undefined","undefined","undefined","undefined","{""focus"":1,""input"":1,""keydown"":1,""keyup"":1,""mousemove"":18,""mousedown"":1,""mouseup"":2,""resize"":0,""scroll"":0,""visibility"":0}","undefined","undefined","undefined","undefined"
"d57c873e-8302-488a-aa44-40de25da75c4","trial-hexbin","12","hexbin-response","completed","undefined","undefined","undefined","100.00","Identify which region has a larger population.","How much larger is Region A than Region B?","70","undefined","16046","16046","Hexbin"
"d57c873e-8302-488a-aa44-40de25da75c4","trial-hexbin","12","groundTruth","completed","undefined","undefined","undefined","100.00","Identify which region has a larger population.","undefined","55","undefined","16046","16046","Hexbin"
"d57c873e-8302-488a-aa44-40de25da75c4","trial-hexbin","12","windowEvents","undefined","undefined","undefined","undefined","undefined","undefined","undefined","{""focus"":2,""input"":1,""keydown"":1,""keyup"":1,""mousemove"":17,""mousedown"":2,""mouseup"":2,""resize"":0,""scroll"":0,""visibility"":0}","undefined","undefined","undefined","undefined"
"d57c873e-8302-488a-aa44-40de25da75c4","trial-spike","13","spike-response","completed","undefined","undefined","undefined","100.00","Identify which city has a larger population.","How much larger is City A than City B?","40","undefined","20109","20109","Spike"
"d57c873e-8302-488a-aa44-40de25da75c4","trial-spike","13","groundTruth","completed","undefined","undefined","undefined","100.00","Identify which city has a larger population.","undefined","40","undefined","20109","20109","Spike"
"d57c873e-8302-488a-aa44-40de25da75c4","trial-spike","13","windowEvents","undefined","undefined","undefined","undefined","undefined","undefined","undefined","{""focus"":2,""input"":2,""keydown"":2,""keyup"":1,""mousemove"":18,""mousedown"":2,""mouseup"":2,""resize"":0,""scroll"":0,""visibility"":0}","undefined","undefined","undefined","undefined"
"d57c873e-8302-488a-aa44-40de25da75c4","trial-spike","14","spike-response","completed","undefined","undefined","undefined","100.00","Identify which city has a larger population.","How much larger is City A than City B?","40","undefined","93580","49117","Spike"
"d57c873e-8302-488a-aa44-40de25da75c4","trial-spike","14","groundTruth","completed","undefined","undefined","undefined","100.00","Identify which city has a larger population.","undefined","25","undefined","93580","49117","Spike"
"d57c873e-8302-488a-aa44-40de25da75c4","trial-spike","14","windowEvents","undefined","undefined","undefined","undefined","undefined","undefined","undefined","{""focus"":6,""input"":2,""keydown"":2,""keyup"":1,""mousemove"":29,""mousedown"":3,""mouseup"":2,""resize"":5,""scroll"":0,""visibility"":4}","undefined","undefined","undefined","undefined"
"d57c873e-8302-488a-aa44-40de25da75c4","trial-bubble","15","bubble-response","completed","undefined","undefined","undefined","100.00","Identify which city has a larger population.","How much larger is City A than City B?","0","undefined","43187","43187","Bubble"
"d57c873e-8302-488a-aa44-40de25da75c4","trial-bubble","15","groundTruth","completed","undefined","undefined","undefined","100.00","Identify which city has a larger population.","undefined","10","undefined","43187","43187","Bubble"
"d57c873e-8302-488a-aa44-40de25da75c4","trial-bubble","15","windowEvents","undefined","undefined","undefined","undefined","undefined","undefined","undefined","{""focus"":2,""input"":1,""keydown"":1,""keyup"":1,""mousemove"":20,""mousedown"":1,""mouseup"":2,""resize"":0,""scroll"":0,""visibility"":0}","undefined","undefined","undefined","undefined"
"d57c873e-8302-488a-aa44-40de25da75c4","trial-choropleth","16","choropleth-response","completed","undefined","undefined","undefined","100.00","Identify which region has a larger population.","How much larger is State A than State B?","50","undefined","12941","12941","Choropleth"
"d57c873e-8302-488a-aa44-40de25da75c4","trial-choropleth","16","groundTruth","completed","undefined","undefined","undefined","100.00","Identify which region has a larger population.","undefined","40","undefined","12941","12941","Choropleth"
"d57c873e-8302-488a-aa44-40de25da75c4","trial-choropleth","16","windowEvents","undefined","undefined","undefined","undefined","undefined","undefined","undefined","{""focus"":2,""input"":2,""keydown"":2,""keyup"":2,""mousemove"":14,""mousedown"":2,""mouseup"":2,""resize"":0,""scroll"":0,""visibility"":0}","undefined","undefined","undefined","undefined"
"d57c873e-8302-488a-aa44-40de25da75c4","trial-choropleth","17","choropleth-response","completed","undefined","undefined","undefined","100.00","Identify which region has a larger population.","How much larger is State A than State B?","25","undefined","31764","31764","Choropleth"
"d57c873e-8302-488a-aa44-40de25da75c4","trial-choropleth","17","groundTruth","completed","undefined","undefined","undefined","100.00","Identify which region has a larger population.","undefined","20","undefined","31764","31764","Choropleth"
"d57c873e-8302-488a-aa44-40de25da75c4","trial-choropleth","17","windowEvents","undefined","undefined","undefined","undefined","undefined","undefined","undefined","{""focus"":2,""input"":2,""keydown"":2,""keyup"":2,""mousemove"":12,""mousedown"":2,""mouseup"":2,""resize"":0,""scroll"":0,""visibility"":0}","undefined","undefined","undefined","undefined"
"d57c873e-8302-488a-aa44-40de25da75c4","trial-bubble","18","bubble-response","completed","undefined","undefined","undefined","100.00","Identify which city has a larger population.","How much larger is City A than City B?","25","undefined","45531","45531","Bubble"
"d57c873e-8302-488a-aa44-40de25da75c4","trial-bubble","18","groundTruth","completed","undefined","undefined","undefined","100.00","Identify which city has a larger population.","undefined","20","undefined","45531","45531","Bubble"
"d57c873e-8302-488a-aa44-40de25da75c4","trial-bubble","18","windowEvents","undefined","undefined","undefined","undefined","undefined","undefined","undefined","{""focus"":4,""input"":2,""keydown"":2,""keyup"":2,""mousemove"":15,""mousedown"":3,""mouseup"":2,""resize"":0,""scroll"":0,""visibility"":0}","undefined","undefined","undefined","undefined"
"d57c873e-8302-488a-aa44-40de25da75c4","trial-spike","19","spike-response","completed","undefined","undefined","undefined","100.00","Identify which city has a larger population.","How much larger is City A than City B?","40","undefined","43834","43834","Spike"
"d57c873e-8302-488a-aa44-40de25da75c4","trial-spike","19","groundTruth","completed","undefined","undefined","undefined","100.00","Identify which city has a larger population.","undefined","30","undefined","43834","43834","Spike"
"d57c873e-8302-488a-aa44-40de25da75c4","trial-spike","19","windowEvents","undefined","undefined","undefined","undefined","undefined","undefined","undefined","{""focus"":2,""input"":2,""keydown"":2,""keyup"":2,""mousemove"":16,""mousedown"":1,""mouseup"":2,""resize"":0,""scroll"":0,""visibility"":0}","undefined","undefined","undefined","undefined"
"d57c873e-8302-488a-aa44-40de25da75c4","trial-hexbin","20","hexbin-response","completed","undefined","undefined","undefined","100.00","Identify which region has a larger population.","How much larger is Region A than Region B?","50","undefined","67989","67989","Hexbin"
"d57c873e-8302-488a-aa44-40de25da75c4","trial-hexbin","20","groundTruth","completed","undefined","undefined","undefined","100.00","Identify which region has a larger population.","undefined","5","undefined","67989","67989","Hexbin"
"d57c873e-8302-488a-aa44-40de25da75c4","trial-hexbin","20","windowEvents","undefined","undefined","undefined","undefined","undefined","undefined","undefined","{""focus"":2,""input"":2,""keydown"":2,""keyup"":2,""mousemove"":13,""mousedown"":2,""mouseup"":2,""resize"":0,""scroll"":0,""visibility"":0}","undefined","undefined","undefined","undefined"
"e47e5514-2da4-4379-bc83-09936a6af738","participantTags","null","participantTags","undefined","undefined","undefined","undefined","undefined","undefined","undefined","[]","undefined","undefined","undefined","undefined"
"e7c7c3b9-f34b-49a3-b177-d0e8aea7b5d1","participantTags","null","participantTags","undefined","undefined","undefined","undefined","undefined","undefined","undefined","[]","undefined","undefined","undefined","undefined"
"e7c7c3b9-f34b-49a3-b177-d0e8aea7b5d1","introduction","0","","rejected","Rejected by admin","undefined","2026-02-20T00:49:06.841Z","4.76","undefined","undefined","undefined","undefined","14878","14878","undefined"
"e7c7c3b9-f34b-49a3-b177-d0e8aea7b5d1","introduction","0","windowEvents","undefined","undefined","undefined","undefined","undefined","undefined","undefined","{""focus"":1,""input"":0,""keydown"":0,""keyup"":0,""mousemove"":4,""mousedown"":4,""mouseup"":4,""resize"":1,""scroll"":12,""visibility"":0}","undefined","undefined","undefined","undefined"
"e7c7c3b9-f34b-49a3-b177-d0e8aea7b5d1","trial-choropleth","1","","rejected","Rejected by admin","undefined","2026-02-20T00:49:06.841Z","4.76","Identify which region has a larger population.","undefined","undefined","undefined","undefined","undefined","Choropleth"
"e7c7c3b9-f34b-49a3-b177-d0e8aea7b5d1","trial-choropleth","1","windowEvents","undefined","undefined","undefined","undefined","undefined","undefined","undefined","{""focus"":0,""input"":0,""keydown"":0,""keyup"":0,""mousemove"":0,""mousedown"":0,""mouseup"":0,""resize"":0,""scroll"":0,""visibility"":0}","undefined","undefined","undefined","undefined"
"e7c7c3b9-f34b-49a3-b177-d0e8aea7b5d1","trial-choropleth","2","","rejected","Rejected by admin","undefined","2026-02-20T00:49:06.841Z","4.76","Identify which region has a larger population.","undefined","undefined","undefined","undefined","undefined","Choropleth"
"e7c7c3b9-f34b-49a3-b177-d0e8aea7b5d1","trial-choropleth","2","windowEvents","undefined","undefined","undefined","undefined","undefined","undefined","undefined","{""focus"":0,""input"":0,""keydown"":0,""keyup"":0,""mousemove"":0,""mousedown"":0,""mouseup"":0,""resize"":0,""scroll"":0,""visibility"":0}","undefined","undefined","undefined","undefined"
"e7c7c3b9-f34b-49a3-b177-d0e8aea7b5d1","trial-hexbin","3","","rejected","Rejected by admin","undefined","2026-02-20T00:49:06.841Z","4.76","Identify which region has a larger population.","undefined","undefined","undefined","undefined","undefined","Hexbin"
"e7c7c3b9-f34b-49a3-b177-d0e8aea7b5d1","trial-hexbin","3","windowEvents","undefined","undefined","undefined","undefined","undefined","undefined","undefined","{""focus"":0,""input"":0,""keydown"":0,""keyup"":0,""mousemove"":0,""mousedown"":0,""mouseup"":0,""resize"":0,""scroll"":0,""visibility"":0}","undefined","undefined","undefined","undefined"
"e7c7c3b9-f34b-49a3-b177-d0e8aea7b5d1","trial-hexbin","4","","rejected","Rejected by admin","undefined","2026-02-20T00:49:06.841Z","4.76","Identify which region has a larger population.","undefined","undefined","undefined","undefined","undefined","Hexbin"
"e7c7c3b9-f34b-49a3-b177-d0e8aea7b5d1","trial-hexbin","4","windowEvents","undefined","undefined","undefined","undefined","undefined","undefined","undefined","{""focus"":0,""input"":0,""keydown"":0,""keyup"":0,""mousemove"":0,""mousedown"":0,""mouseup"":0,""resize"":0,""scroll"":0,""visibility"":0}","undefined","undefined","undefined","undefined"
"e7c7c3b9-f34b-49a3-b177-d0e8aea7b5d1","trial-bubble","5","","rejected","Rejected by admin","undefined","2026-02-20T00:49:06.841Z","4.76","Identify which city has a larger population.","undefined","undefined","undefined","undefined","undefined","Bubble"
"e7c7c3b9-f34b-49a3-b177-d0e8aea7b5d1","trial-bubble","5","windowEvents","undefined","undefined","undefined","undefined","undefined","undefined","undefined","{""focus"":0,""input"":0,""keydown"":0,""keyup"":0,""mousemove"":0,""mousedown"":0,""mouseup"":0,""resize"":0,""scroll"":0,""visibility"":0}","undefined","undefined","undefined","undefined"
"e7c7c3b9-f34b-49a3-b177-d0e8aea7b5d1","trial-bubble","6","","rejected","Rejected by admin","undefined","2026-02-20T00:49:06.841Z","4.76","Identify which city has a larger population.","undefined","undefined","undefined","undefined","undefined","Bubble"
"e7c7c3b9-f34b-49a3-b177-d0e8aea7b5d1","trial-bubble","6","windowEvents","undefined","undefined","undefined","undefined","undefined","undefined","undefined","{""focus"":0,""input"":0,""keydown"":0,""keyup"":0,""mousemove"":0,""mousedown"":0,""mouseup"":0,""resize"":0,""scroll"":0,""visibility"":0}","undefined","undefined","undefined","undefined"
"e7c7c3b9-f34b-49a3-b177-d0e8aea7b5d1","trial-spike","7","","rejected","Rejected by admin","undefined","2026-02-20T00:49:06.841Z","4.76","Identify which city has a larger population.","undefined","undefined","undefined","undefined","undefined","Spike"
"e7c7c3b9-f34b-49a3-b177-d0e8aea7b5d1","trial-spike","7","windowEvents","undefined","undefined","undefined","undefined","undefined","undefined","undefined","{""focus"":0,""input"":0,""keydown"":0,""keyup"":0,""mousemove"":0,""mousedown"":0,""mouseup"":0,""resize"":0,""scroll"":0,""visibility"":0}","undefined","undefined","undefined","undefined"
"e7c7c3b9-f34b-49a3-b177-d0e8aea7b5d1","trial-choropleth","8","","rejected","Rejected by admin","undefined","2026-02-20T00:49:06.841Z","4.76","Identify which region has a larger population.","undefined","undefined","undefined","undefined","undefined","Choropleth"
"e7c7c3b9-f34b-49a3-b177-d0e8aea7b5d1","trial-choropleth","8","windowEvents","undefined","undefined","undefined","undefined","undefined","undefined","undefined","{""focus"":0,""input"":0,""keydown"":0,""keyup"":0,""mousemove"":0,""mousedown"":0,""mouseup"":0,""resize"":0,""scroll"":0,""visibility"":0}","undefined","undefined","undefined","undefined"
"e7c7c3b9-f34b-49a3-b177-d0e8aea7b5d1","trial-choropleth","9","","rejected","Rejected by admin","undefined","2026-02-20T00:49:06.841Z","4.76","Identify which region has a larger population.","undefined","undefined","undefined","undefined","undefined","Choropleth"
"e7c7c3b9-f34b-49a3-b177-d0e8aea7b5d1","trial-choropleth","9","windowEvents","undefined","undefined","undefined","undefined","undefined","undefined","undefined","{""focus"":0,""input"":0,""keydown"":0,""keyup"":0,""mousemove"":0,""mousedown"":0,""mouseup"":0,""resize"":0,""scroll"":0,""visibility"":0}","undefined","undefined","undefined","undefined"
"e7c7c3b9-f34b-49a3-b177-d0e8aea7b5d1","trial-spike","10","","rejected","Rejected by admin","undefined","2026-02-20T00:49:06.841Z","4.76","Identify which city has a larger population.","undefined","undefined","undefined","undefined","undefined","Spike"
"e7c7c3b9-f34b-49a3-b177-d0e8aea7b5d1","trial-spike","10","windowEvents","undefined","undefined","undefined","undefined","undefined","undefined","undefined","{""focus"":0,""input"":0,""keydown"":0,""keyup"":0,""mousemove"":0,""mousedown"":0,""mouseup"":0,""resize"":0,""scroll"":0,""visibility"":0}","undefined","undefined","undefined","undefined"
"e7c7c3b9-f34b-49a3-b177-d0e8aea7b5d1","trial-spike","11","","rejected","Rejected by admin","undefined","2026-02-20T00:49:06.841Z","4.76","Identify which city has a larger population.","undefined","undefined","undefined","undefined","undefined","Spike"
"e7c7c3b9-f34b-49a3-b177-d0e8aea7b5d1","trial-spike","11","windowEvents","undefined","undefined","undefined","undefined","undefined","undefined","undefined","{""focus"":0,""input"":0,""keydown"":0,""keyup"":0,""mousemove"":0,""mousedown"":0,""mouseup"":0,""resize"":0,""scroll"":0,""visibility"":0}","undefined","undefined","undefined","undefined"
"e7c7c3b9-f34b-49a3-b177-d0e8aea7b5d1","trial-choropleth","12","","rejected","Rejected by admin","undefined","2026-02-20T00:49:06.841Z","4.76","Identify which region has a larger population.","undefined","undefined","undefined","undefined","undefined","Choropleth"
"e7c7c3b9-f34b-49a3-b177-d0e8aea7b5d1","trial-choropleth","12","windowEvents","undefined","undefined","undefined","undefined","undefined","undefined","undefined","{""focus"":0,""input"":0,""keydown"":0,""keyup"":0,""mousemove"":0,""mousedown"":0,""mouseup"":0,""resize"":0,""scroll"":0,""visibility"":0}","undefined","undefined","undefined","undefined"
"e7c7c3b9-f34b-49a3-b177-d0e8aea7b5d1","trial-spike","13","","rejected","Rejected by admin","undefined","2026-02-20T00:49:06.841Z","4.76","Identify which city has a larger population.","undefined","undefined","undefined","undefined","undefined","Spike"
"e7c7c3b9-f34b-49a3-b177-d0e8aea7b5d1","trial-spike","13","windowEvents","undefined","undefined","undefined","undefined","undefined","undefined","undefined","{""focus"":0,""input"":0,""keydown"":0,""keyup"":0,""mousemove"":0,""mousedown"":0,""mouseup"":0,""resize"":0,""scroll"":0,""visibility"":0}","undefined","undefined","undefined","undefined"
"e7c7c3b9-f34b-49a3-b177-d0e8aea7b5d1","trial-bubble","14","","rejected","Rejected by admin","undefined","2026-02-20T00:49:06.841Z","4.76","Identify which city has a larger population.","undefined","undefined","undefined","undefined","undefined","Bubble"
"e7c7c3b9-f34b-49a3-b177-d0e8aea7b5d1","trial-bubble","14","windowEvents","undefined","undefined","undefined","undefined","undefined","undefined","undefined","{""focus"":0,""input"":0,""keydown"":0,""keyup"":0,""mousemove"":0,""mousedown"":0,""mouseup"":0,""resize"":0,""scroll"":0,""visibility"":0}","undefined","undefined","undefined","undefined"
"e7c7c3b9-f34b-49a3-b177-d0e8aea7b5d1","trial-bubble","15","","rejected","Rejected by admin","undefined","2026-02-20T00:49:06.841Z","4.76","Identify which city has a larger population.","undefined","undefined","undefined","undefined","undefined","Bubble"
"e7c7c3b9-f34b-49a3-b177-d0e8aea7b5d1","trial-bubble","15","windowEvents","undefined","undefined","undefined","undefined","undefined","undefined","undefined","{""focus"":0,""input"":0,""keydown"":0,""keyup"":0,""mousemove"":0,""mousedown"":0,""mouseup"":0,""resize"":0,""scroll"":0,""visibility"":0}","undefined","undefined","undefined","undefined"
"e7c7c3b9-f34b-49a3-b177-d0e8aea7b5d1","trial-bubble","16","","rejected","Rejected by admin","undefined","2026-02-20T00:49:06.841Z","4.76","Identify which city has a larger population.","undefined","undefined","undefined","undefined","undefined","Bubble"
"e7c7c3b9-f34b-49a3-b177-d0e8aea7b5d1","trial-bubble","16","windowEvents","undefined","undefined","undefined","undefined","undefined","undefined","undefined","{""focus"":0,""input"":0,""keydown"":0,""keyup"":0,""mousemove"":0,""mousedown"":0,""mouseup"":0,""resize"":0,""scroll"":0,""visibility"":0}","undefined","undefined","undefined","undefined"
"e7c7c3b9-f34b-49a3-b177-d0e8aea7b5d1","trial-hexbin","17","","rejected","Rejected by admin","undefined","2026-02-20T00:49:06.841Z","4.76","Identify which region has a larger population.","undefined","undefined","undefined","undefined","undefined","Hexbin"
"e7c7c3b9-f34b-49a3-b177-d0e8aea7b5d1","trial-hexbin","17","windowEvents","undefined","undefined","undefined","undefined","undefined","undefined","undefined","{""focus"":0,""input"":0,""keydown"":0,""keyup"":0,""mousemove"":0,""mousedown"":0,""mouseup"":0,""resize"":0,""scroll"":0,""visibility"":0}","undefined","undefined","undefined","undefined"
"e7c7c3b9-f34b-49a3-b177-d0e8aea7b5d1","trial-hexbin","18","","rejected","Rejected by admin","undefined","2026-02-20T00:49:06.841Z","4.76","Identify which region has a larger population.","undefined","undefined","undefined","undefined","undefined","Hexbin"
"e7c7c3b9-f34b-49a3-b177-d0e8aea7b5d1","trial-hexbin","18","windowEvents","undefined","undefined","undefined","undefined","undefined","undefined","undefined","{""focus"":0,""input"":0,""keydown"":0,""keyup"":0,""mousemove"":0,""mousedown"":0,""mouseup"":0,""resize"":0,""scroll"":0,""visibility"":0}","undefined","undefined","undefined","undefined"
"e7c7c3b9-f34b-49a3-b177-d0e8aea7b5d1","trial-spike","19","","rejected","Rejected by admin","undefined","2026-02-20T00:49:06.841Z","4.76","Identify which city has a larger population.","undefined","undefined","undefined","undefined","undefined","Spike"
"e7c7c3b9-f34b-49a3-b177-d0e8aea7b5d1","trial-spike","19","windowEvents","undefined","undefined","undefined","undefined","undefined","undefined","undefined","{""focus"":0,""input"":0,""keydown"":0,""keyup"":0,""mousemove"":0,""mousedown"":0,""mouseup"":0,""resize"":0,""scroll"":0,""visibility"":0}","undefined","undefined","undefined","undefined"
"e7c7c3b9-f34b-49a3-b177-d0e8aea7b5d1","trial-hexbin","20","","rejected","Rejected by admin","undefined","2026-02-20T00:49:06.841Z","4.76","Identify which region has a larger population.","undefined","undefined","undefined","undefined","undefined","Hexbin"
"e7c7c3b9-f34b-49a3-b177-d0e8aea7b5d1","trial-hexbin","20","windowEvents","undefined","undefined","undefined","undefined","undefined","undefined","undefined","{""focus"":0,""input"":0,""keydown"":0,""keyup"":0,""mousemove"":0,""mousedown"":0,""mouseup"":0,""resize"":0,""scroll"":0,""visibility"":0}","undefined","undefined","undefined","undefined"
"e939cf3b-7b97-43c5-b6ed-fbdb71063c12","participantTags","null","participantTags","undefined","undefined","undefined","undefined","undefined","undefined","undefined","[]","undefined","undefined","undefined","undefined"
"e939cf3b-7b97-43c5-b6ed-fbdb71063c12","introduction","0","","completed","undefined","undefined","undefined","100.00","undefined","undefined","undefined","undefined","41687","41687","undefined"
"e939cf3b-7b97-43c5-b6ed-fbdb71063c12","introduction","0","windowEvents","undefined","undefined","undefined","undefined","undefined","undefined","undefined","{""focus"":2,""input"":0,""keydown"":0,""keyup"":0,""mousemove"":64,""mousedown"":1,""mouseup"":0,""resize"":0,""scroll"":0,""visibility"":0}","undefined","undefined","undefined","undefined"
"e939cf3b-7b97-43c5-b6ed-fbdb71063c12","trial-hexbin","1","hexbin-response","completed","undefined","undefined","undefined","100.00","Identify which region has a larger population.","How much larger is Region A than Region B?","15","undefined","55077","55077","Hexbin"
"e939cf3b-7b97-43c5-b6ed-fbdb71063c12","trial-hexbin","1","groundTruth","completed","undefined","undefined","undefined","100.00","Identify which region has a larger population.","undefined","15","undefined","55077","55077","Hexbin"
"e939cf3b-7b97-43c5-b6ed-fbdb71063c12","trial-hexbin","1","windowEvents","undefined","undefined","undefined","undefined","undefined","undefined","undefined","{""focus"":3,""input"":2,""keydown"":2,""keyup"":2,""mousemove"":39,""mousedown"":6,""mouseup"":6,""resize"":0,""scroll"":0,""visibility"":0}","undefined","undefined","undefined","undefined"
"e939cf3b-7b97-43c5-b6ed-fbdb71063c12","trial-bubble","2","bubble-response","completed","undefined","undefined","undefined","100.00","Identify which city has a larger population.","How much larger is City A than City B?","50","undefined","13797","13797","Bubble"
"e939cf3b-7b97-43c5-b6ed-fbdb71063c12","trial-bubble","2","groundTruth","completed","undefined","undefined","undefined","100.00","Identify which city has a larger population.","undefined","45","undefined","13797","13797","Bubble"
"e939cf3b-7b97-43c5-b6ed-fbdb71063c12","trial-bubble","2","windowEvents","undefined","undefined","undefined","undefined","undefined","undefined","undefined","{""focus"":2,""input"":3,""keydown"":3,""keyup"":2,""mousemove"":24,""mousedown"":2,""mouseup"":2,""resize"":0,""scroll"":0,""visibility"":0}","undefined","undefined","undefined","undefined"
"e939cf3b-7b97-43c5-b6ed-fbdb71063c12","trial-choropleth","3","choropleth-response","completed","undefined","undefined","undefined","100.00","Identify which region has a larger population.","How much larger is State A than State B?","25","undefined","19267","19267","Choropleth"
"e939cf3b-7b97-43c5-b6ed-fbdb71063c12","trial-choropleth","3","groundTruth","completed","undefined","undefined","undefined","100.00","Identify which region has a larger population.","undefined","20","undefined","19267","19267","Choropleth"
"e939cf3b-7b97-43c5-b6ed-fbdb71063c12","trial-choropleth","3","windowEvents","undefined","undefined","undefined","undefined","undefined","undefined","undefined","{""focus"":2,""input"":1,""keydown"":1,""keyup"":1,""mousemove"":15,""mousedown"":2,""mouseup"":2,""resize"":0,""scroll"":0,""visibility"":0}","undefined","undefined","undefined","undefined"
"e939cf3b-7b97-43c5-b6ed-fbdb71063c12","trial-spike","4","spike-response","completed","undefined","undefined","undefined","100.00","Identify which city has a larger population.","How much larger is City A than City B?","60","undefined","19012","19012","Spike"
"e939cf3b-7b97-43c5-b6ed-fbdb71063c12","trial-spike","4","groundTruth","completed","undefined","undefined","undefined","100.00","Identify which city has a larger population.","undefined","75","undefined","19012","19012","Spike"
"e939cf3b-7b97-43c5-b6ed-fbdb71063c12","trial-spike","4","windowEvents","undefined","undefined","undefined","undefined","undefined","undefined","undefined","{""focus"":2,""input"":2,""keydown"":2,""keyup"":2,""mousemove"":21,""mousedown"":2,""mouseup"":2,""resize"":0,""scroll"":0,""visibility"":0}","undefined","undefined","undefined","undefined"
"e939cf3b-7b97-43c5-b6ed-fbdb71063c12","trial-spike","5","spike-response","completed","undefined","undefined","undefined","100.00","Identify which city has a larger population.","How much larger is City A than City B?","40","undefined","10826","10826","Spike"
"e939cf3b-7b97-43c5-b6ed-fbdb71063c12","trial-spike","5","groundTruth","completed","undefined","undefined","undefined","100.00","Identify which city has a larger population.","undefined","40","undefined","10826","10826","Spike"
"e939cf3b-7b97-43c5-b6ed-fbdb71063c12","trial-spike","5","windowEvents","undefined","undefined","undefined","undefined","undefined","undefined","undefined","{""focus"":2,""input"":2,""keydown"":2,""keyup"":2,""mousemove"":17,""mousedown"":3,""mouseup"":3,""resize"":0,""scroll"":0,""visibility"":0}","undefined","undefined","undefined","undefined"
"e939cf3b-7b97-43c5-b6ed-fbdb71063c12","trial-bubble","6","bubble-response","completed","undefined","undefined","undefined","100.00","Identify which city has a larger population.","How much larger is City A than City B?","0","undefined","6612","6612","Bubble"
"e939cf3b-7b97-43c5-b6ed-fbdb71063c12","trial-bubble","6","groundTruth","completed","undefined","undefined","undefined","100.00","Identify which city has a larger population.","undefined","10","undefined","6612","6612","Bubble"
"e939cf3b-7b97-43c5-b6ed-fbdb71063c12","trial-bubble","6","windowEvents","undefined","undefined","undefined","undefined","undefined","undefined","undefined","{""focus"":2,""input"":1,""keydown"":1,""keyup"":1,""mousemove"":13,""mousedown"":2,""mouseup"":2,""resize"":0,""scroll"":0,""visibility"":0}","undefined","undefined","undefined","undefined"
"e939cf3b-7b97-43c5-b6ed-fbdb71063c12","trial-spike","7","spike-response","completed","undefined","undefined","undefined","100.00","Identify which city has a larger population.","How much larger is City A than City B?","20","undefined","6451","6451","Spike"
"e939cf3b-7b97-43c5-b6ed-fbdb71063c12","trial-spike","7","groundTruth","completed","undefined","undefined","undefined","100.00","Identify which city has a larger population.","undefined","55","undefined","6451","6451","Spike"
"e939cf3b-7b97-43c5-b6ed-fbdb71063c12","trial-spike","7","windowEvents","undefined","undefined","undefined","undefined","undefined","undefined","undefined","{""focus"":2,""input"":4,""keydown"":4,""keyup"":3,""mousemove"":16,""mousedown"":3,""mouseup"":3,""resize"":0,""scroll"":0,""visibility"":0}","undefined","undefined","undefined","undefined"
"e939cf3b-7b97-43c5-b6ed-fbdb71063c12","trial-spike","8","spike-response","completed","undefined","undefined","undefined","100.00","Identify which city has a larger population.","How much larger is City A than City B?","0","undefined","8663","8663","Spike"
"e939cf3b-7b97-43c5-b6ed-fbdb71063c12","trial-spike","8","groundTruth","completed","undefined","undefined","undefined","100.00","Identify which city has a larger population.","undefined","0","undefined","8663","8663","Spike"
"e939cf3b-7b97-43c5-b6ed-fbdb71063c12","trial-spike","8","windowEvents","undefined","undefined","undefined","undefined","undefined","undefined","undefined","{""focus"":2,""input"":1,""keydown"":1,""keyup"":1,""mousemove"":25,""mousedown"":3,""mouseup"":3,""resize"":0,""scroll"":0,""visibility"":0}","undefined","undefined","undefined","undefined"
"e939cf3b-7b97-43c5-b6ed-fbdb71063c12","trial-bubble","9","bubble-response","completed","undefined","undefined","undefined","100.00","Identify which city has a larger population.","How much larger is City A than City B?","20","undefined","37691","37691","Bubble"
"e939cf3b-7b97-43c5-b6ed-fbdb71063c12","trial-bubble","9","groundTruth","completed","undefined","undefined","undefined","100.00","Identify which city has a larger population.","undefined","35","undefined","37691","37691","Bubble"
"e939cf3b-7b97-43c5-b6ed-fbdb71063c12","trial-bubble","9","windowEvents","undefined","undefined","undefined","undefined","undefined","undefined","undefined","{""focus"":3,""input"":5,""keydown"":6,""keyup"":5,""mousemove"":32,""mousedown"":6,""mouseup"":6,""resize"":0,""scroll"":0,""visibility"":0}","undefined","undefined","undefined","undefined"
"e939cf3b-7b97-43c5-b6ed-fbdb71063c12","trial-bubble","10","bubble-response","completed","undefined","undefined","undefined","100.00","Identify which city has a larger population.","How much larger is City A than City B?","10","undefined","9554","9554","Bubble"
"e939cf3b-7b97-43c5-b6ed-fbdb71063c12","trial-bubble","10","groundTruth","completed","undefined","undefined","undefined","100.00","Identify which city has a larger population.","undefined","10","undefined","9554","9554","Bubble"
"e939cf3b-7b97-43c5-b6ed-fbdb71063c12","trial-bubble","10","windowEvents","undefined","undefined","undefined","undefined","undefined","undefined","undefined","{""focus"":2,""input"":2,""keydown"":3,""keyup"":3,""mousemove"":16,""mousedown"":3,""mouseup"":3,""resize"":0,""scroll"":0,""visibility"":0}","undefined","undefined","undefined","undefined"
"e939cf3b-7b97-43c5-b6ed-fbdb71063c12","trial-spike","11","spike-response","completed","undefined","undefined","undefined","100.00","Identify which city has a larger population.","How much larger is City A than City B?","80","undefined","25578","25578","Spike"
"e939cf3b-7b97-43c5-b6ed-fbdb71063c12","trial-spike","11","groundTruth","completed","undefined","undefined","undefined","100.00","Identify which city has a larger population.","undefined","55","undefined","25578","25578","Spike"
"e939cf3b-7b97-43c5-b6ed-fbdb71063c12","trial-spike","11","windowEvents","undefined","undefined","undefined","undefined","undefined","undefined","undefined","{""focus"":2,""input"":2,""keydown"":3,""keyup"":3,""mousemove"":39,""mousedown"":4,""mouseup"":4,""resize"":0,""scroll"":0,""visibility"":0}","undefined","undefined","undefined","undefined"
"e939cf3b-7b97-43c5-b6ed-fbdb71063c12","trial-hexbin","12","hexbin-response","completed","undefined","undefined","undefined","100.00","Identify which region has a larger population.","How much larger is Region A than Region B?","20","undefined","22668","22668","Hexbin"
"e939cf3b-7b97-43c5-b6ed-fbdb71063c12","trial-hexbin","12","groundTruth","completed","undefined","undefined","undefined","100.00","Identify which region has a larger population.","undefined","15","undefined","22668","22668","Hexbin"
"e939cf3b-7b97-43c5-b6ed-fbdb71063c12","trial-hexbin","12","windowEvents","undefined","undefined","undefined","undefined","undefined","undefined","undefined","{""focus"":3,""input"":2,""keydown"":4,""keyup"":3,""mousemove"":10,""mousedown"":2,""mouseup"":2,""resize"":0,""scroll"":0,""visibility"":0}","undefined","undefined","undefined","undefined"
"e939cf3b-7b97-43c5-b6ed-fbdb71063c12","trial-hexbin","13","hexbin-response","completed","undefined","undefined","undefined","100.00","Identify which region has a larger population.","How much larger is Region A than Region B?","40","undefined","11587","11587","Hexbin"
"e939cf3b-7b97-43c5-b6ed-fbdb71063c12","trial-hexbin","13","groundTruth","completed","undefined","undefined","undefined","100.00","Identify which region has a larger population.","undefined","25","undefined","11587","11587","Hexbin"
"e939cf3b-7b97-43c5-b6ed-fbdb71063c12","trial-hexbin","13","windowEvents","undefined","undefined","undefined","undefined","undefined","undefined","undefined","{""focus"":2,""input"":2,""keydown"":3,""keyup"":3,""mousemove"":21,""mousedown"":2,""mouseup"":2,""resize"":0,""scroll"":0,""visibility"":0}","undefined","undefined","undefined","undefined"
"e939cf3b-7b97-43c5-b6ed-fbdb71063c12","trial-choropleth","14","choropleth-response","completed","undefined","undefined","undefined","100.00","Identify which region has a larger population.","How much larger is State A than State B?","75","undefined","8555","8555","Choropleth"
"e939cf3b-7b97-43c5-b6ed-fbdb71063c12","trial-choropleth","14","groundTruth","completed","undefined","undefined","undefined","100.00","Identify which region has a larger population.","undefined","80","undefined","8555","8555","Choropleth"
"e939cf3b-7b97-43c5-b6ed-fbdb71063c12","trial-choropleth","14","windowEvents","undefined","undefined","undefined","undefined","undefined","undefined","undefined","{""focus"":2,""input"":2,""keydown"":2,""keyup"":2,""mousemove"":15,""mousedown"":4,""mouseup"":4,""resize"":0,""scroll"":0,""visibility"":0}","undefined","undefined","undefined","undefined"
"e939cf3b-7b97-43c5-b6ed-fbdb71063c12","trial-bubble","15","bubble-response","completed","undefined","undefined","undefined","100.00","Identify which city has a larger population.","How much larger is City A than City B?","10","undefined","13634","13634","Bubble"
"e939cf3b-7b97-43c5-b6ed-fbdb71063c12","trial-bubble","15","groundTruth","completed","undefined","undefined","undefined","100.00","Identify which city has a larger population.","undefined","25","undefined","13634","13634","Bubble"
"e939cf3b-7b97-43c5-b6ed-fbdb71063c12","trial-bubble","15","windowEvents","undefined","undefined","undefined","undefined","undefined","undefined","undefined","{""focus"":3,""input"":2,""keydown"":3,""keyup"":3,""mousemove"":23,""mousedown"":5,""mouseup"":6,""resize"":0,""scroll"":0,""visibility"":0}","undefined","undefined","undefined","undefined"
"e939cf3b-7b97-43c5-b6ed-fbdb71063c12","trial-choropleth","16","choropleth-response","completed","undefined","undefined","undefined","100.00","Identify which region has a larger population.","How much larger is State A than State B?","25","undefined","11035","11035","Choropleth"
"e939cf3b-7b97-43c5-b6ed-fbdb71063c12","trial-choropleth","16","groundTruth","completed","undefined","undefined","undefined","100.00","Identify which region has a larger population.","undefined","35","undefined","11035","11035","Choropleth"
"e939cf3b-7b97-43c5-b6ed-fbdb71063c12","trial-choropleth","16","windowEvents","undefined","undefined","undefined","undefined","undefined","undefined","undefined","{""focus"":3,""input"":2,""keydown"":2,""keyup"":2,""mousemove"":25,""mousedown"":3,""mouseup"":2,""resize"":0,""scroll"":0,""visibility"":0}","undefined","undefined","undefined","undefined"
"e939cf3b-7b97-43c5-b6ed-fbdb71063c12","trial-choropleth","17","choropleth-response","completed","undefined","undefined","undefined","100.00","Identify which region has a larger population.","How much larger is State A than State B?","50","undefined","6979","6979","Choropleth"
"e939cf3b-7b97-43c5-b6ed-fbdb71063c12","trial-choropleth","17","groundTruth","completed","undefined","undefined","undefined","100.00","Identify which region has a larger population.","undefined","50","undefined","6979","6979","Choropleth"
"e939cf3b-7b97-43c5-b6ed-fbdb71063c12","trial-choropleth","17","windowEvents","undefined","undefined","undefined","undefined","undefined","undefined","undefined","{""focus"":2,""input"":2,""keydown"":3,""keyup"":3,""mousemove"":28,""mousedown"":2,""mouseup"":2,""resize"":0,""scroll"":0,""visibility"":0}","undefined","undefined","undefined","undefined"
"e939cf3b-7b97-43c5-b6ed-fbdb71063c12","trial-hexbin","18","hexbin-response","completed","undefined","undefined","undefined","100.00","Identify which region has a larger population.","How much larger is Region A than Region B?","35","undefined","17062","17062","Hexbin"
"e939cf3b-7b97-43c5-b6ed-fbdb71063c12","trial-hexbin","18","groundTruth","completed","undefined","undefined","undefined","100.00","Identify which region has a larger population.","undefined","40","undefined","17062","17062","Hexbin"
"e939cf3b-7b97-43c5-b6ed-fbdb71063c12","trial-hexbin","18","windowEvents","undefined","undefined","undefined","undefined","undefined","undefined","undefined","{""focus"":2,""input"":3,""keydown"":3,""keyup"":3,""mousemove"":16,""mousedown"":2,""mouseup"":2,""resize"":0,""scroll"":0,""visibility"":0}","undefined","undefined","undefined","undefined"
"e939cf3b-7b97-43c5-b6ed-fbdb71063c12","trial-hexbin","19","hexbin-response","completed","undefined","undefined","undefined","100.00","Identify which region has a larger population.","How much larger is Region A than Region B?","40","undefined","11702","11702","Hexbin"
"e939cf3b-7b97-43c5-b6ed-fbdb71063c12","trial-hexbin","19","groundTruth","completed","undefined","undefined","undefined","100.00","Identify which region has a larger population.","undefined","45","undefined","11702","11702","Hexbin"
"e939cf3b-7b97-43c5-b6ed-fbdb71063c12","trial-hexbin","19","windowEvents","undefined","undefined","undefined","undefined","undefined","undefined","undefined","{""focus"":2,""input"":6,""keydown"":6,""keyup"":6,""mousemove"":27,""mousedown"":2,""mouseup"":2,""resize"":0,""scroll"":0,""visibility"":0}","undefined","undefined","undefined","undefined"
"e939cf3b-7b97-43c5-b6ed-fbdb71063c12","trial-choropleth","20","choropleth-response","completed","undefined","undefined","undefined","100.00","Identify which region has a larger population.","How much larger is State A than State B?","20","undefined","11576","11576","Choropleth"
"e939cf3b-7b97-43c5-b6ed-fbdb71063c12","trial-choropleth","20","groundTruth","completed","undefined","undefined","undefined","100.00","Identify which region has a larger population.","undefined","10","undefined","11576","11576","Choropleth"
"e939cf3b-7b97-43c5-b6ed-fbdb71063c12","trial-choropleth","20","windowEvents","undefined","undefined","undefined","undefined","undefined","undefined","undefined","{""focus"":2,""input"":6,""keydown"":6,""keyup"":6,""mousemove"":33,""mousedown"":2,""mouseup"":2,""resize"":0,""scroll"":0,""visibility"":0}","undefined","undefined","undefined","undefined"
"eae6f7e4-9041-4582-a437-46fc3b4bf3bc","participantTags","null","participantTags","undefined","undefined","undefined","undefined","undefined","undefined","undefined","[]","undefined","undefined","undefined","undefined"
"f558e32a-0628-4481-a9a7-8572561f0e1e","participantTags","null","participantTags","undefined","undefined","undefined","undefined","undefined","undefined","undefined","[]","undefined","undefined","undefined","undefined"
"fb4c836f-cfc0-4562-b7ae-b2b5835902f5","participantTags","null","participantTags","undefined","undefined","undefined","undefined","undefined","undefined","undefined","[]","undefined","undefined","undefined","undefined"
"fb4c836f-cfc0-4562-b7ae-b2b5835902f5","introduction","0","","rejected","Rejected by admin","undefined","2026-02-20T00:49:06.958Z","14.29","undefined","undefined","undefined","undefined","3344","3344","undefined"
"fb4c836f-cfc0-4562-b7ae-b2b5835902f5","introduction","0","windowEvents","undefined","undefined","undefined","undefined","undefined","undefined","undefined","{""focus"":0,""input"":0,""keydown"":0,""keyup"":0,""mousemove"":21,""mousedown"":0,""mouseup"":0,""resize"":0,""scroll"":0,""visibility"":0}","undefined","undefined","undefined","undefined"
"fb4c836f-cfc0-4562-b7ae-b2b5835902f5","trial-bubble","1","bubble-response","rejected","Rejected by admin","undefined","2026-02-20T00:49:06.958Z","14.29","Identify which city has a larger population.","How much larger is City A than City B?","1","undefined","21415","21415","Bubble"
"fb4c836f-cfc0-4562-b7ae-b2b5835902f5","trial-bubble","1","groundTruth","rejected","Rejected by admin","undefined","2026-02-20T00:49:06.958Z","14.29","Identify which city has a larger population.","undefined","55","undefined","21415","21415","Bubble"
"fb4c836f-cfc0-4562-b7ae-b2b5835902f5","trial-bubble","1","windowEvents","undefined","undefined","undefined","undefined","undefined","undefined","undefined","{""focus"":2,""input"":18,""keydown"":25,""keyup"":21,""mousemove"":21,""mousedown"":3,""mouseup"":3,""resize"":3,""scroll"":0,""visibility"":0}","undefined","undefined","undefined","undefined"
"fb4c836f-cfc0-4562-b7ae-b2b5835902f5","trial-hexbin","2","hexbin-response","rejected","Rejected by admin","undefined","2026-02-20T00:49:06.958Z","14.29","Identify which region has a larger population.","How much larger is Region A than Region B?","1","undefined","3942","3942","Hexbin"
"fb4c836f-cfc0-4562-b7ae-b2b5835902f5","trial-hexbin","2","groundTruth","rejected","Rejected by admin","undefined","2026-02-20T00:49:06.958Z","14.29","Identify which region has a larger population.","undefined","60","undefined","3942","3942","Hexbin"
"fb4c836f-cfc0-4562-b7ae-b2b5835902f5","trial-hexbin","2","windowEvents","undefined","undefined","undefined","undefined","undefined","undefined","undefined","{""focus"":2,""input"":1,""keydown"":1,""keyup"":1,""mousemove"":20,""mousedown"":3,""mouseup"":3,""resize"":0,""scroll"":0,""visibility"":0}","undefined","undefined","undefined","undefined"
"fb4c836f-cfc0-4562-b7ae-b2b5835902f5","trial-spike","3","","rejected","Rejected by admin","undefined","2026-02-20T00:49:06.958Z","14.29","Identify which city has a larger population.","undefined","undefined","undefined","undefined","undefined","Spike"
"fb4c836f-cfc0-4562-b7ae-b2b5835902f5","trial-spike","3","windowEvents","undefined","undefined","undefined","undefined","undefined","undefined","undefined","{""focus"":0,""input"":0,""keydown"":0,""keyup"":0,""mousemove"":0,""mousedown"":0,""mouseup"":0,""resize"":0,""scroll"":0,""visibility"":0}","undefined","undefined","undefined","undefined"
"fb4c836f-cfc0-4562-b7ae-b2b5835902f5","trial-hexbin","4","","rejected","Rejected by admin","undefined","2026-02-20T00:49:06.958Z","14.29","Identify which region has a larger population.","undefined","undefined","undefined","undefined","undefined","Hexbin"
"fb4c836f-cfc0-4562-b7ae-b2b5835902f5","trial-hexbin","4","windowEvents","undefined","undefined","undefined","undefined","undefined","undefined","undefined","{""focus"":0,""input"":0,""keydown"":0,""keyup"":0,""mousemove"":0,""mousedown"":0,""mouseup"":0,""resize"":0,""scroll"":0,""visibility"":0}","undefined","undefined","undefined","undefined"
"fb4c836f-cfc0-4562-b7ae-b2b5835902f5","trial-bubble","5","","rejected","Rejected by admin","undefined","2026-02-20T00:49:06.958Z","14.29","Identify which city has a larger population.","undefined","undefined","undefined","undefined","undefined","Bubble"
"fb4c836f-cfc0-4562-b7ae-b2b5835902f5","trial-bubble","5","windowEvents","undefined","undefined","undefined","undefined","undefined","undefined","undefined","{""focus"":0,""input"":0,""keydown"":0,""keyup"":0,""mousemove"":0,""mousedown"":0,""mouseup"":0,""resize"":0,""scroll"":0,""visibility"":0}","undefined","undefined","undefined","undefined"
"fb4c836f-cfc0-4562-b7ae-b2b5835902f5","trial-spike","6","","rejected","Rejected by admin","undefined","2026-02-20T00:49:06.958Z","14.29","Identify which city has a larger population.","undefined","undefined","undefined","undefined","undefined","Spike"
"fb4c836f-cfc0-4562-b7ae-b2b5835902f5","trial-spike","6","windowEvents","undefined","undefined","undefined","undefined","undefined","undefined","undefined","{""focus"":0,""input"":0,""keydown"":0,""keyup"":0,""mousemove"":0,""mousedown"":0,""mouseup"":0,""resize"":0,""scroll"":0,""visibility"":0}","undefined","undefined","undefined","undefined"
"fb4c836f-cfc0-4562-b7ae-b2b5835902f5","trial-bubble","7","","rejected","Rejected by admin","undefined","2026-02-20T00:49:06.958Z","14.29","Identify which city has a larger population.","undefined","undefined","undefined","undefined","undefined","Bubble"
"fb4c836f-cfc0-4562-b7ae-b2b5835902f5","trial-bubble","7","windowEvents","undefined","undefined","undefined","undefined","undefined","undefined","undefined","{""focus"":0,""input"":0,""keydown"":0,""keyup"":0,""mousemove"":0,""mousedown"":0,""mouseup"":0,""resize"":0,""scroll"":0,""visibility"":0}","undefined","undefined","undefined","undefined"
"fb4c836f-cfc0-4562-b7ae-b2b5835902f5","trial-spike","8","","rejected","Rejected by admin","undefined","2026-02-20T00:49:06.958Z","14.29","Identify which city has a larger population.","undefined","undefined","undefined","undefined","undefined","Spike"
"fb4c836f-cfc0-4562-b7ae-b2b5835902f5","trial-spike","8","windowEvents","undefined","undefined","undefined","undefined","undefined","undefined","undefined","{""focus"":0,""input"":0,""keydown"":0,""keyup"":0,""mousemove"":0,""mousedown"":0,""mouseup"":0,""resize"":0,""scroll"":0,""visibility"":0}","undefined","undefined","undefined","undefined"
"fb4c836f-cfc0-4562-b7ae-b2b5835902f5","trial-choropleth","9","","rejected","Rejected by admin","undefined","2026-02-20T00:49:06.958Z","14.29","Identify which region has a larger population.","undefined","undefined","undefined","undefined","undefined","Choropleth"
"fb4c836f-cfc0-4562-b7ae-b2b5835902f5","trial-choropleth","9","windowEvents","undefined","undefined","undefined","undefined","undefined","undefined","undefined","{""focus"":0,""input"":0,""keydown"":0,""keyup"":0,""mousemove"":0,""mousedown"":0,""mouseup"":0,""resize"":0,""scroll"":0,""visibility"":0}","undefined","undefined","undefined","undefined"
"fb4c836f-cfc0-4562-b7ae-b2b5835902f5","trial-spike","10","","rejected","Rejected by admin","undefined","2026-02-20T00:49:06.958Z","14.29","Identify which city has a larger population.","undefined","undefined","undefined","undefined","undefined","Spike"
"fb4c836f-cfc0-4562-b7ae-b2b5835902f5","trial-spike","10","windowEvents","undefined","undefined","undefined","undefined","undefined","undefined","undefined","{""focus"":0,""input"":0,""keydown"":0,""keyup"":0,""mousemove"":0,""mousedown"":0,""mouseup"":0,""resize"":0,""scroll"":0,""visibility"":0}","undefined","undefined","undefined","undefined"
"fb4c836f-cfc0-4562-b7ae-b2b5835902f5","trial-choropleth","11","","rejected","Rejected by admin","undefined","2026-02-20T00:49:06.958Z","14.29","Identify which region has a larger population.","undefined","undefined","undefined","undefined","undefined","Choropleth"
"fb4c836f-cfc0-4562-b7ae-b2b5835902f5","trial-choropleth","11","windowEvents","undefined","undefined","undefined","undefined","undefined","undefined","undefined","{""focus"":0,""input"":0,""keydown"":0,""keyup"":0,""mousemove"":0,""mousedown"":0,""mouseup"":0,""resize"":0,""scroll"":0,""visibility"":0}","undefined","undefined","undefined","undefined"
"fb4c836f-cfc0-4562-b7ae-b2b5835902f5","trial-hexbin","12","","rejected","Rejected by admin","undefined","2026-02-20T00:49:06.958Z","14.29","Identify which region has a larger population.","undefined","undefined","undefined","undefined","undefined","Hexbin"
"fb4c836f-cfc0-4562-b7ae-b2b5835902f5","trial-hexbin","12","windowEvents","undefined","undefined","undefined","undefined","undefined","undefined","undefined","{""focus"":0,""input"":0,""keydown"":0,""keyup"":0,""mousemove"":0,""mousedown"":0,""mouseup"":0,""resize"":0,""scroll"":0,""visibility"":0}","undefined","undefined","undefined","undefined"
"fb4c836f-cfc0-4562-b7ae-b2b5835902f5","trial-bubble","13","","rejected","Rejected by admin","undefined","2026-02-20T00:49:06.958Z","14.29","Identify which city has a larger population.","undefined","undefined","undefined","undefined","undefined","Bubble"
"fb4c836f-cfc0-4562-b7ae-b2b5835902f5","trial-bubble","13","windowEvents","undefined","undefined","undefined","undefined","undefined","undefined","undefined","{""focus"":0,""input"":0,""keydown"":0,""keyup"":0,""mousemove"":0,""mousedown"":0,""mouseup"":0,""resize"":0,""scroll"":0,""visibility"":0}","undefined","undefined","undefined","undefined"
"fb4c836f-cfc0-4562-b7ae-b2b5835902f5","trial-choropleth","14","","rejected","Rejected by admin","undefined","2026-02-20T00:49:06.958Z","14.29","Identify which region has a larger population.","undefined","undefined","undefined","undefined","undefined","Choropleth"
"fb4c836f-cfc0-4562-b7ae-b2b5835902f5","trial-choropleth","14","windowEvents","undefined","undefined","undefined","undefined","undefined","undefined","undefined","{""focus"":0,""input"":0,""keydown"":0,""keyup"":0,""mousemove"":0,""mousedown"":0,""mouseup"":0,""resize"":0,""scroll"":0,""visibility"":0}","undefined","undefined","undefined","undefined"
"fb4c836f-cfc0-4562-b7ae-b2b5835902f5","trial-hexbin","15","","rejected","Rejected by admin","undefined","2026-02-20T00:49:06.958Z","14.29","Identify which region has a larger population.","undefined","undefined","undefined","undefined","undefined","Hexbin"
"fb4c836f-cfc0-4562-b7ae-b2b5835902f5","trial-hexbin","15","windowEvents","undefined","undefined","undefined","undefined","undefined","undefined","undefined","{""focus"":0,""input"":0,""keydown"":0,""keyup"":0,""mousemove"":0,""mousedown"":0,""mouseup"":0,""resize"":0,""scroll"":0,""visibility"":0}","undefined","undefined","undefined","undefined"
"fb4c836f-cfc0-4562-b7ae-b2b5835902f5","trial-hexbin","16","","rejected","Rejected by admin","undefined","2026-02-20T00:49:06.958Z","14.29","Identify which region has a larger population.","undefined","undefined","undefined","undefined","undefined","Hexbin"
"fb4c836f-cfc0-4562-b7ae-b2b5835902f5","trial-hexbin","16","windowEvents","undefined","undefined","undefined","undefined","undefined","undefined","undefined","{""focus"":0,""input"":0,""keydown"":0,""keyup"":0,""mousemove"":0,""mousedown"":0,""mouseup"":0,""resize"":0,""scroll"":0,""visibility"":0}","undefined","undefined","undefined","undefined"
"fb4c836f-cfc0-4562-b7ae-b2b5835902f5","trial-bubble","17","","rejected","Rejected by admin","undefined","2026-02-20T00:49:06.958Z","14.29","Identify which city has a larger population.","undefined","undefined","undefined","undefined","undefined","Bubble"
"fb4c836f-cfc0-4562-b7ae-b2b5835902f5","trial-bubble","17","windowEvents","undefined","undefined","undefined","undefined","undefined","undefined","undefined","{""focus"":0,""input"":0,""keydown"":0,""keyup"":0,""mousemove"":0,""mousedown"":0,""mouseup"":0,""resize"":0,""scroll"":0,""visibility"":0}","undefined","undefined","undefined","undefined"
"fb4c836f-cfc0-4562-b7ae-b2b5835902f5","trial-spike","18","","rejected","Rejected by admin","undefined","2026-02-20T00:49:06.958Z","14.29","Identify which city has a larger population.","undefined","undefined","undefined","undefined","undefined","Spike"
"fb4c836f-cfc0-4562-b7ae-b2b5835902f5","trial-spike","18","windowEvents","undefined","undefined","undefined","undefined","undefined","undefined","undefined","{""focus"":0,""input"":0,""keydown"":0,""keyup"":0,""mousemove"":0,""mousedown"":0,""mouseup"":0,""resize"":0,""scroll"":0,""visibility"":0}","undefined","undefined","undefined","undefined"
"fb4c836f-cfc0-4562-b7ae-b2b5835902f5","trial-choropleth","19","","rejected","Rejected by admin","undefined","2026-02-20T00:49:06.958Z","14.29","Identify which region has a larger population.","undefined","undefined","undefined","undefined","undefined","Choropleth"
"fb4c836f-cfc0-4562-b7ae-b2b5835902f5","trial-choropleth","19","windowEvents","undefined","undefined","undefined","undefined","undefined","undefined","undefined","{""focus"":0,""input"":0,""keydown"":0,""keyup"":0,""mousemove"":0,""mousedown"":0,""mouseup"":0,""resize"":0,""scroll"":0,""visibility"":0}","undefined","undefined","undefined","undefined"
"fb4c836f-cfc0-4562-b7ae-b2b5835902f5","trial-choropleth","20","","rejected","Rejected by admin","undefined","2026-02-20T00:49:06.958Z","14.29","Identify which region has a larger population.","undefined","undefined","undefined","undefined","undefined","Choropleth"
"fb4c836f-cfc0-4562-b7ae-b2b5835902f5","trial-choropleth","20","windowEvents","undefined","undefined","undefined","undefined","undefined","undefined","undefined","{""focus"":0,""input"":0,""keydown"":0,""keyup"":0,""mousemove"":0,""mousedown"":0,""mouseup"":0,""resize"":0,""scroll"":0,""visibility"":0}","undefined","undefined","undefined","undefined"